date,month,day_of_week,department,total_beds,occupied,available,reserved,maintenance,occupancy_rate
2025-03-25,3,Tuesday,ICU,20,15,5,1,0,79.1
2025-03-25,3,Tuesday,General,50,38,12,0,0,77.2
2025-03-25,3,Tuesday,Emergency,30,20,10,1,0,69.3
2025-03-25,3,Tuesday,Pediatrics,25,17,8,1,0,69.7
2025-03-25,3,Tuesday,Maternity,20,14,6,0,0,73.8
2025-03-25,3,Tuesday,Surgery,15,11,4,0,0,79.9
2025-03-25,3,Tuesday,Cardiology,20,14,6,1,0,70.5
2025-03-25,3,Tuesday,Orthopedics,20,14,6,0,0,70.1
2025-03-25,3,Tuesday,Neurology,15,10,5,0,0,72.9
2025-03-25,3,Tuesday,Oncology,15,11,4,0,0,79.4
2025-03-26,3,Wednesday,ICU,20,13,7,0,0,67.6
2025-03-26,3,Wednesday,General,50,33,17,0,0,67.6
2025-03-26,3,Wednesday,Emergency,30,21,9,1,0,70.9
2025-03-26,3,Wednesday,Pediatrics,25,17,8,1,0,71.8
2025-03-26,3,Wednesday,Maternity,20,14,6,1,0,74.2
2025-03-26,3,Wednesday,Surgery,15,10,5,1,0,70.9
2025-03-26,3,Wednesday,Cardiology,20,13,7,1,0,69.2
2025-03-26,3,Wednesday,Orthopedics,20,14,6,1,0,70.8
2025-03-26,3,Wednesday,Neurology,15,11,4,1,0,76.8
2025-03-26,3,Wednesday,Oncology,15,10,5,1,0,70.9
2025-03-27,3,Thursday,ICU,20,13,7,0,0,68.3
2025-03-27,3,Thursday,General,50,33,17,1,0,67.5
2025-03-27,3,Thursday,Emergency,30,23,7,1,0,79.7
2025-03-27,3,Thursday,Pediatrics,25,18,7,1,0,72.8
2025-03-27,3,Thursday,Maternity,20,14,6,0,0,72.6
2025-03-27,3,Thursday,Surgery,15,11,4,0,0,79.1
2025-03-27,3,Thursday,Cardiology,20,15,5,1,0,76.2
2025-03-27,3,Thursday,Orthopedics,20,15,5,0,0,76.9
2025-03-27,3,Thursday,Neurology,15,11,4,1,0,77.7
2025-03-27,3,Thursday,Oncology,15,11,4,1,0,75.2
2025-03-28,3,Friday,ICU,20,14,6,1,0,72.3
2025-03-28,3,Friday,General,50,33,17,0,0,67.9
2025-03-28,3,Friday,Emergency,30,21,9,1,0,71.8
2025-03-28,3,Friday,Pediatrics,25,17,8,1,0,70.1
2025-03-28,3,Friday,Maternity,20,14,6,1,0,70.8
2025-03-28,3,Friday,Surgery,15,11,4,1,0,78.1
2025-03-28,3,Friday,Cardiology,20,13,7,0,0,69.8
2025-03-28,3,Friday,Orthopedics,20,15,5,1,0,76.3
2025-03-28,3,Friday,Neurology,15,11,4,0,0,77.7
2025-03-28,3,Friday,Oncology,15,10,5,0,0,72.1
2025-03-29,3,Saturday,ICU,20,13,7,0,0,67.5
2025-03-29,3,Saturday,General,50,39,11,0,0,78.7
2025-03-29,3,Saturday,Emergency,30,23,7,0,0,78.3
2025-03-29,3,Saturday,Pediatrics,25,19,6,0,0,78.0
2025-03-29,3,Saturday,Maternity,20,13,7,1,0,67.7
2025-03-29,3,Saturday,Surgery,15,11,4,1,0,74.8
2025-03-29,3,Saturday,Cardiology,20,13,7,0,0,69.7
2025-03-29,3,Saturday,Orthopedics,20,13,7,0,0,67.3
2025-03-29,3,Saturday,Neurology,15,10,5,0,0,68.4
2025-03-29,3,Saturday,Oncology,15,10,5,1,0,70.6
2025-03-30,3,Sunday,ICU,20,14,6,0,0,74.1
2025-03-30,3,Sunday,General,50,34,16,1,0,68.6
2025-03-30,3,Sunday,Emergency,30,22,8,0,0,76.0
2025-03-30,3,Sunday,Pediatrics,25,17,8,0,0,69.1
2025-03-30,3,Sunday,Maternity,20,13,7,0,0,68.1
2025-03-30,3,Sunday,Surgery,15,11,4,0,0,73.6
2025-03-30,3,Sunday,Cardiology,20,13,7,0,0,68.6
2025-03-30,3,Sunday,Orthopedics,20,15,5,0,0,79.3
2025-03-30,3,Sunday,Neurology,15,11,4,1,0,75.7
2025-03-30,3,Sunday,Oncology,15,10,5,1,0,70.0
2025-03-31,3,Monday,ICU,20,15,5,0,0,78.6
2025-03-31,3,Monday,General,50,36,14,1,0,72.8
2025-03-31,3,Monday,Emergency,30,23,7,0,0,78.1
2025-03-31,3,Monday,Pediatrics,25,17,8,0,0,70.6
2025-03-31,3,Monday,Maternity,20,15,5,0,0,79.3
2025-03-31,3,Monday,Surgery,15,11,4,0,0,76.9
2025-03-31,3,Monday,Cardiology,20,13,7,1,0,69.4
2025-03-31,3,Monday,Orthopedics,20,14,6,0,0,74.6
2025-03-31,3,Monday,Neurology,15,10,5,1,0,68.2
2025-03-31,3,Monday,Oncology,15,11,4,1,0,75.5
2025-04-01,4,Tuesday,ICU,20,15,5,0,0,80.0
2025-04-01,4,Tuesday,General,50,39,11,1,0,79.6
2025-04-01,4,Tuesday,Emergency,30,20,10,1,0,69.2
2025-04-01,4,Tuesday,Pediatrics,25,17,8,0,0,71.8
2025-04-01,4,Tuesday,Maternity,20,15,5,1,0,77.5
2025-04-01,4,Tuesday,Surgery,15,11,4,0,0,76.2
2025-04-01,4,Tuesday,Cardiology,20,15,5,0,0,75.2
2025-04-01,4,Tuesday,Orthopedics,20,14,6,0,0,74.5
2025-04-01,4,Tuesday,Neurology,15,10,5,1,0,68.2
2025-04-01,4,Tuesday,Oncology,15,10,5,0,0,72.1
2025-04-02,4,Wednesday,ICU,20,15,5,0,0,76.7
2025-04-02,4,Wednesday,General,50,37,13,0,0,74.7
2025-04-02,4,Wednesday,Emergency,30,21,9,0,0,70.9
2025-04-02,4,Wednesday,Pediatrics,25,18,7,0,0,74.2
2025-04-02,4,Wednesday,Maternity,20,15,5,0,0,75.5
2025-04-02,4,Wednesday,Surgery,15,10,5,0,0,71.0
2025-04-02,4,Wednesday,Cardiology,20,14,6,1,0,71.8
2025-04-02,4,Wednesday,Orthopedics,20,15,5,0,0,76.0
2025-04-02,4,Wednesday,Neurology,15,11,4,1,0,73.7
2025-04-02,4,Wednesday,Oncology,15,11,4,0,0,76.9
2025-04-03,4,Thursday,ICU,20,13,7,1,0,69.1
2025-04-03,4,Thursday,General,50,34,16,0,0,69.5
2025-04-03,4,Thursday,Emergency,30,21,9,0,0,70.5
2025-04-03,4,Thursday,Pediatrics,25,18,7,1,0,74.3
2025-04-03,4,Thursday,Maternity,20,14,6,0,0,72.6
2025-04-03,4,Thursday,Surgery,15,10,5,1,0,69.0
2025-04-03,4,Thursday,Cardiology,20,14,6,0,0,70.3
2025-04-03,4,Thursday,Orthopedics,20,15,5,1,0,76.2
2025-04-03,4,Thursday,Neurology,15,11,4,1,0,78.8
2025-04-03,4,Thursday,Oncology,15,10,5,1,0,70.0
2025-04-04,4,Friday,ICU,20,14,6,1,0,73.8
2025-04-04,4,Friday,General,50,34,16,0,0,68.9
2025-04-04,4,Friday,Emergency,30,22,8,0,0,76.2
2025-04-04,4,Friday,Pediatrics,25,17,8,1,0,70.2
2025-04-04,4,Friday,Maternity,20,15,5,0,0,78.1
2025-04-04,4,Friday,Surgery,15,11,4,0,0,73.4
2025-04-04,4,Friday,Cardiology,20,15,5,0,0,75.0
2025-04-04,4,Friday,Orthopedics,20,14,6,1,0,70.7
2025-04-04,4,Friday,Neurology,15,11,4,0,0,73.7
2025-04-04,4,Friday,Oncology,15,10,5,1,0,67.2
2025-04-05,4,Saturday,ICU,20,15,5,0,0,76.1
2025-04-05,4,Saturday,General,50,34,16,1,0,68.0
2025-04-05,4,Saturday,Emergency,30,21,9,0,0,70.0
2025-04-05,4,Saturday,Pediatrics,25,17,8,1,0,69.7
2025-04-05,4,Saturday,Maternity,20,15,5,1,0,78.3
2025-04-05,4,Saturday,Surgery,15,11,4,1,0,79.0
2025-04-05,4,Saturday,Cardiology,20,15,5,1,0,75.4
2025-04-05,4,Saturday,Orthopedics,20,13,7,0,0,68.5
2025-04-05,4,Saturday,Neurology,15,11,4,1,0,76.4
2025-04-05,4,Saturday,Oncology,15,10,5,1,0,69.3
2025-04-06,4,Sunday,ICU,20,14,6,0,0,73.7
2025-04-06,4,Sunday,General,50,38,12,1,0,76.4
2025-04-06,4,Sunday,Emergency,30,20,10,1,0,69.0
2025-04-06,4,Sunday,Pediatrics,25,17,8,0,0,70.6
2025-04-06,4,Sunday,Maternity,20,14,6,0,0,71.8
2025-04-06,4,Sunday,Surgery,15,11,4,1,0,73.8
2025-04-06,4,Sunday,Cardiology,20,15,5,1,0,78.3
2025-04-06,4,Sunday,Orthopedics,20,14,6,1,0,70.9
2025-04-06,4,Sunday,Neurology,15,11,4,0,0,79.8
2025-04-06,4,Sunday,Oncology,15,11,4,1,0,77.4
2025-04-07,4,Monday,ICU,20,14,6,0,0,72.6
2025-04-07,4,Monday,General,50,34,16,1,0,69.6
2025-04-07,4,Monday,Emergency,30,20,10,1,0,67.6
2025-04-07,4,Monday,Pediatrics,25,16,9,1,0,67.6
2025-04-07,4,Monday,Maternity,20,14,6,1,0,72.1
2025-04-07,4,Monday,Surgery,15,10,5,1,0,71.4
2025-04-07,4,Monday,Cardiology,20,14,6,1,0,71.9
2025-04-07,4,Monday,Orthopedics,20,14,6,1,0,71.6
2025-04-07,4,Monday,Neurology,15,10,5,0,0,69.2
2025-04-07,4,Monday,Oncology,15,11,4,0,0,75.1
2025-04-08,4,Tuesday,ICU,20,14,6,1,0,72.4
2025-04-08,4,Tuesday,General,50,37,13,0,0,75.4
2025-04-08,4,Tuesday,Emergency,30,21,9,1,0,70.3
2025-04-08,4,Tuesday,Pediatrics,25,17,8,1,0,71.3
2025-04-08,4,Tuesday,Maternity,20,15,5,0,0,78.7
2025-04-08,4,Tuesday,Surgery,15,11,4,0,0,77.5
2025-04-08,4,Tuesday,Cardiology,20,15,5,0,0,78.5
2025-04-08,4,Tuesday,Orthopedics,20,15,5,0,0,79.0
2025-04-08,4,Tuesday,Neurology,15,11,4,0,0,74.3
2025-04-08,4,Tuesday,Oncology,15,11,4,1,0,75.6
2025-04-09,4,Wednesday,ICU,20,14,6,1,0,70.9
2025-04-09,4,Wednesday,General,50,35,15,1,0,70.9
2025-04-09,4,Wednesday,Emergency,30,20,10,0,0,68.6
2025-04-09,4,Wednesday,Pediatrics,25,17,8,1,0,68.9
2025-04-09,4,Wednesday,Maternity,20,14,6,0,0,71.7
2025-04-09,4,Wednesday,Surgery,15,10,5,1,0,71.2
2025-04-09,4,Wednesday,Cardiology,20,15,5,1,0,77.8
2025-04-09,4,Wednesday,Orthopedics,20,15,5,0,0,76.2
2025-04-09,4,Wednesday,Neurology,15,11,4,1,0,76.6
2025-04-09,4,Wednesday,Oncology,15,11,4,1,0,75.0
2025-04-10,4,Thursday,ICU,20,14,6,0,0,73.0
2025-04-10,4,Thursday,General,50,34,16,0,0,69.8
2025-04-10,4,Thursday,Emergency,30,21,9,1,0,70.0
2025-04-10,4,Thursday,Pediatrics,25,18,7,0,0,72.9
2025-04-10,4,Thursday,Maternity,20,15,5,0,0,76.6
2025-04-10,4,Thursday,Surgery,15,10,5,0,0,72.4
2025-04-10,4,Thursday,Cardiology,20,15,5,1,0,77.7
2025-04-10,4,Thursday,Orthopedics,20,15,5,1,0,76.3
2025-04-10,4,Thursday,Neurology,15,11,4,0,0,75.4
2025-04-10,4,Thursday,Oncology,15,10,5,0,0,71.4
2025-04-11,4,Friday,ICU,20,14,6,1,0,72.2
2025-04-11,4,Friday,General,50,36,14,1,0,73.4
2025-04-11,4,Friday,Emergency,30,22,8,1,0,73.4
2025-04-11,4,Friday,Pediatrics,25,18,7,0,0,72.2
2025-04-11,4,Friday,Maternity,20,14,6,0,0,74.3
2025-04-11,4,Friday,Surgery,15,10,5,1,0,69.9
2025-04-11,4,Friday,Cardiology,20,14,6,0,0,72.6
2025-04-11,4,Friday,Orthopedics,20,13,7,0,0,68.6
2025-04-11,4,Friday,Neurology,15,10,5,0,0,69.6
2025-04-11,4,Friday,Oncology,15,11,4,0,0,76.2
2025-04-12,4,Saturday,ICU,20,13,7,0,0,68.5
2025-04-12,4,Saturday,General,50,36,14,0,0,72.3
2025-04-12,4,Saturday,Emergency,30,23,7,0,0,78.4
2025-04-12,4,Saturday,Pediatrics,25,17,8,0,0,71.0
2025-04-12,4,Saturday,Maternity,20,14,6,0,0,72.2
2025-04-12,4,Saturday,Surgery,15,10,5,0,0,70.0
2025-04-12,4,Saturday,Cardiology,20,14,6,1,0,71.8
2025-04-12,4,Saturday,Orthopedics,20,14,6,1,0,73.6
2025-04-12,4,Saturday,Neurology,15,11,4,0,0,77.5
2025-04-12,4,Saturday,Oncology,15,11,4,0,0,73.7
2025-04-13,4,Sunday,ICU,20,14,6,1,0,70.8
2025-04-13,4,Sunday,General,50,36,14,0,0,73.1
2025-04-13,4,Sunday,Emergency,30,20,10,1,0,69.5
2025-04-13,4,Sunday,Pediatrics,25,19,6,1,0,77.4
2025-04-13,4,Sunday,Maternity,20,15,5,1,0,79.8
2025-04-13,4,Sunday,Surgery,15,10,5,1,0,71.0
2025-04-13,4,Sunday,Cardiology,20,14,6,0,0,73.1
2025-04-13,4,Sunday,Orthopedics,20,15,5,0,0,78.4
2025-04-13,4,Sunday,Neurology,15,10,5,1,0,70.5
2025-04-13,4,Sunday,Oncology,15,10,5,0,0,67.6
2025-04-14,4,Monday,ICU,20,15,5,1,0,79.6
2025-04-14,4,Monday,General,50,34,16,0,0,69.1
2025-04-14,4,Monday,Emergency,30,23,7,0,0,76.9
2025-04-14,4,Monday,Pediatrics,25,17,8,1,0,71.0
2025-04-14,4,Monday,Maternity,20,14,6,0,0,71.2
2025-04-14,4,Monday,Surgery,15,10,5,0,0,72.7
2025-04-14,4,Monday,Cardiology,20,15,5,0,0,75.2
2025-04-14,4,Monday,Orthopedics,20,14,6,1,0,71.7
2025-04-14,4,Monday,Neurology,15,10,5,1,0,72.2
2025-04-14,4,Monday,Oncology,15,11,4,1,0,77.3
2025-04-15,4,Tuesday,ICU,20,15,5,0,0,77.3
2025-04-15,4,Tuesday,General,50,35,15,1,0,71.5
2025-04-15,4,Tuesday,Emergency,30,21,9,1,0,72.3
2025-04-15,4,Tuesday,Pediatrics,25,19,6,1,0,77.7
2025-04-15,4,Tuesday,Maternity,20,15,5,1,0,77.9
2025-04-15,4,Tuesday,Surgery,15,11,4,0,0,73.5
2025-04-15,4,Tuesday,Cardiology,20,15,5,0,0,78.0
2025-04-15,4,Tuesday,Orthopedics,20,15,5,0,0,75.1
2025-04-15,4,Tuesday,Neurology,15,11,4,0,0,76.3
2025-04-15,4,Tuesday,Oncology,15,11,4,0,0,77.9
2025-04-16,4,Wednesday,ICU,20,14,6,1,0,70.0
2025-04-16,4,Wednesday,General,50,35,15,0,0,71.0
2025-04-16,4,Wednesday,Emergency,30,20,10,1,0,67.3
2025-04-16,4,Wednesday,Pediatrics,25,17,8,1,0,69.7
2025-04-16,4,Wednesday,Maternity,20,14,6,0,0,71.6
2025-04-16,4,Wednesday,Surgery,15,11,4,1,0,76.5
2025-04-16,4,Wednesday,Cardiology,20,15,5,1,0,78.9
2025-04-16,4,Wednesday,Orthopedics,20,13,7,0,0,68.8
2025-04-16,4,Wednesday,Neurology,15,11,4,0,0,76.5
2025-04-16,4,Wednesday,Oncology,15,10,5,0,0,67.8
2025-04-17,4,Thursday,ICU,20,13,7,0,0,68.2
2025-04-17,4,Thursday,General,50,39,11,1,0,79.7
2025-04-17,4,Thursday,Emergency,30,21,9,1,0,70.4
2025-04-17,4,Thursday,Pediatrics,25,19,6,1,0,77.0
2025-04-17,4,Thursday,Maternity,20,15,5,0,0,76.1
2025-04-17,4,Thursday,Surgery,15,10,5,1,0,70.3
2025-04-17,4,Thursday,Cardiology,20,13,7,1,0,68.5
2025-04-17,4,Thursday,Orthopedics,20,13,7,1,0,68.7
2025-04-17,4,Thursday,Neurology,15,11,4,0,0,77.6
2025-04-17,4,Thursday,Oncology,15,11,4,1,0,77.4
2025-04-18,4,Friday,ICU,20,15,5,0,0,76.9
2025-04-18,4,Friday,General,50,36,14,0,0,73.2
2025-04-18,4,Friday,Emergency,30,20,10,1,0,67.1
2025-04-18,4,Friday,Pediatrics,25,17,8,0,0,69.2
2025-04-18,4,Friday,Maternity,20,14,6,0,0,71.7
2025-04-18,4,Friday,Surgery,15,10,5,0,0,72.8
2025-04-18,4,Friday,Cardiology,20,14,6,1,0,74.6
2025-04-18,4,Friday,Orthopedics,20,14,6,0,0,70.3
2025-04-18,4,Friday,Neurology,15,10,5,0,0,71.6
2025-04-18,4,Friday,Oncology,15,11,4,0,0,78.3
2025-04-19,4,Saturday,ICU,20,13,7,0,0,67.0
2025-04-19,4,Saturday,General,50,33,17,0,0,67.9
2025-04-19,4,Saturday,Emergency,30,23,7,0,0,79.0
2025-04-19,4,Saturday,Pediatrics,25,17,8,0,0,70.6
2025-04-19,4,Saturday,Maternity,20,14,6,0,0,73.4
2025-04-19,4,Saturday,Surgery,15,11,4,1,0,79.7
2025-04-19,4,Saturday,Cardiology,20,15,5,1,0,76.0
2025-04-19,4,Saturday,Orthopedics,20,14,6,0,0,71.0
2025-04-19,4,Saturday,Neurology,15,11,4,0,0,77.1
2025-04-19,4,Saturday,Oncology,15,11,4,1,0,76.6
2025-04-20,4,Sunday,ICU,20,15,5,0,0,79.3
2025-04-20,4,Sunday,General,50,39,11,0,0,78.4
2025-04-20,4,Sunday,Emergency,30,20,10,0,0,69.3
2025-04-20,4,Sunday,Pediatrics,25,19,6,0,0,77.5
2025-04-20,4,Sunday,Maternity,20,14,6,0,0,74.3
2025-04-20,4,Sunday,Surgery,15,10,5,1,0,71.2
2025-04-20,4,Sunday,Cardiology,20,14,6,1,0,70.1
2025-04-20,4,Sunday,Orthopedics,20,13,7,0,0,67.1
2025-04-20,4,Sunday,Neurology,15,10,5,0,0,71.7
2025-04-20,4,Sunday,Oncology,15,10,5,0,0,70.1
2025-04-21,4,Monday,ICU,20,15,5,0,0,79.1
2025-04-21,4,Monday,General,50,33,17,0,0,67.4
2025-04-21,4,Monday,Emergency,30,21,9,1,0,71.5
2025-04-21,4,Monday,Pediatrics,25,19,6,1,0,76.0
2025-04-21,4,Monday,Maternity,20,14,6,1,0,70.7
2025-04-21,4,Monday,Surgery,15,10,5,1,0,69.1
2025-04-21,4,Monday,Cardiology,20,14,6,0,0,72.7
2025-04-21,4,Monday,Orthopedics,20,14,6,1,0,71.4
2025-04-21,4,Monday,Neurology,15,10,5,1,0,67.2
2025-04-21,4,Monday,Oncology,15,10,5,0,0,72.5
2025-04-22,4,Tuesday,ICU,20,13,7,0,0,68.0
2025-04-22,4,Tuesday,General,50,33,17,0,0,67.2
2025-04-22,4,Tuesday,Emergency,30,21,9,0,0,70.7
2025-04-22,4,Tuesday,Pediatrics,25,18,7,0,0,73.1
2025-04-22,4,Tuesday,Maternity,20,15,5,0,0,77.1
2025-04-22,4,Tuesday,Surgery,15,11,4,0,0,77.1
2025-04-22,4,Tuesday,Cardiology,20,15,5,1,0,76.6
2025-04-22,4,Tuesday,Orthopedics,20,15,5,1,0,77.4
2025-04-22,4,Tuesday,Neurology,15,10,5,1,0,69.5
2025-04-22,4,Tuesday,Oncology,15,11,4,1,0,79.4
2025-04-23,4,Wednesday,ICU,20,14,6,1,0,74.1
2025-04-23,4,Wednesday,General,50,37,13,0,0,74.4
2025-04-23,4,Wednesday,Emergency,30,22,8,0,0,76.0
2025-04-23,4,Wednesday,Pediatrics,25,18,7,1,0,75.1
2025-04-23,4,Wednesday,Maternity,20,14,6,0,0,72.8
2025-04-23,4,Wednesday,Surgery,15,10,5,1,0,69.8
2025-04-23,4,Wednesday,Cardiology,20,14,6,0,0,74.1
2025-04-23,4,Wednesday,Orthopedics,20,15,5,0,0,79.3
2025-04-23,4,Wednesday,Neurology,15,11,4,0,0,76.0
2025-04-23,4,Wednesday,Oncology,15,11,4,1,0,75.4
2025-04-24,4,Thursday,ICU,20,15,5,0,0,76.4
2025-04-24,4,Thursday,General,50,34,16,0,0,68.6
2025-04-24,4,Thursday,Emergency,30,20,10,0,0,68.1
2025-04-24,4,Thursday,Pediatrics,25,18,7,0,0,73.1
2025-04-24,4,Thursday,Maternity,20,15,5,0,0,75.1
2025-04-24,4,Thursday,Surgery,15,11,4,1,0,75.4
2025-04-24,4,Thursday,Cardiology,20,15,5,0,0,76.6
2025-04-24,4,Thursday,Orthopedics,20,15,5,0,0,75.0
2025-04-24,4,Thursday,Neurology,15,11,4,1,0,77.1
2025-04-24,4,Thursday,Oncology,15,10,5,0,0,73.2
2025-04-25,4,Friday,ICU,20,15,5,1,0,78.6
2025-04-25,4,Friday,General,50,34,16,1,0,68.2
2025-04-25,4,Friday,Emergency,30,22,8,1,0,73.5
2025-04-25,4,Friday,Pediatrics,25,18,7,1,0,73.2
2025-04-25,4,Friday,Maternity,20,13,7,1,0,69.5
2025-04-25,4,Friday,Surgery,15,10,5,1,0,72.9
2025-04-25,4,Friday,Cardiology,20,15,5,1,0,75.1
2025-04-25,4,Friday,Orthopedics,20,15,5,1,0,78.6
2025-04-25,4,Friday,Neurology,15,11,4,0,0,74.2
2025-04-25,4,Friday,Oncology,15,10,5,0,0,72.7
2025-04-26,4,Saturday,ICU,20,14,6,1,0,71.1
2025-04-26,4,Saturday,General,50,35,15,0,0,71.9
2025-04-26,4,Saturday,Emergency,30,21,9,0,0,71.7
2025-04-26,4,Saturday,Pediatrics,25,19,6,1,0,78.7
2025-04-26,4,Saturday,Maternity,20,15,5,0,0,79.1
2025-04-26,4,Saturday,Surgery,15,11,4,1,0,75.5
2025-04-26,4,Saturday,Cardiology,20,13,7,1,0,67.1
2025-04-26,4,Saturday,Orthopedics,20,13,7,1,0,69.4
2025-04-26,4,Saturday,Neurology,15,11,4,1,0,79.8
2025-04-26,4,Saturday,Oncology,15,10,5,0,0,71.4
2025-04-27,4,Sunday,ICU,20,14,6,0,0,71.1
2025-04-27,4,Sunday,General,50,39,11,1,0,79.3
2025-04-27,4,Sunday,Emergency,30,22,8,0,0,73.8
2025-04-27,4,Sunday,Pediatrics,25,19,6,1,0,77.1
2025-04-27,4,Sunday,Maternity,20,13,7,0,0,67.7
2025-04-27,4,Sunday,Surgery,15,11,4,1,0,78.7
2025-04-27,4,Sunday,Cardiology,20,15,5,0,0,78.6
2025-04-27,4,Sunday,Orthopedics,20,15,5,0,0,77.7
2025-04-27,4,Sunday,Neurology,15,11,4,0,0,73.3
2025-04-27,4,Sunday,Oncology,15,10,5,1,0,67.1
2025-04-28,4,Monday,ICU,20,14,6,1,0,70.7
2025-04-28,4,Monday,General,50,38,12,0,0,76.9
2025-04-28,4,Monday,Emergency,30,22,8,0,0,76.2
2025-04-28,4,Monday,Pediatrics,25,19,6,0,0,78.6
2025-04-28,4,Monday,Maternity,20,14,6,1,0,74.9
2025-04-28,4,Monday,Surgery,15,10,5,0,0,71.7
2025-04-28,4,Monday,Cardiology,20,14,6,1,0,73.3
2025-04-28,4,Monday,Orthopedics,20,14,6,0,0,70.7
2025-04-28,4,Monday,Neurology,15,10,5,1,0,72.8
2025-04-28,4,Monday,Oncology,15,11,4,1,0,74.3
2025-04-29,4,Tuesday,ICU,20,13,7,0,0,68.1
2025-04-29,4,Tuesday,General,50,33,17,0,0,67.7
2025-04-29,4,Tuesday,Emergency,30,21,9,1,0,71.4
2025-04-29,4,Tuesday,Pediatrics,25,18,7,1,0,73.3
2025-04-29,4,Tuesday,Maternity,20,14,6,1,0,72.3
2025-04-29,4,Tuesday,Surgery,15,11,4,1,0,73.5
2025-04-29,4,Tuesday,Cardiology,20,14,6,0,0,70.5
2025-04-29,4,Tuesday,Orthopedics,20,15,5,0,0,78.4
2025-04-29,4,Tuesday,Neurology,15,11,4,1,0,76.1
2025-04-29,4,Tuesday,Oncology,15,11,4,1,0,74.4
2025-04-30,4,Wednesday,ICU,20,13,7,1,0,68.3
2025-04-30,4,Wednesday,General,50,39,11,1,0,79.1
2025-04-30,4,Wednesday,Emergency,30,21,9,1,0,72.3
2025-04-30,4,Wednesday,Pediatrics,25,18,7,0,0,74.9
2025-04-30,4,Wednesday,Maternity,20,15,5,0,0,79.6
2025-04-30,4,Wednesday,Surgery,15,10,5,1,0,70.8
2025-04-30,4,Wednesday,Cardiology,20,13,7,0,0,69.8
2025-04-30,4,Wednesday,Orthopedics,20,13,7,0,0,68.0
2025-04-30,4,Wednesday,Neurology,15,10,5,0,0,71.0
2025-04-30,4,Wednesday,Oncology,15,10,5,0,0,71.1
2025-05-01,5,Thursday,ICU,20,15,5,1,0,76.3
2025-05-01,5,Thursday,General,50,37,13,1,0,75.0
2025-05-01,5,Thursday,Emergency,30,22,8,1,0,75.5
2025-05-01,5,Thursday,Pediatrics,25,18,7,0,0,73.6
2025-05-01,5,Thursday,Maternity,20,14,6,1,0,74.9
2025-05-01,5,Thursday,Surgery,15,11,4,0,0,79.0
2025-05-01,5,Thursday,Cardiology,20,14,6,0,0,73.0
2025-05-01,5,Thursday,Orthopedics,20,15,5,0,0,76.5
2025-05-01,5,Thursday,Neurology,15,11,4,0,0,75.3
2025-05-01,5,Thursday,Oncology,15,11,4,1,0,77.8
2025-05-02,5,Friday,ICU,20,14,6,1,0,70.8
2025-05-02,5,Friday,General,50,34,16,1,0,68.9
2025-05-02,5,Friday,Emergency,30,23,7,1,0,76.8
2025-05-02,5,Friday,Pediatrics,25,19,6,0,0,78.3
2025-05-02,5,Friday,Maternity,20,15,5,1,0,78.7
2025-05-02,5,Friday,Surgery,15,11,4,0,0,78.4
2025-05-02,5,Friday,Cardiology,20,15,5,0,0,77.5
2025-05-02,5,Friday,Orthopedics,20,13,7,0,0,69.0
2025-05-02,5,Friday,Neurology,15,11,4,1,0,77.3
2025-05-02,5,Friday,Oncology,15,10,5,1,0,73.1
2025-05-03,5,Saturday,ICU,20,14,6,1,0,73.1
2025-05-03,5,Saturday,General,50,33,17,1,0,67.9
2025-05-03,5,Saturday,Emergency,30,23,7,0,0,78.3
2025-05-03,5,Saturday,Pediatrics,25,16,9,0,0,67.5
2025-05-03,5,Saturday,Maternity,20,14,6,0,0,74.1
2025-05-03,5,Saturday,Surgery,15,11,4,0,0,74.9
2025-05-03,5,Saturday,Cardiology,20,13,7,0,0,69.6
2025-05-03,5,Saturday,Orthopedics,20,15,5,0,0,79.6
2025-05-03,5,Saturday,Neurology,15,10,5,1,0,72.9
2025-05-03,5,Saturday,Oncology,15,11,4,1,0,76.1
2025-05-04,5,Sunday,ICU,20,14,6,1,0,72.4
2025-05-04,5,Sunday,General,50,37,13,0,0,75.1
2025-05-04,5,Sunday,Emergency,30,22,8,0,0,74.3
2025-05-04,5,Sunday,Pediatrics,25,17,8,0,0,69.7
2025-05-04,5,Sunday,Maternity,20,14,6,0,0,70.9
2025-05-04,5,Sunday,Surgery,15,11,4,0,0,78.3
2025-05-04,5,Sunday,Cardiology,20,14,6,0,0,73.5
2025-05-04,5,Sunday,Orthopedics,20,13,7,1,0,69.0
2025-05-04,5,Sunday,Neurology,15,10,5,1,0,71.8
2025-05-04,5,Sunday,Oncology,15,11,4,1,0,77.6
2025-05-05,5,Monday,ICU,20,15,5,1,0,78.9
2025-05-05,5,Monday,General,50,38,12,0,0,77.6
2025-05-05,5,Monday,Emergency,30,21,9,1,0,72.8
2025-05-05,5,Monday,Pediatrics,25,18,7,0,0,74.3
2025-05-05,5,Monday,Maternity,20,13,7,1,0,69.3
2025-05-05,5,Monday,Surgery,15,10,5,1,0,69.3
2025-05-05,5,Monday,Cardiology,20,14,6,1,0,74.9
2025-05-05,5,Monday,Orthopedics,20,15,5,1,0,79.1
2025-05-05,5,Monday,Neurology,15,11,4,1,0,77.2
2025-05-05,5,Monday,Oncology,15,10,5,0,0,69.4
2025-05-06,5,Tuesday,ICU,20,13,7,0,0,68.3
2025-05-06,5,Tuesday,General,50,36,14,1,0,72.4
2025-05-06,5,Tuesday,Emergency,30,20,10,0,0,67.7
2025-05-06,5,Tuesday,Pediatrics,25,17,8,0,0,69.8
2025-05-06,5,Tuesday,Maternity,20,15,5,0,0,79.5
2025-05-06,5,Tuesday,Surgery,15,10,5,1,0,69.9
2025-05-06,5,Tuesday,Cardiology,20,13,7,0,0,69.6
2025-05-06,5,Tuesday,Orthopedics,20,13,7,0,0,69.8
2025-05-06,5,Tuesday,Neurology,15,11,4,1,0,79.0
2025-05-06,5,Tuesday,Oncology,15,11,4,1,0,75.0
2025-05-07,5,Wednesday,ICU,20,13,7,0,0,69.6
2025-05-07,5,Wednesday,General,50,35,15,0,0,71.1
2025-05-07,5,Wednesday,Emergency,30,20,10,0,0,68.3
2025-05-07,5,Wednesday,Pediatrics,25,18,7,1,0,73.6
2025-05-07,5,Wednesday,Maternity,20,14,6,1,0,73.9
2025-05-07,5,Wednesday,Surgery,15,11,4,1,0,79.3
2025-05-07,5,Wednesday,Cardiology,20,15,5,1,0,79.9
2025-05-07,5,Wednesday,Orthopedics,20,14,6,0,0,70.4
2025-05-07,5,Wednesday,Neurology,15,10,5,0,0,69.8
2025-05-07,5,Wednesday,Oncology,15,11,4,1,0,79.4
2025-05-08,5,Thursday,ICU,20,13,7,1,0,67.7
2025-05-08,5,Thursday,General,50,35,15,0,0,71.4
2025-05-08,5,Thursday,Emergency,30,22,8,0,0,76.2
2025-05-08,5,Thursday,Pediatrics,25,17,8,1,0,71.3
2025-05-08,5,Thursday,Maternity,20,14,6,1,0,72.5
2025-05-08,5,Thursday,Surgery,15,10,5,1,0,68.0
2025-05-08,5,Thursday,Cardiology,20,14,6,0,0,72.0
2025-05-08,5,Thursday,Orthopedics,20,13,7,0,0,67.7
2025-05-08,5,Thursday,Neurology,15,10,5,0,0,69.5
2025-05-08,5,Thursday,Oncology,15,10,5,0,0,68.7
2025-05-09,5,Friday,ICU,20,15,5,0,0,77.9
2025-05-09,5,Friday,General,50,37,13,0,0,76.0
2025-05-09,5,Friday,Emergency,30,22,8,0,0,75.7
2025-05-09,5,Friday,Pediatrics,25,17,8,1,0,68.7
2025-05-09,5,Friday,Maternity,20,13,7,1,0,68.2
2025-05-09,5,Friday,Surgery,15,11,4,0,0,79.0
2025-05-09,5,Friday,Cardiology,20,15,5,1,0,76.1
2025-05-09,5,Friday,Orthopedics,20,15,5,1,0,76.5
2025-05-09,5,Friday,Neurology,15,11,4,1,0,75.9
2025-05-09,5,Friday,Oncology,15,10,5,1,0,69.5
2025-05-10,5,Saturday,ICU,20,15,5,1,0,76.6
2025-05-10,5,Saturday,General,50,34,16,0,0,68.9
2025-05-10,5,Saturday,Emergency,30,20,10,0,0,68.2
2025-05-10,5,Saturday,Pediatrics,25,18,7,1,0,75.9
2025-05-10,5,Saturday,Maternity,20,15,5,0,0,79.5
2025-05-10,5,Saturday,Surgery,15,11,4,1,0,78.8
2025-05-10,5,Saturday,Cardiology,20,15,5,1,0,79.2
2025-05-10,5,Saturday,Orthopedics,20,15,5,1,0,76.6
2025-05-10,5,Saturday,Neurology,15,11,4,0,0,73.5
2025-05-10,5,Saturday,Oncology,15,10,5,1,0,72.4
2025-05-11,5,Sunday,ICU,20,14,6,0,0,71.2
2025-05-11,5,Sunday,General,50,35,15,1,0,70.0
2025-05-11,5,Sunday,Emergency,30,22,8,0,0,73.4
2025-05-11,5,Sunday,Pediatrics,25,17,8,1,0,68.4
2025-05-11,5,Sunday,Maternity,20,15,5,0,0,78.3
2025-05-11,5,Sunday,Surgery,15,11,4,1,0,79.4
2025-05-11,5,Sunday,Cardiology,20,14,6,0,0,71.2
2025-05-11,5,Sunday,Orthopedics,20,14,6,0,0,70.2
2025-05-11,5,Sunday,Neurology,15,10,5,1,0,67.4
2025-05-11,5,Sunday,Oncology,15,11,4,1,0,78.0
2025-05-12,5,Monday,ICU,20,14,6,1,0,70.2
2025-05-12,5,Monday,General,50,38,12,1,0,76.2
2025-05-12,5,Monday,Emergency,30,22,8,0,0,75.3
2025-05-12,5,Monday,Pediatrics,25,19,6,1,0,76.5
2025-05-12,5,Monday,Maternity,20,14,6,0,0,70.7
2025-05-12,5,Monday,Surgery,15,10,5,0,0,70.1
2025-05-12,5,Monday,Cardiology,20,14,6,1,0,73.0
2025-05-12,5,Monday,Orthopedics,20,15,5,1,0,77.6
2025-05-12,5,Monday,Neurology,15,10,5,1,0,69.2
2025-05-12,5,Monday,Oncology,15,10,5,0,0,70.7
2025-05-13,5,Tuesday,ICU,20,14,6,1,0,71.8
2025-05-13,5,Tuesday,General,50,39,11,0,0,78.5
2025-05-13,5,Tuesday,Emergency,30,21,9,1,0,71.8
2025-05-13,5,Tuesday,Pediatrics,25,19,6,0,0,78.1
2025-05-13,5,Tuesday,Maternity,20,13,7,1,0,69.6
2025-05-13,5,Tuesday,Surgery,15,11,4,0,0,78.1
2025-05-13,5,Tuesday,Cardiology,20,15,5,1,0,80.0
2025-05-13,5,Tuesday,Orthopedics,20,15,5,0,0,77.1
2025-05-13,5,Tuesday,Neurology,15,10,5,0,0,70.7
2025-05-13,5,Tuesday,Oncology,15,11,4,0,0,77.2
2025-05-14,5,Wednesday,ICU,20,15,5,0,0,79.6
2025-05-14,5,Wednesday,General,50,38,12,1,0,77.2
2025-05-14,5,Wednesday,Emergency,30,21,9,1,0,71.6
2025-05-14,5,Wednesday,Pediatrics,25,18,7,1,0,72.4
2025-05-14,5,Wednesday,Maternity,20,15,5,1,0,79.7
2025-05-14,5,Wednesday,Surgery,15,10,5,0,0,68.9
2025-05-14,5,Wednesday,Cardiology,20,13,7,0,0,68.2
2025-05-14,5,Wednesday,Orthopedics,20,13,7,0,0,69.6
2025-05-14,5,Wednesday,Neurology,15,11,4,1,0,73.8
2025-05-14,5,Wednesday,Oncology,15,11,4,0,0,76.3
2025-05-15,5,Thursday,ICU,20,13,7,1,0,68.7
2025-05-15,5,Thursday,General,50,38,12,1,0,76.9
2025-05-15,5,Thursday,Emergency,30,23,7,0,0,77.2
2025-05-15,5,Thursday,Pediatrics,25,17,8,1,0,68.6
2025-05-15,5,Thursday,Maternity,20,14,6,1,0,73.3
2025-05-15,5,Thursday,Surgery,15,11,4,0,0,76.6
2025-05-15,5,Thursday,Cardiology,20,15,5,0,0,78.9
2025-05-15,5,Thursday,Orthopedics,20,13,7,1,0,67.3
2025-05-15,5,Thursday,Neurology,15,11,4,0,0,75.2
2025-05-15,5,Thursday,Oncology,15,10,5,1,0,67.5
2025-05-16,5,Friday,ICU,20,13,7,1,0,69.6
2025-05-16,5,Friday,General,50,35,15,1,0,70.5
2025-05-16,5,Friday,Emergency,30,23,7,0,0,79.7
2025-05-16,5,Friday,Pediatrics,25,17,8,0,0,70.9
2025-05-16,5,Friday,Maternity,20,14,6,1,0,71.0
2025-05-16,5,Friday,Surgery,15,10,5,1,0,69.8
2025-05-16,5,Friday,Cardiology,20,14,6,1,0,71.9
2025-05-16,5,Friday,Orthopedics,20,15,5,1,0,79.9
2025-05-16,5,Friday,Neurology,15,11,4,1,0,75.3
2025-05-16,5,Friday,Oncology,15,10,5,0,0,72.0
2025-05-17,5,Saturday,ICU,20,15,5,1,0,76.6
2025-05-17,5,Saturday,General,50,35,15,0,0,71.3
2025-05-17,5,Saturday,Emergency,30,20,10,0,0,67.6
2025-05-17,5,Saturday,Pediatrics,25,19,6,1,0,79.4
2025-05-17,5,Saturday,Maternity,20,13,7,0,0,68.1
2025-05-17,5,Saturday,Surgery,15,11,4,1,0,74.0
2025-05-17,5,Saturday,Cardiology,20,15,5,1,0,79.0
2025-05-17,5,Saturday,Orthopedics,20,15,5,0,0,79.2
2025-05-17,5,Saturday,Neurology,15,10,5,0,0,68.3
2025-05-17,5,Saturday,Oncology,15,10,5,0,0,72.7
2025-05-18,5,Sunday,ICU,20,14,6,0,0,71.2
2025-05-18,5,Sunday,General,50,37,13,0,0,74.9
2025-05-18,5,Sunday,Emergency,30,20,10,1,0,68.9
2025-05-18,5,Sunday,Pediatrics,25,19,6,0,0,79.8
2025-05-18,5,Sunday,Maternity,20,14,6,1,0,73.3
2025-05-18,5,Sunday,Surgery,15,11,4,1,0,78.9
2025-05-18,5,Sunday,Cardiology,20,13,7,0,0,68.4
2025-05-18,5,Sunday,Orthopedics,20,15,5,0,0,76.9
2025-05-18,5,Sunday,Neurology,15,10,5,1,0,72.4
2025-05-18,5,Sunday,Oncology,15,11,4,0,0,75.5
2025-05-19,5,Monday,ICU,20,15,5,0,0,78.0
2025-05-19,5,Monday,General,50,34,16,1,0,69.9
2025-05-19,5,Monday,Emergency,30,23,7,1,0,79.7
2025-05-19,5,Monday,Pediatrics,25,19,6,1,0,78.5
2025-05-19,5,Monday,Maternity,20,13,7,1,0,67.7
2025-05-19,5,Monday,Surgery,15,11,4,0,0,75.9
2025-05-19,5,Monday,Cardiology,20,14,6,1,0,72.2
2025-05-19,5,Monday,Orthopedics,20,13,7,1,0,69.6
2025-05-19,5,Monday,Neurology,15,10,5,0,0,69.3
2025-05-19,5,Monday,Oncology,15,10,5,0,0,70.1
2025-05-20,5,Tuesday,ICU,20,13,7,1,0,69.8
2025-05-20,5,Tuesday,General,50,34,16,1,0,69.0
2025-05-20,5,Tuesday,Emergency,30,22,8,0,0,76.4
2025-05-20,5,Tuesday,Pediatrics,25,18,7,1,0,74.9
2025-05-20,5,Tuesday,Maternity,20,13,7,0,0,67.1
2025-05-20,5,Tuesday,Surgery,15,11,4,1,0,77.3
2025-05-20,5,Tuesday,Cardiology,20,14,6,0,0,73.2
2025-05-20,5,Tuesday,Orthopedics,20,15,5,0,0,79.3
2025-05-20,5,Tuesday,Neurology,15,11,4,1,0,77.1
2025-05-20,5,Tuesday,Oncology,15,11,4,0,0,76.5
2025-05-21,5,Wednesday,ICU,20,15,5,1,0,76.1
2025-05-21,5,Wednesday,General,50,34,16,1,0,69.3
2025-05-21,5,Wednesday,Emergency,30,22,8,1,0,74.9
2025-05-21,5,Wednesday,Pediatrics,25,18,7,1,0,74.2
2025-05-21,5,Wednesday,Maternity,20,15,5,1,0,79.0
2025-05-21,5,Wednesday,Surgery,15,11,4,1,0,74.1
2025-05-21,5,Wednesday,Cardiology,20,15,5,1,0,75.1
2025-05-21,5,Wednesday,Orthopedics,20,15,5,1,0,79.9
2025-05-21,5,Wednesday,Neurology,15,10,5,0,0,67.6
2025-05-21,5,Wednesday,Oncology,15,10,5,1,0,73.2
2025-05-22,5,Thursday,ICU,20,15,5,0,0,79.2
2025-05-22,5,Thursday,General,50,39,11,0,0,79.4
2025-05-22,5,Thursday,Emergency,30,21,9,0,0,71.4
2025-05-22,5,Thursday,Pediatrics,25,17,8,0,0,69.9
2025-05-22,5,Thursday,Maternity,20,15,5,0,0,78.5
2025-05-22,5,Thursday,Surgery,15,10,5,0,0,68.8
2025-05-22,5,Thursday,Cardiology,20,15,5,1,0,79.4
2025-05-22,5,Thursday,Orthopedics,20,15,5,0,0,79.9
2025-05-22,5,Thursday,Neurology,15,11,4,1,0,74.0
2025-05-22,5,Thursday,Oncology,15,11,4,1,0,73.5
2025-05-23,5,Friday,ICU,20,15,5,1,0,77.5
2025-05-23,5,Friday,General,50,36,14,1,0,73.1
2025-05-23,5,Friday,Emergency,30,23,7,0,0,77.0
2025-05-23,5,Friday,Pediatrics,25,17,8,0,0,69.6
2025-05-23,5,Friday,Maternity,20,14,6,0,0,71.2
2025-05-23,5,Friday,Surgery,15,10,5,0,0,71.9
2025-05-23,5,Friday,Cardiology,20,14,6,1,0,72.6
2025-05-23,5,Friday,Orthopedics,20,15,5,1,0,76.1
2025-05-23,5,Friday,Neurology,15,11,4,1,0,78.1
2025-05-23,5,Friday,Oncology,15,11,4,0,0,74.5
2025-05-24,5,Saturday,ICU,20,14,6,0,0,74.8
2025-05-24,5,Saturday,General,50,37,13,1,0,76.0
2025-05-24,5,Saturday,Emergency,30,21,9,1,0,71.9
2025-05-24,5,Saturday,Pediatrics,25,18,7,1,0,74.5
2025-05-24,5,Saturday,Maternity,20,15,5,1,0,75.7
2025-05-24,5,Saturday,Surgery,15,11,4,1,0,76.9
2025-05-24,5,Saturday,Cardiology,20,15,5,0,0,75.4
2025-05-24,5,Saturday,Orthopedics,20,15,5,1,0,77.0
2025-05-24,5,Saturday,Neurology,15,11,4,0,0,79.2
2025-05-24,5,Saturday,Oncology,15,11,4,0,0,78.9
2025-05-25,5,Sunday,ICU,20,15,5,0,0,75.8
2025-05-25,5,Sunday,General,50,36,14,1,0,72.2
2025-05-25,5,Sunday,Emergency,30,20,10,1,0,67.9
2025-05-25,5,Sunday,Pediatrics,25,19,6,0,0,77.3
2025-05-25,5,Sunday,Maternity,20,13,7,1,0,69.4
2025-05-25,5,Sunday,Surgery,15,11,4,0,0,78.4
2025-05-25,5,Sunday,Cardiology,20,14,6,1,0,73.5
2025-05-25,5,Sunday,Orthopedics,20,15,5,0,0,78.9
2025-05-25,5,Sunday,Neurology,15,10,5,1,0,68.1
2025-05-25,5,Sunday,Oncology,15,11,4,0,0,73.8
2025-05-26,5,Monday,ICU,20,13,7,1,0,69.1
2025-05-26,5,Monday,General,50,35,15,1,0,70.6
2025-05-26,5,Monday,Emergency,30,22,8,0,0,75.2
2025-05-26,5,Monday,Pediatrics,25,17,8,0,0,68.7
2025-05-26,5,Monday,Maternity,20,15,5,1,0,75.3
2025-05-26,5,Monday,Surgery,15,11,4,1,0,77.3
2025-05-26,5,Monday,Cardiology,20,14,6,0,0,74.5
2025-05-26,5,Monday,Orthopedics,20,15,5,1,0,75.1
2025-05-26,5,Monday,Neurology,15,11,4,1,0,73.5
2025-05-26,5,Monday,Oncology,15,10,5,1,0,68.2
2025-05-27,5,Tuesday,ICU,20,13,7,1,0,67.3
2025-05-27,5,Tuesday,General,50,37,13,1,0,74.0
2025-05-27,5,Tuesday,Emergency,30,22,8,1,0,74.2
2025-05-27,5,Tuesday,Pediatrics,25,17,8,0,0,68.4
2025-05-27,5,Tuesday,Maternity,20,14,6,0,0,71.9
2025-05-27,5,Tuesday,Surgery,15,11,4,1,0,74.8
2025-05-27,5,Tuesday,Cardiology,20,15,5,0,0,77.5
2025-05-27,5,Tuesday,Orthopedics,20,14,6,0,0,71.1
2025-05-27,5,Tuesday,Neurology,15,11,4,0,0,79.5
2025-05-27,5,Tuesday,Oncology,15,11,4,1,0,76.9
2025-05-28,5,Wednesday,ICU,20,14,6,0,0,74.9
2025-05-28,5,Wednesday,General,50,39,11,0,0,79.8
2025-05-28,5,Wednesday,Emergency,30,23,7,1,0,77.6
2025-05-28,5,Wednesday,Pediatrics,25,18,7,1,0,75.7
2025-05-28,5,Wednesday,Maternity,20,14,6,1,0,70.3
2025-05-28,5,Wednesday,Surgery,15,11,4,0,0,75.4
2025-05-28,5,Wednesday,Cardiology,20,15,5,0,0,79.9
2025-05-28,5,Wednesday,Orthopedics,20,13,7,0,0,69.1
2025-05-28,5,Wednesday,Neurology,15,10,5,1,0,71.0
2025-05-28,5,Wednesday,Oncology,15,10,5,1,0,72.8
2025-05-29,5,Thursday,ICU,20,13,7,1,0,68.8
2025-05-29,5,Thursday,General,50,35,15,1,0,71.1
2025-05-29,5,Thursday,Emergency,30,21,9,1,0,72.5
2025-05-29,5,Thursday,Pediatrics,25,17,8,1,0,69.6
2025-05-29,5,Thursday,Maternity,20,15,5,1,0,79.9
2025-05-29,5,Thursday,Surgery,15,11,4,1,0,76.4
2025-05-29,5,Thursday,Cardiology,20,15,5,1,0,75.4
2025-05-29,5,Thursday,Orthopedics,20,15,5,0,0,76.2
2025-05-29,5,Thursday,Neurology,15,10,5,0,0,70.3
2025-05-29,5,Thursday,Oncology,15,11,4,0,0,78.8
2025-05-30,5,Friday,ICU,20,15,5,0,0,78.7
2025-05-30,5,Friday,General,50,36,14,0,0,73.7
2025-05-30,5,Friday,Emergency,30,20,10,1,0,69.5
2025-05-30,5,Friday,Pediatrics,25,19,6,1,0,79.2
2025-05-30,5,Friday,Maternity,20,14,6,0,0,73.0
2025-05-30,5,Friday,Surgery,15,10,5,1,0,68.2
2025-05-30,5,Friday,Cardiology,20,14,6,0,0,72.6
2025-05-30,5,Friday,Orthopedics,20,14,6,1,0,72.9
2025-05-30,5,Friday,Neurology,15,11,4,1,0,78.7
2025-05-30,5,Friday,Oncology,15,10,5,0,0,72.6
2025-05-31,5,Saturday,ICU,20,14,6,1,0,72.5
2025-05-31,5,Saturday,General,50,35,15,1,0,71.3
2025-05-31,5,Saturday,Emergency,30,23,7,1,0,78.2
2025-05-31,5,Saturday,Pediatrics,25,19,6,0,0,78.5
2025-05-31,5,Saturday,Maternity,20,14,6,1,0,73.6
2025-05-31,5,Saturday,Surgery,15,11,4,0,0,74.9
2025-05-31,5,Saturday,Cardiology,20,15,5,0,0,76.7
2025-05-31,5,Saturday,Orthopedics,20,15,5,0,0,79.1
2025-05-31,5,Saturday,Neurology,15,10,5,0,0,72.2
2025-05-31,5,Saturday,Oncology,15,11,4,0,0,75.8
2025-06-01,6,Sunday,ICU,20,11,9,0,0,58.5
2025-06-01,6,Sunday,General,50,32,18,1,0,64.9
2025-06-01,6,Sunday,Emergency,30,18,12,0,0,62.8
2025-06-01,6,Sunday,Pediatrics,25,16,9,0,0,65.2
2025-06-01,6,Sunday,Maternity,20,12,8,1,0,63.8
2025-06-01,6,Sunday,Surgery,15,8,7,0,0,56.3
2025-06-01,6,Sunday,Cardiology,20,13,7,1,0,68.0
2025-06-01,6,Sunday,Orthopedics,20,13,7,1,0,65.8
2025-06-01,6,Sunday,Neurology,15,9,6,0,0,62.3
2025-06-01,6,Sunday,Oncology,15,9,6,1,0,64.4
2025-06-02,6,Monday,ICU,20,13,7,1,0,66.6
2025-06-02,6,Monday,General,50,30,20,1,0,60.1
2025-06-02,6,Monday,Emergency,30,19,11,1,0,63.9
2025-06-02,6,Monday,Pediatrics,25,16,9,1,0,66.4
2025-06-02,6,Monday,Maternity,20,11,9,0,0,58.9
2025-06-02,6,Monday,Surgery,15,9,6,1,0,61.4
2025-06-02,6,Monday,Cardiology,20,11,9,0,0,57.9
2025-06-02,6,Monday,Orthopedics,20,12,8,0,0,63.5
2025-06-02,6,Monday,Neurology,15,9,6,1,0,65.1
2025-06-02,6,Monday,Oncology,15,8,7,0,0,59.8
2025-06-03,6,Tuesday,ICU,20,12,8,1,0,62.4
2025-06-03,6,Tuesday,General,50,29,21,1,0,59.2
2025-06-03,6,Tuesday,Emergency,30,18,12,0,0,63.1
2025-06-03,6,Tuesday,Pediatrics,25,15,10,1,0,64.0
2025-06-03,6,Tuesday,Maternity,20,12,8,0,0,63.6
2025-06-03,6,Tuesday,Surgery,15,9,6,0,0,61.8
2025-06-03,6,Tuesday,Cardiology,20,12,8,0,0,60.6
2025-06-03,6,Tuesday,Orthopedics,20,11,9,0,0,59.9
2025-06-03,6,Tuesday,Neurology,15,9,6,1,0,61.8
2025-06-03,6,Tuesday,Oncology,15,10,5,0,0,67.6
2025-06-04,6,Wednesday,ICU,20,12,8,1,0,64.9
2025-06-04,6,Wednesday,General,50,34,16,0,0,68.1
2025-06-04,6,Wednesday,Emergency,30,19,11,1,0,65.7
2025-06-04,6,Wednesday,Pediatrics,25,16,9,0,0,65.0
2025-06-04,6,Wednesday,Maternity,20,12,8,0,0,61.3
2025-06-04,6,Wednesday,Surgery,15,10,5,1,0,67.9
2025-06-04,6,Wednesday,Cardiology,20,13,7,0,0,68.9
2025-06-04,6,Wednesday,Orthopedics,20,12,8,1,0,60.5
2025-06-04,6,Wednesday,Neurology,15,9,6,1,0,60.3
2025-06-04,6,Wednesday,Oncology,15,9,6,0,0,64.8
2025-06-05,6,Thursday,ICU,20,11,9,0,0,57.3
2025-06-05,6,Thursday,General,50,34,16,0,0,69.0
2025-06-05,6,Thursday,Emergency,30,18,12,1,0,62.1
2025-06-05,6,Thursday,Pediatrics,25,14,11,0,0,59.7
2025-06-05,6,Thursday,Maternity,20,12,8,0,0,61.2
2025-06-05,6,Thursday,Surgery,15,9,6,0,0,60.3
2025-06-05,6,Thursday,Cardiology,20,11,9,0,0,58.3
2025-06-05,6,Thursday,Orthopedics,20,11,9,1,0,57.9
2025-06-05,6,Thursday,Neurology,15,8,7,1,0,58.6
2025-06-05,6,Thursday,Oncology,15,9,6,1,0,62.5
2025-06-06,6,Friday,ICU,20,12,8,1,0,61.8
2025-06-06,6,Friday,General,50,28,22,0,0,57.5
2025-06-06,6,Friday,Emergency,30,20,10,0,0,66.7
2025-06-06,6,Friday,Pediatrics,25,16,9,0,0,64.2
2025-06-06,6,Friday,Maternity,20,11,9,1,0,56.7
2025-06-06,6,Friday,Surgery,15,8,7,0,0,57.0
2025-06-06,6,Friday,Cardiology,20,12,8,0,0,63.6
2025-06-06,6,Friday,Orthopedics,20,11,9,1,0,59.3
2025-06-06,6,Friday,Neurology,15,9,6,0,0,60.2
2025-06-06,6,Friday,Oncology,15,10,5,1,0,68.6
2025-06-07,6,Saturday,ICU,20,12,8,0,0,64.2
2025-06-07,6,Saturday,General,50,32,18,1,0,65.7
2025-06-07,6,Saturday,Emergency,30,18,12,1,0,61.8
2025-06-07,6,Saturday,Pediatrics,25,14,11,1,0,56.7
2025-06-07,6,Saturday,Maternity,20,12,8,1,0,62.5
2025-06-07,6,Saturday,Surgery,15,9,6,1,0,62.4
2025-06-07,6,Saturday,Cardiology,20,13,7,1,0,65.2
2025-06-07,6,Saturday,Orthopedics,20,13,7,1,0,67.4
2025-06-07,6,Saturday,Neurology,15,9,6,0,0,66.5
2025-06-07,6,Saturday,Oncology,15,8,7,0,0,56.6
2025-06-08,6,Sunday,ICU,20,12,8,1,0,64.5
2025-06-08,6,Sunday,General,50,30,20,1,0,61.0
2025-06-08,6,Sunday,Emergency,30,17,13,1,0,57.7
2025-06-08,6,Sunday,Pediatrics,25,14,11,1,0,59.6
2025-06-08,6,Sunday,Maternity,20,11,9,0,0,59.0
2025-06-08,6,Sunday,Surgery,15,10,5,1,0,68.8
2025-06-08,6,Sunday,Cardiology,20,11,9,1,0,57.8
2025-06-08,6,Sunday,Orthopedics,20,12,8,1,0,62.1
2025-06-08,6,Sunday,Neurology,15,8,7,0,0,56.6
2025-06-08,6,Sunday,Oncology,15,10,5,0,0,68.7
2025-06-09,6,Monday,ICU,20,13,7,1,0,66.5
2025-06-09,6,Monday,General,50,29,21,0,0,59.1
2025-06-09,6,Monday,Emergency,30,20,10,0,0,69.1
2025-06-09,6,Monday,Pediatrics,25,16,9,0,0,65.0
2025-06-09,6,Monday,Maternity,20,12,8,1,0,60.2
2025-06-09,6,Monday,Surgery,15,9,6,0,0,66.4
2025-06-09,6,Monday,Cardiology,20,13,7,1,0,68.6
2025-06-09,6,Monday,Orthopedics,20,12,8,1,0,61.6
2025-06-09,6,Monday,Neurology,15,10,5,0,0,69.1
2025-06-09,6,Monday,Oncology,15,8,7,0,0,58.2
2025-06-10,6,Tuesday,ICU,20,12,8,0,0,62.2
2025-06-10,6,Tuesday,General,50,28,22,0,0,57.9
2025-06-10,6,Tuesday,Emergency,30,17,13,0,0,58.3
2025-06-10,6,Tuesday,Pediatrics,25,15,10,0,0,63.3
2025-06-10,6,Tuesday,Maternity,20,12,8,1,0,64.3
2025-06-10,6,Tuesday,Surgery,15,9,6,0,0,60.3
2025-06-10,6,Tuesday,Cardiology,20,12,8,1,0,60.6
2025-06-10,6,Tuesday,Orthopedics,20,13,7,1,0,68.0
2025-06-10,6,Tuesday,Neurology,15,10,5,1,0,67.7
2025-06-10,6,Tuesday,Oncology,15,10,5,1,0,69.0
2025-06-11,6,Wednesday,ICU,20,13,7,0,0,67.4
2025-06-11,6,Wednesday,General,50,29,21,1,0,59.7
2025-06-11,6,Wednesday,Emergency,30,18,12,1,0,60.9
2025-06-11,6,Wednesday,Pediatrics,25,15,10,1,0,61.7
2025-06-11,6,Wednesday,Maternity,20,12,8,1,0,63.5
2025-06-11,6,Wednesday,Surgery,15,8,7,1,0,60.0
2025-06-11,6,Wednesday,Cardiology,20,13,7,0,0,67.6
2025-06-11,6,Wednesday,Orthopedics,20,11,9,1,0,58.7
2025-06-11,6,Wednesday,Neurology,15,8,7,1,0,59.7
2025-06-11,6,Wednesday,Oncology,15,10,5,0,0,69.1
2025-06-12,6,Thursday,ICU,20,13,7,0,0,68.6
2025-06-12,6,Thursday,General,50,32,18,0,0,65.2
2025-06-12,6,Thursday,Emergency,30,20,10,1,0,67.9
2025-06-12,6,Thursday,Pediatrics,25,17,8,0,0,68.4
2025-06-12,6,Thursday,Maternity,20,11,9,1,0,59.8
2025-06-12,6,Thursday,Surgery,15,9,6,0,0,61.4
2025-06-12,6,Thursday,Cardiology,20,13,7,1,0,67.0
2025-06-12,6,Thursday,Orthopedics,20,13,7,0,0,65.3
2025-06-12,6,Thursday,Neurology,15,9,6,0,0,60.8
2025-06-12,6,Thursday,Oncology,15,9,6,0,0,64.6
2025-06-13,6,Friday,ICU,20,12,8,1,0,63.1
2025-06-13,6,Friday,General,50,31,19,1,0,62.1
2025-06-13,6,Friday,Emergency,30,19,11,0,0,64.1
2025-06-13,6,Friday,Pediatrics,25,16,9,0,0,68.0
2025-06-13,6,Friday,Maternity,20,11,9,1,0,57.9
2025-06-13,6,Friday,Surgery,15,9,6,0,0,65.3
2025-06-13,6,Friday,Cardiology,20,12,8,1,0,62.1
2025-06-13,6,Friday,Orthopedics,20,13,7,0,0,65.6
2025-06-13,6,Friday,Neurology,15,8,7,1,0,57.9
2025-06-13,6,Friday,Oncology,15,8,7,1,0,56.8
2025-06-14,6,Saturday,ICU,20,12,8,0,0,61.7
2025-06-14,6,Saturday,General,50,29,21,0,0,59.6
2025-06-14,6,Saturday,Emergency,30,19,11,0,0,65.5
2025-06-14,6,Saturday,Pediatrics,25,17,8,0,0,68.8
2025-06-14,6,Saturday,Maternity,20,12,8,1,0,61.2
2025-06-14,6,Saturday,Surgery,15,9,6,0,0,64.2
2025-06-14,6,Saturday,Cardiology,20,13,7,0,0,67.2
2025-06-14,6,Saturday,Orthopedics,20,13,7,0,0,65.3
2025-06-14,6,Saturday,Neurology,15,9,6,0,0,64.4
2025-06-14,6,Saturday,Oncology,15,9,6,1,0,65.6
2025-06-15,6,Sunday,ICU,20,13,7,0,0,66.1
2025-06-15,6,Sunday,General,50,32,18,0,0,65.1
2025-06-15,6,Sunday,Emergency,30,17,13,0,0,57.3
2025-06-15,6,Sunday,Pediatrics,25,17,8,0,0,68.8
2025-06-15,6,Sunday,Maternity,20,13,7,0,0,68.0
2025-06-15,6,Sunday,Surgery,15,8,7,0,0,57.6
2025-06-15,6,Sunday,Cardiology,20,11,9,0,0,56.8
2025-06-15,6,Sunday,Orthopedics,20,12,8,1,0,63.5
2025-06-15,6,Sunday,Neurology,15,10,5,0,0,68.9
2025-06-15,6,Sunday,Oncology,15,9,6,0,0,60.2
2025-06-16,6,Monday,ICU,20,11,9,1,0,59.3
2025-06-16,6,Monday,General,50,31,19,1,0,63.0
2025-06-16,6,Monday,Emergency,30,17,13,0,0,58.6
2025-06-16,6,Monday,Pediatrics,25,15,10,0,0,61.4
2025-06-16,6,Monday,Maternity,20,11,9,0,0,59.3
2025-06-16,6,Monday,Surgery,15,10,5,0,0,68.4
2025-06-16,6,Monday,Cardiology,20,13,7,0,0,68.4
2025-06-16,6,Monday,Orthopedics,20,12,8,1,0,60.2
2025-06-16,6,Monday,Neurology,15,10,5,0,0,67.2
2025-06-16,6,Monday,Oncology,15,9,6,0,0,61.7
2025-06-17,6,Tuesday,ICU,20,12,8,1,0,60.6
2025-06-17,6,Tuesday,General,50,30,20,0,0,61.1
2025-06-17,6,Tuesday,Emergency,30,20,10,1,0,69.0
2025-06-17,6,Tuesday,Pediatrics,25,16,9,0,0,67.1
2025-06-17,6,Tuesday,Maternity,20,11,9,0,0,58.3
2025-06-17,6,Tuesday,Surgery,15,9,6,1,0,63.9
2025-06-17,6,Tuesday,Cardiology,20,13,7,0,0,65.7
2025-06-17,6,Tuesday,Orthopedics,20,12,8,1,0,60.5
2025-06-17,6,Tuesday,Neurology,15,9,6,0,0,63.6
2025-06-17,6,Tuesday,Oncology,15,10,5,1,0,67.1
2025-06-18,6,Wednesday,ICU,20,12,8,0,0,63.9
2025-06-18,6,Wednesday,General,50,32,18,1,0,64.8
2025-06-18,6,Wednesday,Emergency,30,18,12,1,0,60.8
2025-06-18,6,Wednesday,Pediatrics,25,15,10,1,0,62.2
2025-06-18,6,Wednesday,Maternity,20,12,8,0,0,63.5
2025-06-18,6,Wednesday,Surgery,15,9,6,0,0,60.5
2025-06-18,6,Wednesday,Cardiology,20,12,8,1,0,60.1
2025-06-18,6,Wednesday,Orthopedics,20,13,7,1,0,67.5
2025-06-18,6,Wednesday,Neurology,15,9,6,0,0,64.3
2025-06-18,6,Wednesday,Oncology,15,9,6,1,0,60.5
2025-06-19,6,Thursday,ICU,20,13,7,0,0,66.5
2025-06-19,6,Thursday,General,50,30,20,0,0,60.7
2025-06-19,6,Thursday,Emergency,30,18,12,1,0,61.5
2025-06-19,6,Thursday,Pediatrics,25,16,9,0,0,67.1
2025-06-19,6,Thursday,Maternity,20,13,7,0,0,67.8
2025-06-19,6,Thursday,Surgery,15,9,6,0,0,65.0
2025-06-19,6,Thursday,Cardiology,20,12,8,1,0,60.9
2025-06-19,6,Thursday,Orthopedics,20,12,8,0,0,64.0
2025-06-19,6,Thursday,Neurology,15,9,6,1,0,66.2
2025-06-19,6,Thursday,Oncology,15,9,6,0,0,65.6
2025-06-20,6,Friday,ICU,20,11,9,0,0,57.7
2025-06-20,6,Friday,General,50,28,22,1,0,56.8
2025-06-20,6,Friday,Emergency,30,18,12,1,0,63.3
2025-06-20,6,Friday,Pediatrics,25,14,11,0,0,58.9
2025-06-20,6,Friday,Maternity,20,12,8,1,0,61.3
2025-06-20,6,Friday,Surgery,15,8,7,1,0,59.7
2025-06-20,6,Friday,Cardiology,20,12,8,0,0,64.6
2025-06-20,6,Friday,Orthopedics,20,11,9,1,0,57.0
2025-06-20,6,Friday,Neurology,15,10,5,1,0,66.9
2025-06-20,6,Friday,Oncology,15,8,7,0,0,59.3
2025-06-21,6,Saturday,ICU,20,11,9,1,0,59.4
2025-06-21,6,Saturday,General,50,32,18,0,0,65.8
2025-06-21,6,Saturday,Emergency,30,19,11,1,0,65.5
2025-06-21,6,Saturday,Pediatrics,25,14,11,1,0,59.5
2025-06-21,6,Saturday,Maternity,20,11,9,0,0,59.3
2025-06-21,6,Saturday,Surgery,15,9,6,0,0,64.1
2025-06-21,6,Saturday,Cardiology,20,12,8,0,0,63.9
2025-06-21,6,Saturday,Orthopedics,20,12,8,0,0,62.9
2025-06-21,6,Saturday,Neurology,15,8,7,1,0,59.3
2025-06-21,6,Saturday,Oncology,15,9,6,1,0,62.2
2025-06-22,6,Sunday,ICU,20,13,7,0,0,68.8
2025-06-22,6,Sunday,General,50,33,17,1,0,66.5
2025-06-22,6,Sunday,Emergency,30,17,13,1,0,58.4
2025-06-22,6,Sunday,Pediatrics,25,14,11,1,0,57.2
2025-06-22,6,Sunday,Maternity,20,13,7,1,0,68.6
2025-06-22,6,Sunday,Surgery,15,8,7,1,0,58.8
2025-06-22,6,Sunday,Cardiology,20,11,9,1,0,56.5
2025-06-22,6,Sunday,Orthopedics,20,12,8,1,0,60.1
2025-06-22,6,Sunday,Neurology,15,9,6,0,0,66.6
2025-06-22,6,Sunday,Oncology,15,9,6,0,0,65.1
2025-06-23,6,Monday,ICU,20,11,9,1,0,57.4
2025-06-23,6,Monday,General,50,28,22,1,0,57.1
2025-06-23,6,Monday,Emergency,30,20,10,0,0,68.4
2025-06-23,6,Monday,Pediatrics,25,14,11,0,0,57.0
2025-06-23,6,Monday,Maternity,20,11,9,0,0,58.9
2025-06-23,6,Monday,Surgery,15,9,6,1,0,63.9
2025-06-23,6,Monday,Cardiology,20,12,8,0,0,61.7
2025-06-23,6,Monday,Orthopedics,20,11,9,0,0,56.9
2025-06-23,6,Monday,Neurology,15,9,6,1,0,62.5
2025-06-23,6,Monday,Oncology,15,10,5,1,0,68.6
2025-06-24,6,Tuesday,ICU,20,11,9,1,0,58.0
2025-06-24,6,Tuesday,General,50,29,21,0,0,59.8
2025-06-24,6,Tuesday,Emergency,30,18,12,0,0,62.6
2025-06-24,6,Tuesday,Pediatrics,25,15,10,1,0,63.3
2025-06-24,6,Tuesday,Maternity,20,13,7,0,0,67.4
2025-06-24,6,Tuesday,Surgery,15,10,5,1,0,67.3
2025-06-24,6,Tuesday,Cardiology,20,12,8,1,0,61.6
2025-06-24,6,Tuesday,Orthopedics,20,12,8,0,0,64.3
2025-06-24,6,Tuesday,Neurology,15,9,6,0,0,65.1
2025-06-24,6,Tuesday,Oncology,15,8,7,1,0,57.7
2025-06-25,6,Wednesday,ICU,20,13,7,1,0,67.9
2025-06-25,6,Wednesday,General,50,30,20,0,0,60.7
2025-06-25,6,Wednesday,Emergency,30,17,13,0,0,57.4
2025-06-25,6,Wednesday,Pediatrics,25,14,11,0,0,57.2
2025-06-25,6,Wednesday,Maternity,20,12,8,0,0,60.8
2025-06-25,6,Wednesday,Surgery,15,9,6,1,0,62.8
2025-06-25,6,Wednesday,Cardiology,20,13,7,1,0,67.0
2025-06-25,6,Wednesday,Orthopedics,20,12,8,0,0,64.9
2025-06-25,6,Wednesday,Neurology,15,9,6,1,0,64.5
2025-06-25,6,Wednesday,Oncology,15,9,6,1,0,60.2
2025-06-26,6,Thursday,ICU,20,13,7,0,0,66.1
2025-06-26,6,Thursday,General,50,30,20,1,0,60.5
2025-06-26,6,Thursday,Emergency,30,17,13,1,0,58.5
2025-06-26,6,Thursday,Pediatrics,25,15,10,1,0,62.8
2025-06-26,6,Thursday,Maternity,20,12,8,0,0,64.4
2025-06-26,6,Thursday,Surgery,15,10,5,0,0,68.9
2025-06-26,6,Thursday,Cardiology,20,11,9,1,0,59.2
2025-06-26,6,Thursday,Orthopedics,20,12,8,0,0,63.6
2025-06-26,6,Thursday,Neurology,15,9,6,1,0,60.1
2025-06-26,6,Thursday,Oncology,15,10,5,1,0,67.7
2025-06-27,6,Friday,ICU,20,12,8,0,0,61.2
2025-06-27,6,Friday,General,50,29,21,1,0,59.1
2025-06-27,6,Friday,Emergency,30,18,12,0,0,62.1
2025-06-27,6,Friday,Pediatrics,25,16,9,0,0,64.5
2025-06-27,6,Friday,Maternity,20,11,9,1,0,56.9
2025-06-27,6,Friday,Surgery,15,9,6,1,0,65.4
2025-06-27,6,Friday,Cardiology,20,12,8,1,0,62.1
2025-06-27,6,Friday,Orthopedics,20,12,8,1,0,62.5
2025-06-27,6,Friday,Neurology,15,9,6,0,0,66.6
2025-06-27,6,Friday,Oncology,15,9,6,0,0,64.2
2025-06-28,6,Saturday,ICU,20,12,8,1,0,65.0
2025-06-28,6,Saturday,General,50,34,16,1,0,69.2
2025-06-28,6,Saturday,Emergency,30,17,13,1,0,57.5
2025-06-28,6,Saturday,Pediatrics,25,16,9,0,0,65.5
2025-06-28,6,Saturday,Maternity,20,11,9,0,0,56.4
2025-06-28,6,Saturday,Surgery,15,10,5,1,0,67.6
2025-06-28,6,Saturday,Cardiology,20,11,9,0,0,57.5
2025-06-28,6,Saturday,Orthopedics,20,12,8,1,0,62.4
2025-06-28,6,Saturday,Neurology,15,8,7,0,0,58.2
2025-06-28,6,Saturday,Oncology,15,9,6,1,0,64.7
2025-06-29,6,Sunday,ICU,20,13,7,0,0,67.7
2025-06-29,6,Sunday,General,50,34,16,1,0,68.5
2025-06-29,6,Sunday,Emergency,30,19,11,1,0,63.8
2025-06-29,6,Sunday,Pediatrics,25,17,8,1,0,68.3
2025-06-29,6,Sunday,Maternity,20,13,7,1,0,68.2
2025-06-29,6,Sunday,Surgery,15,10,5,0,0,69.1
2025-06-29,6,Sunday,Cardiology,20,11,9,0,0,57.3
2025-06-29,6,Sunday,Orthopedics,20,12,8,0,0,62.5
2025-06-29,6,Sunday,Neurology,15,9,6,1,0,60.5
2025-06-29,6,Sunday,Oncology,15,9,6,0,0,61.8
2025-06-30,6,Monday,ICU,20,12,8,0,0,62.3
2025-06-30,6,Monday,General,50,31,19,0,0,62.1
2025-06-30,6,Monday,Emergency,30,18,12,1,0,61.6
2025-06-30,6,Monday,Pediatrics,25,15,10,0,0,62.9
2025-06-30,6,Monday,Maternity,20,12,8,0,0,61.9
2025-06-30,6,Monday,Surgery,15,9,6,1,0,61.5
2025-06-30,6,Monday,Cardiology,20,12,8,1,0,63.7
2025-06-30,6,Monday,Orthopedics,20,12,8,1,0,61.3
2025-06-30,6,Monday,Neurology,15,8,7,0,0,57.3
2025-06-30,6,Monday,Oncology,15,10,5,1,0,68.0
2025-07-01,7,Tuesday,ICU,20,13,7,1,0,68.7
2025-07-01,7,Tuesday,General,50,31,19,0,0,62.5
2025-07-01,7,Tuesday,Emergency,30,19,11,1,0,64.7
2025-07-01,7,Tuesday,Pediatrics,25,16,9,0,0,67.7
2025-07-01,7,Tuesday,Maternity,20,12,8,0,0,61.5
2025-07-01,7,Tuesday,Surgery,15,8,7,1,0,57.7
2025-07-01,7,Tuesday,Cardiology,20,11,9,1,0,57.8
2025-07-01,7,Tuesday,Orthopedics,20,12,8,1,0,63.8
2025-07-01,7,Tuesday,Neurology,15,9,6,0,0,60.0
2025-07-01,7,Tuesday,Oncology,15,9,6,0,0,61.6
2025-07-02,7,Wednesday,ICU,20,13,7,0,0,67.0
2025-07-02,7,Wednesday,General,50,32,18,1,0,65.6
2025-07-02,7,Wednesday,Emergency,30,17,13,1,0,57.8
2025-07-02,7,Wednesday,Pediatrics,25,14,11,1,0,59.8
2025-07-02,7,Wednesday,Maternity,20,12,8,0,0,61.1
2025-07-02,7,Wednesday,Surgery,15,8,7,0,0,57.0
2025-07-02,7,Wednesday,Cardiology,20,12,8,1,0,64.3
2025-07-02,7,Wednesday,Orthopedics,20,12,8,0,0,63.8
2025-07-02,7,Wednesday,Neurology,15,9,6,0,0,62.2
2025-07-02,7,Wednesday,Oncology,15,9,6,0,0,66.3
2025-07-03,7,Thursday,ICU,20,13,7,1,0,69.0
2025-07-03,7,Thursday,General,50,29,21,1,0,59.8
2025-07-03,7,Thursday,Emergency,30,17,13,0,0,58.4
2025-07-03,7,Thursday,Pediatrics,25,15,10,1,0,60.0
2025-07-03,7,Thursday,Maternity,20,11,9,1,0,58.3
2025-07-03,7,Thursday,Surgery,15,9,6,0,0,66.3
2025-07-03,7,Thursday,Cardiology,20,13,7,1,0,66.7
2025-07-03,7,Thursday,Orthopedics,20,12,8,1,0,60.1
2025-07-03,7,Thursday,Neurology,15,8,7,0,0,58.2
2025-07-03,7,Thursday,Oncology,15,9,6,1,0,61.8
2025-07-04,7,Friday,ICU,20,11,9,1,0,58.0
2025-07-04,7,Friday,General,50,32,18,1,0,65.9
2025-07-04,7,Friday,Emergency,30,19,11,1,0,65.9
2025-07-04,7,Friday,Pediatrics,25,14,11,1,0,58.8
2025-07-04,7,Friday,Maternity,20,11,9,1,0,57.1
2025-07-04,7,Friday,Surgery,15,9,6,1,0,65.5
2025-07-04,7,Friday,Cardiology,20,11,9,1,0,56.6
2025-07-04,7,Friday,Orthopedics,20,13,7,1,0,69.1
2025-07-04,7,Friday,Neurology,15,9,6,0,0,64.0
2025-07-04,7,Friday,Oncology,15,8,7,0,0,57.9
2025-07-05,7,Saturday,ICU,20,13,7,0,0,68.2
2025-07-05,7,Saturday,General,50,28,22,1,0,56.3
2025-07-05,7,Saturday,Emergency,30,17,13,1,0,58.2
2025-07-05,7,Saturday,Pediatrics,25,15,10,1,0,61.9
2025-07-05,7,Saturday,Maternity,20,13,7,0,0,68.7
2025-07-05,7,Saturday,Surgery,15,10,5,1,0,68.2
2025-07-05,7,Saturday,Cardiology,20,11,9,1,0,57.1
2025-07-05,7,Saturday,Orthopedics,20,11,9,0,0,57.1
2025-07-05,7,Saturday,Neurology,15,9,6,1,0,65.3
2025-07-05,7,Saturday,Oncology,15,9,6,1,0,66.4
2025-07-06,7,Sunday,ICU,20,12,8,0,0,63.2
2025-07-06,7,Sunday,General,50,33,17,0,0,67.7
2025-07-06,7,Sunday,Emergency,30,18,12,0,0,62.1
2025-07-06,7,Sunday,Pediatrics,25,16,9,1,0,65.4
2025-07-06,7,Sunday,Maternity,20,12,8,1,0,60.5
2025-07-06,7,Sunday,Surgery,15,9,6,1,0,63.6
2025-07-06,7,Sunday,Cardiology,20,12,8,1,0,63.9
2025-07-06,7,Sunday,Orthopedics,20,12,8,0,0,64.1
2025-07-06,7,Sunday,Neurology,15,8,7,0,0,59.5
2025-07-06,7,Sunday,Oncology,15,8,7,0,0,58.0
2025-07-07,7,Monday,ICU,20,12,8,0,0,61.9
2025-07-07,7,Monday,General,50,33,17,1,0,67.8
2025-07-07,7,Monday,Emergency,30,18,12,1,0,61.2
2025-07-07,7,Monday,Pediatrics,25,16,9,1,0,67.0
2025-07-07,7,Monday,Maternity,20,11,9,1,0,58.6
2025-07-07,7,Monday,Surgery,15,9,6,0,0,64.2
2025-07-07,7,Monday,Cardiology,20,11,9,0,0,59.3
2025-07-07,7,Monday,Orthopedics,20,12,8,0,0,60.3
2025-07-07,7,Monday,Neurology,15,9,6,1,0,63.8
2025-07-07,7,Monday,Oncology,15,9,6,0,0,60.6
2025-07-08,7,Tuesday,ICU,20,11,9,0,0,56.9
2025-07-08,7,Tuesday,General,50,28,22,1,0,56.6
2025-07-08,7,Tuesday,Emergency,30,20,10,1,0,68.7
2025-07-08,7,Tuesday,Pediatrics,25,15,10,0,0,61.4
2025-07-08,7,Tuesday,Maternity,20,13,7,0,0,65.2
2025-07-08,7,Tuesday,Surgery,15,9,6,0,0,66.0
2025-07-08,7,Tuesday,Cardiology,20,12,8,1,0,61.9
2025-07-08,7,Tuesday,Orthopedics,20,11,9,0,0,58.9
2025-07-08,7,Tuesday,Neurology,15,9,6,0,0,65.2
2025-07-08,7,Tuesday,Oncology,15,8,7,0,0,56.6
2025-07-09,7,Wednesday,ICU,20,13,7,1,0,66.8
2025-07-09,7,Wednesday,General,50,30,20,1,0,60.8
2025-07-09,7,Wednesday,Emergency,30,20,10,1,0,69.0
2025-07-09,7,Wednesday,Pediatrics,25,17,8,1,0,68.9
2025-07-09,7,Wednesday,Maternity,20,12,8,0,0,63.5
2025-07-09,7,Wednesday,Surgery,15,10,5,0,0,68.6
2025-07-09,7,Wednesday,Cardiology,20,12,8,0,0,60.5
2025-07-09,7,Wednesday,Orthopedics,20,12,8,0,0,60.4
2025-07-09,7,Wednesday,Neurology,15,9,6,1,0,64.3
2025-07-09,7,Wednesday,Oncology,15,8,7,1,0,60.0
2025-07-10,7,Thursday,ICU,20,12,8,0,0,60.1
2025-07-10,7,Thursday,General,50,33,17,0,0,66.1
2025-07-10,7,Thursday,Emergency,30,20,10,1,0,67.8
2025-07-10,7,Thursday,Pediatrics,25,15,10,1,0,62.2
2025-07-10,7,Thursday,Maternity,20,12,8,0,0,63.6
2025-07-10,7,Thursday,Surgery,15,10,5,1,0,68.8
2025-07-10,7,Thursday,Cardiology,20,13,7,0,0,68.8
2025-07-10,7,Thursday,Orthopedics,20,11,9,1,0,57.3
2025-07-10,7,Thursday,Neurology,15,9,6,0,0,63.0
2025-07-10,7,Thursday,Oncology,15,9,6,0,0,63.5
2025-07-11,7,Friday,ICU,20,11,9,1,0,57.1
2025-07-11,7,Friday,General,50,32,18,0,0,64.7
2025-07-11,7,Friday,Emergency,30,17,13,0,0,59.9
2025-07-11,7,Friday,Pediatrics,25,14,11,1,0,56.7
2025-07-11,7,Friday,Maternity,20,13,7,0,0,67.1
2025-07-11,7,Friday,Surgery,15,8,7,1,0,59.1
2025-07-11,7,Friday,Cardiology,20,13,7,0,0,67.5
2025-07-11,7,Friday,Orthopedics,20,12,8,1,0,61.8
2025-07-11,7,Friday,Neurology,15,9,6,1,0,61.8
2025-07-11,7,Friday,Oncology,15,9,6,1,0,63.4
2025-07-12,7,Saturday,ICU,20,11,9,1,0,59.2
2025-07-12,7,Saturday,General,50,31,19,1,0,63.8
2025-07-12,7,Saturday,Emergency,30,19,11,1,0,63.4
2025-07-12,7,Saturday,Pediatrics,25,15,10,0,0,60.8
2025-07-12,7,Saturday,Maternity,20,11,9,1,0,57.4
2025-07-12,7,Saturday,Surgery,15,10,5,1,0,67.6
2025-07-12,7,Saturday,Cardiology,20,13,7,1,0,67.7
2025-07-12,7,Saturday,Orthopedics,20,12,8,1,0,63.8
2025-07-12,7,Saturday,Neurology,15,10,5,0,0,68.8
2025-07-12,7,Saturday,Oncology,15,9,6,0,0,60.8
2025-07-13,7,Sunday,ICU,20,13,7,0,0,66.9
2025-07-13,7,Sunday,General,50,28,22,1,0,57.2
2025-07-13,7,Sunday,Emergency,30,19,11,0,0,64.1
2025-07-13,7,Sunday,Pediatrics,25,14,11,0,0,59.5
2025-07-13,7,Sunday,Maternity,20,13,7,0,0,68.9
2025-07-13,7,Sunday,Surgery,15,10,5,1,0,68.7
2025-07-13,7,Sunday,Cardiology,20,13,7,0,0,67.9
2025-07-13,7,Sunday,Orthopedics,20,13,7,1,0,65.6
2025-07-13,7,Sunday,Neurology,15,10,5,1,0,67.5
2025-07-13,7,Sunday,Oncology,15,9,6,0,0,63.7
2025-07-14,7,Monday,ICU,20,12,8,0,0,62.2
2025-07-14,7,Monday,General,50,32,18,0,0,64.9
2025-07-14,7,Monday,Emergency,30,18,12,1,0,61.9
2025-07-14,7,Monday,Pediatrics,25,15,10,1,0,61.7
2025-07-14,7,Monday,Maternity,20,12,8,1,0,62.5
2025-07-14,7,Monday,Surgery,15,8,7,0,0,57.8
2025-07-14,7,Monday,Cardiology,20,13,7,1,0,65.5
2025-07-14,7,Monday,Orthopedics,20,11,9,1,0,56.9
2025-07-14,7,Monday,Neurology,15,8,7,1,0,57.8
2025-07-14,7,Monday,Oncology,15,9,6,1,0,62.9
2025-07-15,7,Tuesday,ICU,20,11,9,1,0,56.3
2025-07-15,7,Tuesday,General,50,33,17,0,0,66.3
2025-07-15,7,Tuesday,Emergency,30,19,11,0,0,65.4
2025-07-15,7,Tuesday,Pediatrics,25,14,11,1,0,58.6
2025-07-15,7,Tuesday,Maternity,20,12,8,0,0,60.2
2025-07-15,7,Tuesday,Surgery,15,9,6,0,0,60.5
2025-07-15,7,Tuesday,Cardiology,20,11,9,0,0,56.4
2025-07-15,7,Tuesday,Orthopedics,20,13,7,0,0,67.4
2025-07-15,7,Tuesday,Neurology,15,8,7,1,0,58.4
2025-07-15,7,Tuesday,Oncology,15,9,6,1,0,62.6
2025-07-16,7,Wednesday,ICU,20,13,7,0,0,66.8
2025-07-16,7,Wednesday,General,50,34,16,1,0,68.0
2025-07-16,7,Wednesday,Emergency,30,20,10,1,0,67.8
2025-07-16,7,Wednesday,Pediatrics,25,17,8,1,0,68.5
2025-07-16,7,Wednesday,Maternity,20,12,8,1,0,63.4
2025-07-16,7,Wednesday,Surgery,15,8,7,1,0,59.7
2025-07-16,7,Wednesday,Cardiology,20,13,7,0,0,68.9
2025-07-16,7,Wednesday,Orthopedics,20,11,9,0,0,56.4
2025-07-16,7,Wednesday,Neurology,15,8,7,1,0,57.4
2025-07-16,7,Wednesday,Oncology,15,9,6,1,0,64.2
2025-07-17,7,Thursday,ICU,20,12,8,1,0,63.2
2025-07-17,7,Thursday,General,50,29,21,1,0,58.7
2025-07-17,7,Thursday,Emergency,30,18,12,1,0,63.2
2025-07-17,7,Thursday,Pediatrics,25,14,11,0,0,57.4
2025-07-17,7,Thursday,Maternity,20,13,7,0,0,69.1
2025-07-17,7,Thursday,Surgery,15,8,7,1,0,56.6
2025-07-17,7,Thursday,Cardiology,20,11,9,0,0,59.8
2025-07-17,7,Thursday,Orthopedics,20,13,7,1,0,66.0
2025-07-17,7,Thursday,Neurology,15,8,7,1,0,56.3
2025-07-17,7,Thursday,Oncology,15,9,6,0,0,66.0
2025-07-18,7,Friday,ICU,20,11,9,1,0,56.5
2025-07-18,7,Friday,General,50,29,21,0,0,59.8
2025-07-18,7,Friday,Emergency,30,17,13,0,0,59.3
2025-07-18,7,Friday,Pediatrics,25,14,11,1,0,56.9
2025-07-18,7,Friday,Maternity,20,13,7,0,0,67.9
2025-07-18,7,Friday,Surgery,15,9,6,1,0,64.4
2025-07-18,7,Friday,Cardiology,20,13,7,1,0,67.6
2025-07-18,7,Friday,Orthopedics,20,11,9,0,0,59.0
2025-07-18,7,Friday,Neurology,15,9,6,1,0,64.2
2025-07-18,7,Friday,Oncology,15,10,5,1,0,68.3
2025-07-19,7,Saturday,ICU,20,11,9,1,0,59.8
2025-07-19,7,Saturday,General,50,28,22,1,0,57.8
2025-07-19,7,Saturday,Emergency,30,20,10,0,0,66.9
2025-07-19,7,Saturday,Pediatrics,25,15,10,0,0,61.7
2025-07-19,7,Saturday,Maternity,20,11,9,0,0,59.2
2025-07-19,7,Saturday,Surgery,15,8,7,0,0,57.1
2025-07-19,7,Saturday,Cardiology,20,11,9,1,0,57.9
2025-07-19,7,Saturday,Orthopedics,20,13,7,1,0,67.7
2025-07-19,7,Saturday,Neurology,15,8,7,0,0,58.4
2025-07-19,7,Saturday,Oncology,15,8,7,1,0,56.6
2025-07-20,7,Sunday,ICU,20,13,7,0,0,68.7
2025-07-20,7,Sunday,General,50,31,19,0,0,62.7
2025-07-20,7,Sunday,Emergency,30,18,12,0,0,62.3
2025-07-20,7,Sunday,Pediatrics,25,14,11,0,0,56.5
2025-07-20,7,Sunday,Maternity,20,11,9,0,0,58.3
2025-07-20,7,Sunday,Surgery,15,10,5,1,0,69.1
2025-07-20,7,Sunday,Cardiology,20,13,7,0,0,67.6
2025-07-20,7,Sunday,Orthopedics,20,12,8,0,0,64.1
2025-07-20,7,Sunday,Neurology,15,10,5,0,0,68.3
2025-07-20,7,Sunday,Oncology,15,10,5,1,0,68.6
2025-07-21,7,Monday,ICU,20,13,7,0,0,65.1
2025-07-21,7,Monday,General,50,33,17,1,0,66.1
2025-07-21,7,Monday,Emergency,30,19,11,0,0,66.1
2025-07-21,7,Monday,Pediatrics,25,15,10,1,0,60.8
2025-07-21,7,Monday,Maternity,20,12,8,0,0,63.0
2025-07-21,7,Monday,Surgery,15,9,6,1,0,64.1
2025-07-21,7,Monday,Cardiology,20,12,8,0,0,62.9
2025-07-21,7,Monday,Orthopedics,20,13,7,1,0,68.9
2025-07-21,7,Monday,Neurology,15,10,5,1,0,68.9
2025-07-21,7,Monday,Oncology,15,8,7,1,0,57.2
2025-07-22,7,Tuesday,ICU,20,13,7,1,0,65.1
2025-07-22,7,Tuesday,General,50,32,18,1,0,65.0
2025-07-22,7,Tuesday,Emergency,30,17,13,1,0,58.1
2025-07-22,7,Tuesday,Pediatrics,25,15,10,0,0,60.4
2025-07-22,7,Tuesday,Maternity,20,12,8,0,0,61.7
2025-07-22,7,Tuesday,Surgery,15,9,6,1,0,60.5
2025-07-22,7,Tuesday,Cardiology,20,13,7,0,0,67.3
2025-07-22,7,Tuesday,Orthopedics,20,11,9,0,0,58.1
2025-07-22,7,Tuesday,Neurology,15,9,6,0,0,63.3
2025-07-22,7,Tuesday,Oncology,15,8,7,0,0,59.8
2025-07-23,7,Wednesday,ICU,20,11,9,1,0,58.8
2025-07-23,7,Wednesday,General,50,33,17,0,0,66.3
2025-07-23,7,Wednesday,Emergency,30,20,10,1,0,69.1
2025-07-23,7,Wednesday,Pediatrics,25,16,9,0,0,66.9
2025-07-23,7,Wednesday,Maternity,20,12,8,0,0,62.9
2025-07-23,7,Wednesday,Surgery,15,10,5,1,0,69.2
2025-07-23,7,Wednesday,Cardiology,20,11,9,1,0,58.8
2025-07-23,7,Wednesday,Orthopedics,20,12,8,0,0,65.0
2025-07-23,7,Wednesday,Neurology,15,10,5,1,0,69.0
2025-07-23,7,Wednesday,Oncology,15,9,6,1,0,62.8
2025-07-24,7,Thursday,ICU,20,11,9,1,0,59.8
2025-07-24,7,Thursday,General,50,32,18,1,0,65.5
2025-07-24,7,Thursday,Emergency,30,17,13,1,0,58.1
2025-07-24,7,Thursday,Pediatrics,25,15,10,0,0,62.7
2025-07-24,7,Thursday,Maternity,20,11,9,0,0,57.9
2025-07-24,7,Thursday,Surgery,15,10,5,1,0,67.5
2025-07-24,7,Thursday,Cardiology,20,11,9,0,0,57.3
2025-07-24,7,Thursday,Orthopedics,20,13,7,1,0,69.2
2025-07-24,7,Thursday,Neurology,15,9,6,1,0,61.3
2025-07-24,7,Thursday,Oncology,15,9,6,0,0,61.4
2025-07-25,7,Friday,ICU,20,12,8,1,0,62.0
2025-07-25,7,Friday,General,50,33,17,1,0,66.3
2025-07-25,7,Friday,Emergency,30,19,11,1,0,65.2
2025-07-25,7,Friday,Pediatrics,25,15,10,1,0,63.6
2025-07-25,7,Friday,Maternity,20,11,9,0,0,57.8
2025-07-25,7,Friday,Surgery,15,8,7,0,0,57.4
2025-07-25,7,Friday,Cardiology,20,13,7,0,0,67.1
2025-07-25,7,Friday,Orthopedics,20,13,7,1,0,67.6
2025-07-25,7,Friday,Neurology,15,10,5,1,0,67.4
2025-07-25,7,Friday,Oncology,15,8,7,1,0,58.7
2025-07-26,7,Saturday,ICU,20,12,8,0,0,62.6
2025-07-26,7,Saturday,General,50,32,18,0,0,65.1
2025-07-26,7,Saturday,Emergency,30,20,10,0,0,66.7
2025-07-26,7,Saturday,Pediatrics,25,15,10,1,0,61.9
2025-07-26,7,Saturday,Maternity,20,13,7,1,0,65.5
2025-07-26,7,Saturday,Surgery,15,10,5,1,0,67.4
2025-07-26,7,Saturday,Cardiology,20,12,8,1,0,62.5
2025-07-26,7,Saturday,Orthopedics,20,13,7,0,0,69.2
2025-07-26,7,Saturday,Neurology,15,10,5,1,0,68.6
2025-07-26,7,Saturday,Oncology,15,8,7,0,0,59.6
2025-07-27,7,Sunday,ICU,20,12,8,1,0,62.5
2025-07-27,7,Sunday,General,50,33,17,1,0,67.9
2025-07-27,7,Sunday,Emergency,30,20,10,1,0,68.0
2025-07-27,7,Sunday,Pediatrics,25,14,11,1,0,57.1
2025-07-27,7,Sunday,Maternity,20,11,9,1,0,58.2
2025-07-27,7,Sunday,Surgery,15,10,5,1,0,69.0
2025-07-27,7,Sunday,Cardiology,20,12,8,1,0,64.4
2025-07-27,7,Sunday,Orthopedics,20,13,7,1,0,65.3
2025-07-27,7,Sunday,Neurology,15,10,5,1,0,68.9
2025-07-27,7,Sunday,Oncology,15,8,7,1,0,59.8
2025-07-28,7,Monday,ICU,20,13,7,0,0,68.0
2025-07-28,7,Monday,General,50,29,21,0,0,59.1
2025-07-28,7,Monday,Emergency,30,17,13,0,0,58.2
2025-07-28,7,Monday,Pediatrics,25,15,10,0,0,61.5
2025-07-28,7,Monday,Maternity,20,12,8,0,0,63.3
2025-07-28,7,Monday,Surgery,15,10,5,1,0,67.6
2025-07-28,7,Monday,Cardiology,20,11,9,0,0,59.7
2025-07-28,7,Monday,Orthopedics,20,13,7,0,0,67.8
2025-07-28,7,Monday,Neurology,15,10,5,0,0,68.6
2025-07-28,7,Monday,Oncology,15,10,5,0,0,67.7
2025-07-29,7,Tuesday,ICU,20,13,7,0,0,67.9
2025-07-29,7,Tuesday,General,50,29,21,1,0,59.3
2025-07-29,7,Tuesday,Emergency,30,20,10,0,0,66.9
2025-07-29,7,Tuesday,Pediatrics,25,17,8,0,0,68.3
2025-07-29,7,Tuesday,Maternity,20,13,7,0,0,67.4
2025-07-29,7,Tuesday,Surgery,15,10,5,0,0,66.9
2025-07-29,7,Tuesday,Cardiology,20,11,9,1,0,56.8
2025-07-29,7,Tuesday,Orthopedics,20,11,9,0,0,58.6
2025-07-29,7,Tuesday,Neurology,15,8,7,1,0,59.4
2025-07-29,7,Tuesday,Oncology,15,10,5,0,0,68.9
2025-07-30,7,Wednesday,ICU,20,12,8,0,0,60.6
2025-07-30,7,Wednesday,General,50,30,20,1,0,60.1
2025-07-30,7,Wednesday,Emergency,30,17,13,0,0,59.1
2025-07-30,7,Wednesday,Pediatrics,25,16,9,0,0,66.9
2025-07-30,7,Wednesday,Maternity,20,11,9,1,0,59.9
2025-07-30,7,Wednesday,Surgery,15,10,5,1,0,68.4
2025-07-30,7,Wednesday,Cardiology,20,12,8,1,0,62.3
2025-07-30,7,Wednesday,Orthopedics,20,11,9,0,0,57.6
2025-07-30,7,Wednesday,Neurology,15,9,6,0,0,66.3
2025-07-30,7,Wednesday,Oncology,15,9,6,0,0,63.8
2025-07-31,7,Thursday,ICU,20,12,8,1,0,60.5
2025-07-31,7,Thursday,General,50,31,19,0,0,63.7
2025-07-31,7,Thursday,Emergency,30,18,12,0,0,62.8
2025-07-31,7,Thursday,Pediatrics,25,16,9,0,0,64.4
2025-07-31,7,Thursday,Maternity,20,12,8,0,0,64.2
2025-07-31,7,Thursday,Surgery,15,9,6,1,0,64.7
2025-07-31,7,Thursday,Cardiology,20,12,8,1,0,63.6
2025-07-31,7,Thursday,Orthopedics,20,12,8,1,0,62.4
2025-07-31,7,Thursday,Neurology,15,9,6,0,0,65.1
2025-07-31,7,Thursday,Oncology,15,10,5,0,0,67.1
2025-08-01,8,Friday,ICU,20,13,7,1,0,68.7
2025-08-01,8,Friday,General,50,31,19,0,0,63.8
2025-08-01,8,Friday,Emergency,30,17,13,1,0,56.8
2025-08-01,8,Friday,Pediatrics,25,16,9,0,0,66.7
2025-08-01,8,Friday,Maternity,20,13,7,1,0,65.6
2025-08-01,8,Friday,Surgery,15,9,6,1,0,65.7
2025-08-01,8,Friday,Cardiology,20,11,9,1,0,58.4
2025-08-01,8,Friday,Orthopedics,20,11,9,0,0,58.2
2025-08-01,8,Friday,Neurology,15,8,7,0,0,59.4
2025-08-01,8,Friday,Oncology,15,10,5,0,0,66.9
2025-08-02,8,Saturday,ICU,20,11,9,1,0,56.8
2025-08-02,8,Saturday,General,50,29,21,1,0,58.3
2025-08-02,8,Saturday,Emergency,30,17,13,1,0,59.3
2025-08-02,8,Saturday,Pediatrics,25,16,9,1,0,67.4
2025-08-02,8,Saturday,Maternity,20,13,7,1,0,68.0
2025-08-02,8,Saturday,Surgery,15,8,7,1,0,57.2
2025-08-02,8,Saturday,Cardiology,20,12,8,0,0,62.6
2025-08-02,8,Saturday,Orthopedics,20,12,8,1,0,63.2
2025-08-02,8,Saturday,Neurology,15,9,6,1,0,60.7
2025-08-02,8,Saturday,Oncology,15,8,7,1,0,57.9
2025-08-03,8,Sunday,ICU,20,11,9,0,0,58.8
2025-08-03,8,Sunday,General,50,30,20,0,0,61.1
2025-08-03,8,Sunday,Emergency,30,17,13,1,0,58.3
2025-08-03,8,Sunday,Pediatrics,25,14,11,1,0,57.7
2025-08-03,8,Sunday,Maternity,20,13,7,0,0,68.1
2025-08-03,8,Sunday,Surgery,15,9,6,1,0,62.7
2025-08-03,8,Sunday,Cardiology,20,11,9,0,0,56.9
2025-08-03,8,Sunday,Orthopedics,20,11,9,1,0,57.0
2025-08-03,8,Sunday,Neurology,15,9,6,1,0,61.5
2025-08-03,8,Sunday,Oncology,15,9,6,0,0,63.1
2025-08-04,8,Monday,ICU,20,12,8,1,0,62.9
2025-08-04,8,Monday,General,50,32,18,1,0,65.7
2025-08-04,8,Monday,Emergency,30,19,11,1,0,66.5
2025-08-04,8,Monday,Pediatrics,25,15,10,1,0,60.1
2025-08-04,8,Monday,Maternity,20,11,9,1,0,58.3
2025-08-04,8,Monday,Surgery,15,9,6,1,0,63.6
2025-08-04,8,Monday,Cardiology,20,12,8,1,0,60.7
2025-08-04,8,Monday,Orthopedics,20,11,9,0,0,57.3
2025-08-04,8,Monday,Neurology,15,9,6,0,0,63.9
2025-08-04,8,Monday,Oncology,15,8,7,1,0,56.5
2025-08-05,8,Tuesday,ICU,20,13,7,0,0,67.8
2025-08-05,8,Tuesday,General,50,28,22,0,0,56.7
2025-08-05,8,Tuesday,Emergency,30,17,13,1,0,57.5
2025-08-05,8,Tuesday,Pediatrics,25,14,11,0,0,56.9
2025-08-05,8,Tuesday,Maternity,20,11,9,0,0,59.4
2025-08-05,8,Tuesday,Surgery,15,9,6,1,0,66.5
2025-08-05,8,Tuesday,Cardiology,20,11,9,1,0,57.2
2025-08-05,8,Tuesday,Orthopedics,20,13,7,0,0,67.8
2025-08-05,8,Tuesday,Neurology,15,9,6,1,0,61.4
2025-08-05,8,Tuesday,Oncology,15,8,7,1,0,58.3
2025-08-06,8,Wednesday,ICU,20,13,7,0,0,66.1
2025-08-06,8,Wednesday,General,50,30,20,1,0,61.5
2025-08-06,8,Wednesday,Emergency,30,19,11,0,0,64.2
2025-08-06,8,Wednesday,Pediatrics,25,15,10,0,0,61.5
2025-08-06,8,Wednesday,Maternity,20,13,7,0,0,66.8
2025-08-06,8,Wednesday,Surgery,15,8,7,1,0,59.7
2025-08-06,8,Wednesday,Cardiology,20,13,7,0,0,66.4
2025-08-06,8,Wednesday,Orthopedics,20,13,7,0,0,67.1
2025-08-06,8,Wednesday,Neurology,15,9,6,1,0,64.6
2025-08-06,8,Wednesday,Oncology,15,8,7,0,0,56.9
2025-08-07,8,Thursday,ICU,20,12,8,1,0,62.4
2025-08-07,8,Thursday,General,50,31,19,1,0,62.0
2025-08-07,8,Thursday,Emergency,30,20,10,0,0,67.6
2025-08-07,8,Thursday,Pediatrics,25,14,11,0,0,57.9
2025-08-07,8,Thursday,Maternity,20,13,7,0,0,67.8
2025-08-07,8,Thursday,Surgery,15,8,7,0,0,56.3
2025-08-07,8,Thursday,Cardiology,20,13,7,0,0,65.2
2025-08-07,8,Thursday,Orthopedics,20,11,9,0,0,58.1
2025-08-07,8,Thursday,Neurology,15,9,6,1,0,64.3
2025-08-07,8,Thursday,Oncology,15,9,6,1,0,62.7
2025-08-08,8,Friday,ICU,20,13,7,0,0,68.8
2025-08-08,8,Friday,General,50,30,20,1,0,61.8
2025-08-08,8,Friday,Emergency,30,18,12,0,0,60.8
2025-08-08,8,Friday,Pediatrics,25,16,9,1,0,67.5
2025-08-08,8,Friday,Maternity,20,12,8,1,0,61.9
2025-08-08,8,Friday,Surgery,15,9,6,0,0,61.5
2025-08-08,8,Friday,Cardiology,20,13,7,0,0,66.2
2025-08-08,8,Friday,Orthopedics,20,13,7,1,0,66.2
2025-08-08,8,Friday,Neurology,15,9,6,0,0,62.4
2025-08-08,8,Friday,Oncology,15,8,7,0,0,57.0
2025-08-09,8,Saturday,ICU,20,11,9,0,0,58.8
2025-08-09,8,Saturday,General,50,30,20,0,0,61.4
2025-08-09,8,Saturday,Emergency,30,18,12,1,0,60.5
2025-08-09,8,Saturday,Pediatrics,25,16,9,1,0,65.7
2025-08-09,8,Saturday,Maternity,20,11,9,1,0,59.8
2025-08-09,8,Saturday,Surgery,15,8,7,1,0,56.9
2025-08-09,8,Saturday,Cardiology,20,13,7,0,0,68.0
2025-08-09,8,Saturday,Orthopedics,20,13,7,1,0,66.5
2025-08-09,8,Saturday,Neurology,15,8,7,0,0,59.8
2025-08-09,8,Saturday,Oncology,15,9,6,0,0,63.7
2025-08-10,8,Sunday,ICU,20,13,7,0,0,66.3
2025-08-10,8,Sunday,General,50,29,21,1,0,59.7
2025-08-10,8,Sunday,Emergency,30,18,12,0,0,62.1
2025-08-10,8,Sunday,Pediatrics,25,14,11,0,0,59.1
2025-08-10,8,Sunday,Maternity,20,13,7,0,0,66.3
2025-08-10,8,Sunday,Surgery,15,9,6,0,0,65.3
2025-08-10,8,Sunday,Cardiology,20,12,8,0,0,62.8
2025-08-10,8,Sunday,Orthopedics,20,12,8,0,0,64.9
2025-08-10,8,Sunday,Neurology,15,8,7,1,0,56.9
2025-08-10,8,Sunday,Oncology,15,10,5,0,0,67.4
2025-08-11,8,Monday,ICU,20,11,9,1,0,57.3
2025-08-11,8,Monday,General,50,34,16,0,0,68.2
2025-08-11,8,Monday,Emergency,30,18,12,0,0,63.2
2025-08-11,8,Monday,Pediatrics,25,16,9,0,0,67.9
2025-08-11,8,Monday,Maternity,20,11,9,1,0,58.7
2025-08-11,8,Monday,Surgery,15,9,6,1,0,63.6
2025-08-11,8,Monday,Cardiology,20,13,7,0,0,65.7
2025-08-11,8,Monday,Orthopedics,20,12,8,0,0,62.3
2025-08-11,8,Monday,Neurology,15,8,7,0,0,58.9
2025-08-11,8,Monday,Oncology,15,8,7,1,0,56.9
2025-08-12,8,Tuesday,ICU,20,12,8,1,0,60.7
2025-08-12,8,Tuesday,General,50,30,20,1,0,61.1
2025-08-12,8,Tuesday,Emergency,30,17,13,1,0,59.9
2025-08-12,8,Tuesday,Pediatrics,25,14,11,0,0,59.0
2025-08-12,8,Tuesday,Maternity,20,13,7,0,0,68.9
2025-08-12,8,Tuesday,Surgery,15,9,6,0,0,66.5
2025-08-12,8,Tuesday,Cardiology,20,11,9,0,0,57.1
2025-08-12,8,Tuesday,Orthopedics,20,13,7,1,0,68.5
2025-08-12,8,Tuesday,Neurology,15,9,6,0,0,63.1
2025-08-12,8,Tuesday,Oncology,15,9,6,0,0,62.5
2025-08-13,8,Wednesday,ICU,20,13,7,0,0,68.6
2025-08-13,8,Wednesday,General,50,30,20,0,0,61.5
2025-08-13,8,Wednesday,Emergency,30,17,13,0,0,56.7
2025-08-13,8,Wednesday,Pediatrics,25,14,11,0,0,56.8
2025-08-13,8,Wednesday,Maternity,20,12,8,0,0,64.0
2025-08-13,8,Wednesday,Surgery,15,8,7,1,0,57.3
2025-08-13,8,Wednesday,Cardiology,20,13,7,1,0,66.1
2025-08-13,8,Wednesday,Orthopedics,20,12,8,0,0,63.3
2025-08-13,8,Wednesday,Neurology,15,9,6,0,0,63.8
2025-08-13,8,Wednesday,Oncology,15,10,5,1,0,68.4
2025-08-14,8,Thursday,ICU,20,12,8,0,0,63.0
2025-08-14,8,Thursday,General,50,29,21,0,0,59.5
2025-08-14,8,Thursday,Emergency,30,18,12,0,0,62.0
2025-08-14,8,Thursday,Pediatrics,25,16,9,0,0,66.8
2025-08-14,8,Thursday,Maternity,20,12,8,1,0,63.8
2025-08-14,8,Thursday,Surgery,15,9,6,1,0,66.4
2025-08-14,8,Thursday,Cardiology,20,12,8,1,0,61.6
2025-08-14,8,Thursday,Orthopedics,20,12,8,1,0,64.9
2025-08-14,8,Thursday,Neurology,15,9,6,1,0,64.0
2025-08-14,8,Thursday,Oncology,15,8,7,1,0,59.2
2025-08-15,8,Friday,ICU,20,11,9,1,0,56.3
2025-08-15,8,Friday,General,50,32,18,1,0,65.3
2025-08-15,8,Friday,Emergency,30,18,12,1,0,61.5
2025-08-15,8,Friday,Pediatrics,25,15,10,1,0,62.1
2025-08-15,8,Friday,Maternity,20,11,9,0,0,59.6
2025-08-15,8,Friday,Surgery,15,9,6,0,0,66.1
2025-08-15,8,Friday,Cardiology,20,11,9,1,0,58.5
2025-08-15,8,Friday,Orthopedics,20,12,8,0,0,60.2
2025-08-15,8,Friday,Neurology,15,9,6,0,0,65.2
2025-08-15,8,Friday,Oncology,15,8,7,0,0,57.1
2025-08-16,8,Saturday,ICU,20,13,7,1,0,65.2
2025-08-16,8,Saturday,General,50,30,20,0,0,61.6
2025-08-16,8,Saturday,Emergency,30,19,11,0,0,65.4
2025-08-16,8,Saturday,Pediatrics,25,17,8,0,0,69.1
2025-08-16,8,Saturday,Maternity,20,13,7,0,0,66.9
2025-08-16,8,Saturday,Surgery,15,9,6,0,0,63.4
2025-08-16,8,Saturday,Cardiology,20,12,8,0,0,61.9
2025-08-16,8,Saturday,Orthopedics,20,12,8,1,0,61.9
2025-08-16,8,Saturday,Neurology,15,9,6,0,0,62.7
2025-08-16,8,Saturday,Oncology,15,9,6,1,0,66.5
2025-08-17,8,Sunday,ICU,20,11,9,0,0,58.6
2025-08-17,8,Sunday,General,50,29,21,1,0,59.5
2025-08-17,8,Sunday,Emergency,30,18,12,1,0,62.5
2025-08-17,8,Sunday,Pediatrics,25,15,10,0,0,63.4
2025-08-17,8,Sunday,Maternity,20,13,7,1,0,67.7
2025-08-17,8,Sunday,Surgery,15,9,6,1,0,66.4
2025-08-17,8,Sunday,Cardiology,20,12,8,0,0,62.4
2025-08-17,8,Sunday,Orthopedics,20,11,9,0,0,57.9
2025-08-17,8,Sunday,Neurology,15,8,7,0,0,57.0
2025-08-17,8,Sunday,Oncology,15,9,6,0,0,66.4
2025-08-18,8,Monday,ICU,20,12,8,0,0,62.1
2025-08-18,8,Monday,General,50,34,16,0,0,68.6
2025-08-18,8,Monday,Emergency,30,19,11,1,0,64.1
2025-08-18,8,Monday,Pediatrics,25,16,9,0,0,66.6
2025-08-18,8,Monday,Maternity,20,11,9,0,0,59.5
2025-08-18,8,Monday,Surgery,15,8,7,0,0,56.6
2025-08-18,8,Monday,Cardiology,20,11,9,1,0,57.8
2025-08-18,8,Monday,Orthopedics,20,11,9,0,0,58.2
2025-08-18,8,Monday,Neurology,15,9,6,0,0,66.0
2025-08-18,8,Monday,Oncology,15,9,6,1,0,61.7
2025-08-19,8,Tuesday,ICU,20,11,9,1,0,58.9
2025-08-19,8,Tuesday,General,50,28,22,1,0,57.2
2025-08-19,8,Tuesday,Emergency,30,17,13,0,0,57.4
2025-08-19,8,Tuesday,Pediatrics,25,15,10,1,0,61.6
2025-08-19,8,Tuesday,Maternity,20,11,9,1,0,58.9
2025-08-19,8,Tuesday,Surgery,15,8,7,0,0,59.6
2025-08-19,8,Tuesday,Cardiology,20,12,8,1,0,60.4
2025-08-19,8,Tuesday,Orthopedics,20,13,7,0,0,69.0
2025-08-19,8,Tuesday,Neurology,15,9,6,1,0,66.5
2025-08-19,8,Tuesday,Oncology,15,9,6,0,0,64.7
2025-08-20,8,Wednesday,ICU,20,13,7,0,0,65.1
2025-08-20,8,Wednesday,General,50,34,16,0,0,68.8
2025-08-20,8,Wednesday,Emergency,30,20,10,1,0,67.0
2025-08-20,8,Wednesday,Pediatrics,25,14,11,0,0,59.1
2025-08-20,8,Wednesday,Maternity,20,11,9,1,0,56.9
2025-08-20,8,Wednesday,Surgery,15,9,6,0,0,61.1
2025-08-20,8,Wednesday,Cardiology,20,11,9,0,0,56.4
2025-08-20,8,Wednesday,Orthopedics,20,11,9,0,0,58.9
2025-08-20,8,Wednesday,Neurology,15,10,5,1,0,67.9
2025-08-20,8,Wednesday,Oncology,15,8,7,0,0,59.4
2025-08-21,8,Thursday,ICU,20,13,7,0,0,66.5
2025-08-21,8,Thursday,General,50,30,20,0,0,60.5
2025-08-21,8,Thursday,Emergency,30,18,12,1,0,62.7
2025-08-21,8,Thursday,Pediatrics,25,14,11,1,0,56.2
2025-08-21,8,Thursday,Maternity,20,13,7,1,0,66.5
2025-08-21,8,Thursday,Surgery,15,8,7,0,0,56.4
2025-08-21,8,Thursday,Cardiology,20,13,7,0,0,65.1
2025-08-21,8,Thursday,Orthopedics,20,11,9,1,0,58.4
2025-08-21,8,Thursday,Neurology,15,10,5,0,0,67.8
2025-08-21,8,Thursday,Oncology,15,8,7,1,0,59.2
2025-08-22,8,Friday,ICU,20,12,8,1,0,63.0
2025-08-22,8,Friday,General,50,33,17,1,0,67.6
2025-08-22,8,Friday,Emergency,30,17,13,0,0,58.0
2025-08-22,8,Friday,Pediatrics,25,14,11,1,0,56.6
2025-08-22,8,Friday,Maternity,20,12,8,0,0,60.8
2025-08-22,8,Friday,Surgery,15,10,5,1,0,67.8
2025-08-22,8,Friday,Cardiology,20,11,9,1,0,56.2
2025-08-22,8,Friday,Orthopedics,20,12,8,0,0,63.4
2025-08-22,8,Friday,Neurology,15,9,6,1,0,60.3
2025-08-22,8,Friday,Oncology,15,8,7,1,0,58.3
2025-08-23,8,Saturday,ICU,20,12,8,0,0,61.0
2025-08-23,8,Saturday,General,50,30,20,1,0,61.9
2025-08-23,8,Saturday,Emergency,30,19,11,1,0,63.8
2025-08-23,8,Saturday,Pediatrics,25,15,10,1,0,60.7
2025-08-23,8,Saturday,Maternity,20,13,7,1,0,66.0
2025-08-23,8,Saturday,Surgery,15,9,6,0,0,63.6
2025-08-23,8,Saturday,Cardiology,20,12,8,0,0,62.2
2025-08-23,8,Saturday,Orthopedics,20,12,8,0,0,61.0
2025-08-23,8,Saturday,Neurology,15,9,6,0,0,64.2
2025-08-23,8,Saturday,Oncology,15,10,5,1,0,67.5
2025-08-24,8,Sunday,ICU,20,13,7,1,0,67.0
2025-08-24,8,Sunday,General,50,33,17,0,0,66.9
2025-08-24,8,Sunday,Emergency,30,17,13,0,0,59.1
2025-08-24,8,Sunday,Pediatrics,25,14,11,0,0,57.4
2025-08-24,8,Sunday,Maternity,20,12,8,1,0,60.5
2025-08-24,8,Sunday,Surgery,15,9,6,0,0,64.9
2025-08-24,8,Sunday,Cardiology,20,11,9,1,0,59.4
2025-08-24,8,Sunday,Orthopedics,20,13,7,0,0,65.1
2025-08-24,8,Sunday,Neurology,15,9,6,1,0,63.3
2025-08-24,8,Sunday,Oncology,15,9,6,0,0,60.6
2025-08-25,8,Monday,ICU,20,13,7,0,0,66.1
2025-08-25,8,Monday,General,50,29,21,1,0,58.4
2025-08-25,8,Monday,Emergency,30,17,13,0,0,58.5
2025-08-25,8,Monday,Pediatrics,25,16,9,0,0,66.1
2025-08-25,8,Monday,Maternity,20,13,7,0,0,66.3
2025-08-25,8,Monday,Surgery,15,8,7,0,0,59.2
2025-08-25,8,Monday,Cardiology,20,11,9,0,0,57.9
2025-08-25,8,Monday,Orthopedics,20,13,7,1,0,69.0
2025-08-25,8,Monday,Neurology,15,9,6,1,0,60.1
2025-08-25,8,Monday,Oncology,15,9,6,1,0,60.8
2025-08-26,8,Tuesday,ICU,20,11,9,1,0,56.2
2025-08-26,8,Tuesday,General,50,30,20,1,0,60.6
2025-08-26,8,Tuesday,Emergency,30,17,13,1,0,57.3
2025-08-26,8,Tuesday,Pediatrics,25,16,9,1,0,65.0
2025-08-26,8,Tuesday,Maternity,20,11,9,1,0,60.0
2025-08-26,8,Tuesday,Surgery,15,9,6,1,0,60.1
2025-08-26,8,Tuesday,Cardiology,20,11,9,0,0,57.8
2025-08-26,8,Tuesday,Orthopedics,20,13,7,1,0,65.7
2025-08-26,8,Tuesday,Neurology,15,10,5,1,0,68.0
2025-08-26,8,Tuesday,Oncology,15,8,7,1,0,57.5
2025-08-27,8,Wednesday,ICU,20,12,8,0,0,62.3
2025-08-27,8,Wednesday,General,50,31,19,0,0,62.4
2025-08-27,8,Wednesday,Emergency,30,20,10,1,0,67.4
2025-08-27,8,Wednesday,Pediatrics,25,16,9,1,0,66.6
2025-08-27,8,Wednesday,Maternity,20,12,8,1,0,63.1
2025-08-27,8,Wednesday,Surgery,15,8,7,1,0,59.5
2025-08-27,8,Wednesday,Cardiology,20,12,8,1,0,60.1
2025-08-27,8,Wednesday,Orthopedics,20,13,7,1,0,65.4
2025-08-27,8,Wednesday,Neurology,15,8,7,0,0,57.8
2025-08-27,8,Wednesday,Oncology,15,9,6,1,0,64.0
2025-08-28,8,Thursday,ICU,20,13,7,0,0,67.0
2025-08-28,8,Thursday,General,50,31,19,0,0,62.6
2025-08-28,8,Thursday,Emergency,30,18,12,0,0,61.6
2025-08-28,8,Thursday,Pediatrics,25,14,11,0,0,58.4
2025-08-28,8,Thursday,Maternity,20,12,8,1,0,62.0
2025-08-28,8,Thursday,Surgery,15,9,6,1,0,62.4
2025-08-28,8,Thursday,Cardiology,20,11,9,0,0,57.3
2025-08-28,8,Thursday,Orthopedics,20,13,7,0,0,68.6
2025-08-28,8,Thursday,Neurology,15,9,6,0,0,65.7
2025-08-28,8,Thursday,Oncology,15,9,6,1,0,64.5
2025-08-29,8,Friday,ICU,20,13,7,1,0,67.2
2025-08-29,8,Friday,General,50,28,22,0,0,56.9
2025-08-29,8,Friday,Emergency,30,20,10,1,0,68.0
2025-08-29,8,Friday,Pediatrics,25,15,10,1,0,61.2
2025-08-29,8,Friday,Maternity,20,12,8,1,0,60.1
2025-08-29,8,Friday,Surgery,15,9,6,1,0,64.9
2025-08-29,8,Friday,Cardiology,20,11,9,1,0,58.6
2025-08-29,8,Friday,Orthopedics,20,12,8,1,0,63.0
2025-08-29,8,Friday,Neurology,15,8,7,1,0,57.2
2025-08-29,8,Friday,Oncology,15,8,7,1,0,57.4
2025-08-30,8,Saturday,ICU,20,13,7,0,0,66.1
2025-08-30,8,Saturday,General,50,28,22,0,0,57.5
2025-08-30,8,Saturday,Emergency,30,19,11,1,0,65.9
2025-08-30,8,Saturday,Pediatrics,25,16,9,1,0,64.4
2025-08-30,8,Saturday,Maternity,20,12,8,1,0,62.7
2025-08-30,8,Saturday,Surgery,15,10,5,0,0,68.7
2025-08-30,8,Saturday,Cardiology,20,13,7,1,0,66.8
2025-08-30,8,Saturday,Orthopedics,20,13,7,0,0,65.9
2025-08-30,8,Saturday,Neurology,15,9,6,0,0,61.2
2025-08-30,8,Saturday,Oncology,15,9,6,0,0,66.6
2025-08-31,8,Sunday,ICU,20,13,7,0,0,66.0
2025-08-31,8,Sunday,General,50,33,17,0,0,67.4
2025-08-31,8,Sunday,Emergency,30,17,13,0,0,57.7
2025-08-31,8,Sunday,Pediatrics,25,14,11,0,0,56.6
2025-08-31,8,Sunday,Maternity,20,13,7,1,0,69.0
2025-08-31,8,Sunday,Surgery,15,9,6,0,0,60.5
2025-08-31,8,Sunday,Cardiology,20,11,9,1,0,56.2
2025-08-31,8,Sunday,Orthopedics,20,12,8,1,0,64.7
2025-08-31,8,Sunday,Neurology,15,9,6,1,0,65.8
2025-08-31,8,Sunday,Oncology,15,8,7,1,0,59.5
2025-09-01,9,Monday,ICU,20,14,6,0,0,71.9
2025-09-01,9,Monday,General,50,39,11,0,0,78.8
2025-09-01,9,Monday,Emergency,30,20,10,1,0,67.7
2025-09-01,9,Monday,Pediatrics,25,17,8,1,0,70.8
2025-09-01,9,Monday,Maternity,20,15,5,0,0,78.6
2025-09-01,9,Monday,Surgery,15,10,5,0,0,67.7
2025-09-01,9,Monday,Cardiology,20,14,6,1,0,72.3
2025-09-01,9,Monday,Orthopedics,20,15,5,0,0,79.5
2025-09-01,9,Monday,Neurology,15,10,5,1,0,67.0
2025-09-01,9,Monday,Oncology,15,10,5,0,0,68.5
2025-09-02,9,Tuesday,ICU,20,15,5,1,0,75.9
2025-09-02,9,Tuesday,General,50,38,12,1,0,77.8
2025-09-02,9,Tuesday,Emergency,30,22,8,1,0,73.8
2025-09-02,9,Tuesday,Pediatrics,25,17,8,0,0,69.0
2025-09-02,9,Tuesday,Maternity,20,13,7,0,0,68.8
2025-09-02,9,Tuesday,Surgery,15,11,4,1,0,77.7
2025-09-02,9,Tuesday,Cardiology,20,15,5,1,0,78.3
2025-09-02,9,Tuesday,Orthopedics,20,14,6,0,0,72.8
2025-09-02,9,Tuesday,Neurology,15,11,4,0,0,79.6
2025-09-02,9,Tuesday,Oncology,15,11,4,0,0,73.5
2025-09-03,9,Wednesday,ICU,20,14,6,1,0,74.3
2025-09-03,9,Wednesday,General,50,35,15,1,0,70.6
2025-09-03,9,Wednesday,Emergency,30,22,8,1,0,74.2
2025-09-03,9,Wednesday,Pediatrics,25,19,6,0,0,76.5
2025-09-03,9,Wednesday,Maternity,20,14,6,1,0,70.8
2025-09-03,9,Wednesday,Surgery,15,11,4,1,0,77.5
2025-09-03,9,Wednesday,Cardiology,20,13,7,0,0,69.2
2025-09-03,9,Wednesday,Orthopedics,20,14,6,0,0,72.6
2025-09-03,9,Wednesday,Neurology,15,11,4,0,0,77.7
2025-09-03,9,Wednesday,Oncology,15,11,4,1,0,79.2
2025-09-04,9,Thursday,ICU,20,15,5,0,0,77.4
2025-09-04,9,Thursday,General,50,36,14,1,0,72.5
2025-09-04,9,Thursday,Emergency,30,22,8,0,0,75.8
2025-09-04,9,Thursday,Pediatrics,25,16,9,1,0,67.9
2025-09-04,9,Thursday,Maternity,20,14,6,1,0,71.9
2025-09-04,9,Thursday,Surgery,15,10,5,1,0,71.7
2025-09-04,9,Thursday,Cardiology,20,13,7,1,0,69.0
2025-09-04,9,Thursday,Orthopedics,20,13,7,0,0,68.9
2025-09-04,9,Thursday,Neurology,15,10,5,1,0,68.1
2025-09-04,9,Thursday,Oncology,15,11,4,0,0,73.8
2025-09-05,9,Friday,ICU,20,13,7,0,0,67.3
2025-09-05,9,Friday,General,50,36,14,1,0,72.9
2025-09-05,9,Friday,Emergency,30,22,8,1,0,73.9
2025-09-05,9,Friday,Pediatrics,25,17,8,1,0,71.5
2025-09-05,9,Friday,Maternity,20,15,5,0,0,78.3
2025-09-05,9,Friday,Surgery,15,11,4,1,0,79.9
2025-09-05,9,Friday,Cardiology,20,13,7,0,0,68.4
2025-09-05,9,Friday,Orthopedics,20,15,5,0,0,79.3
2025-09-05,9,Friday,Neurology,15,10,5,1,0,69.4
2025-09-05,9,Friday,Oncology,15,10,5,1,0,71.9
2025-09-06,9,Saturday,ICU,20,15,5,1,0,76.8
2025-09-06,9,Saturday,General,50,38,12,0,0,77.2
2025-09-06,9,Saturday,Emergency,30,23,7,1,0,79.8
2025-09-06,9,Saturday,Pediatrics,25,19,6,0,0,77.4
2025-09-06,9,Saturday,Maternity,20,15,5,1,0,76.1
2025-09-06,9,Saturday,Surgery,15,11,4,0,0,76.0
2025-09-06,9,Saturday,Cardiology,20,13,7,0,0,68.7
2025-09-06,9,Saturday,Orthopedics,20,13,7,1,0,67.0
2025-09-06,9,Saturday,Neurology,15,11,4,1,0,79.2
2025-09-06,9,Saturday,Oncology,15,11,4,1,0,78.9
2025-09-07,9,Sunday,ICU,20,14,6,0,0,71.3
2025-09-07,9,Sunday,General,50,35,15,1,0,71.6
2025-09-07,9,Sunday,Emergency,30,20,10,0,0,68.8
2025-09-07,9,Sunday,Pediatrics,25,18,7,1,0,74.7
2025-09-07,9,Sunday,Maternity,20,15,5,1,0,76.2
2025-09-07,9,Sunday,Surgery,15,11,4,0,0,74.6
2025-09-07,9,Sunday,Cardiology,20,14,6,0,0,74.0
2025-09-07,9,Sunday,Orthopedics,20,15,5,0,0,79.6
2025-09-07,9,Sunday,Neurology,15,11,4,1,0,78.6
2025-09-07,9,Sunday,Oncology,15,10,5,1,0,67.3
2025-09-08,9,Monday,ICU,20,14,6,0,0,72.1
2025-09-08,9,Monday,General,50,35,15,1,0,70.2
2025-09-08,9,Monday,Emergency,30,21,9,0,0,70.0
2025-09-08,9,Monday,Pediatrics,25,18,7,1,0,72.4
2025-09-08,9,Monday,Maternity,20,15,5,0,0,79.8
2025-09-08,9,Monday,Surgery,15,10,5,0,0,72.1
2025-09-08,9,Monday,Cardiology,20,14,6,1,0,71.5
2025-09-08,9,Monday,Orthopedics,20,15,5,1,0,78.1
2025-09-08,9,Monday,Neurology,15,11,4,1,0,75.4
2025-09-08,9,Monday,Oncology,15,10,5,0,0,67.5
2025-09-09,9,Tuesday,ICU,20,15,5,1,0,78.4
2025-09-09,9,Tuesday,General,50,33,17,1,0,68.0
2025-09-09,9,Tuesday,Emergency,30,21,9,0,0,70.8
2025-09-09,9,Tuesday,Pediatrics,25,19,6,1,0,79.9
2025-09-09,9,Tuesday,Maternity,20,13,7,1,0,67.3
2025-09-09,9,Tuesday,Surgery,15,10,5,1,0,68.3
2025-09-09,9,Tuesday,Cardiology,20,14,6,0,0,70.5
2025-09-09,9,Tuesday,Orthopedics,20,15,5,1,0,75.8
2025-09-09,9,Tuesday,Neurology,15,11,4,1,0,76.6
2025-09-09,9,Tuesday,Oncology,15,10,5,0,0,72.2
2025-09-10,9,Wednesday,ICU,20,15,5,0,0,79.2
2025-09-10,9,Wednesday,General,50,34,16,1,0,69.4
2025-09-10,9,Wednesday,Emergency,30,23,7,0,0,78.8
2025-09-10,9,Wednesday,Pediatrics,25,19,6,1,0,79.4
2025-09-10,9,Wednesday,Maternity,20,15,5,0,0,78.4
2025-09-10,9,Wednesday,Surgery,15,11,4,0,0,76.5
2025-09-10,9,Wednesday,Cardiology,20,15,5,1,0,79.1
2025-09-10,9,Wednesday,Orthopedics,20,15,5,1,0,80.0
2025-09-10,9,Wednesday,Neurology,15,11,4,0,0,79.9
2025-09-10,9,Wednesday,Oncology,15,11,4,1,0,74.1
2025-09-11,9,Thursday,ICU,20,15,5,1,0,76.9
2025-09-11,9,Thursday,General,50,38,12,0,0,76.1
2025-09-11,9,Thursday,Emergency,30,23,7,0,0,79.3
2025-09-11,9,Thursday,Pediatrics,25,17,8,1,0,70.8
2025-09-11,9,Thursday,Maternity,20,13,7,0,0,68.4
2025-09-11,9,Thursday,Surgery,15,11,4,0,0,75.3
2025-09-11,9,Thursday,Cardiology,20,13,7,0,0,67.1
2025-09-11,9,Thursday,Orthopedics,20,14,6,0,0,74.8
2025-09-11,9,Thursday,Neurology,15,10,5,0,0,72.2
2025-09-11,9,Thursday,Oncology,15,11,4,0,0,76.3
2025-09-12,9,Friday,ICU,20,14,6,1,0,74.4
2025-09-12,9,Friday,General,50,34,16,1,0,69.5
2025-09-12,9,Friday,Emergency,30,21,9,0,0,72.5
2025-09-12,9,Friday,Pediatrics,25,18,7,1,0,73.1
2025-09-12,9,Friday,Maternity,20,14,6,0,0,73.5
2025-09-12,9,Friday,Surgery,15,10,5,0,0,67.9
2025-09-12,9,Friday,Cardiology,20,14,6,0,0,70.5
2025-09-12,9,Friday,Orthopedics,20,15,5,1,0,79.2
2025-09-12,9,Friday,Neurology,15,10,5,0,0,71.3
2025-09-12,9,Friday,Oncology,15,11,4,1,0,75.7
2025-09-13,9,Saturday,ICU,20,15,5,0,0,78.2
2025-09-13,9,Saturday,General,50,38,12,0,0,76.2
2025-09-13,9,Saturday,Emergency,30,22,8,1,0,73.7
2025-09-13,9,Saturday,Pediatrics,25,16,9,0,0,67.6
2025-09-13,9,Saturday,Maternity,20,13,7,0,0,69.0
2025-09-13,9,Saturday,Surgery,15,10,5,1,0,73.0
2025-09-13,9,Saturday,Cardiology,20,14,6,0,0,72.1
2025-09-13,9,Saturday,Orthopedics,20,15,5,0,0,75.2
2025-09-13,9,Saturday,Neurology,15,10,5,1,0,72.0
2025-09-13,9,Saturday,Oncology,15,11,4,0,0,73.8
2025-09-14,9,Sunday,ICU,20,13,7,0,0,67.5
2025-09-14,9,Sunday,General,50,33,17,0,0,67.7
2025-09-14,9,Sunday,Emergency,30,21,9,0,0,71.9
2025-09-14,9,Sunday,Pediatrics,25,18,7,0,0,72.8
2025-09-14,9,Sunday,Maternity,20,15,5,0,0,76.4
2025-09-14,9,Sunday,Surgery,15,11,4,0,0,79.1
2025-09-14,9,Sunday,Cardiology,20,14,6,0,0,73.1
2025-09-14,9,Sunday,Orthopedics,20,14,6,0,0,73.9
2025-09-14,9,Sunday,Neurology,15,11,4,0,0,74.3
2025-09-14,9,Sunday,Oncology,15,11,4,0,0,75.7
2025-09-15,9,Monday,ICU,20,14,6,0,0,73.9
2025-09-15,9,Monday,General,50,39,11,1,0,79.9
2025-09-15,9,Monday,Emergency,30,22,8,0,0,75.6
2025-09-15,9,Monday,Pediatrics,25,18,7,1,0,74.5
2025-09-15,9,Monday,Maternity,20,14,6,1,0,70.5
2025-09-15,9,Monday,Surgery,15,11,4,1,0,78.1
2025-09-15,9,Monday,Cardiology,20,15,5,1,0,78.0
2025-09-15,9,Monday,Orthopedics,20,15,5,1,0,75.7
2025-09-15,9,Monday,Neurology,15,10,5,0,0,70.3
2025-09-15,9,Monday,Oncology,15,10,5,0,0,72.9
2025-09-16,9,Tuesday,ICU,20,13,7,0,0,69.8
2025-09-16,9,Tuesday,General,50,38,12,1,0,76.4
2025-09-16,9,Tuesday,Emergency,30,23,7,0,0,78.7
2025-09-16,9,Tuesday,Pediatrics,25,16,9,1,0,67.3
2025-09-16,9,Tuesday,Maternity,20,13,7,1,0,67.5
2025-09-16,9,Tuesday,Surgery,15,11,4,0,0,76.9
2025-09-16,9,Tuesday,Cardiology,20,14,6,0,0,74.9
2025-09-16,9,Tuesday,Orthopedics,20,13,7,0,0,67.9
2025-09-16,9,Tuesday,Neurology,15,11,4,1,0,78.4
2025-09-16,9,Tuesday,Oncology,15,10,5,1,0,71.3
2025-09-17,9,Wednesday,ICU,20,14,6,1,0,73.3
2025-09-17,9,Wednesday,General,50,35,15,1,0,70.8
2025-09-17,9,Wednesday,Emergency,30,23,7,1,0,77.3
2025-09-17,9,Wednesday,Pediatrics,25,18,7,1,0,74.6
2025-09-17,9,Wednesday,Maternity,20,15,5,0,0,78.1
2025-09-17,9,Wednesday,Surgery,15,11,4,0,0,73.4
2025-09-17,9,Wednesday,Cardiology,20,13,7,1,0,69.4
2025-09-17,9,Wednesday,Orthopedics,20,14,6,0,0,74.8
2025-09-17,9,Wednesday,Neurology,15,11,4,0,0,78.4
2025-09-17,9,Wednesday,Oncology,15,11,4,0,0,78.5
2025-09-18,9,Thursday,ICU,20,14,6,0,0,72.7
2025-09-18,9,Thursday,General,50,33,17,1,0,67.8
2025-09-18,9,Thursday,Emergency,30,23,7,1,0,79.4
2025-09-18,9,Thursday,Pediatrics,25,18,7,0,0,75.5
2025-09-18,9,Thursday,Maternity,20,14,6,1,0,74.6
2025-09-18,9,Thursday,Surgery,15,10,5,1,0,72.0
2025-09-18,9,Thursday,Cardiology,20,14,6,0,0,73.9
2025-09-18,9,Thursday,Orthopedics,20,13,7,1,0,69.4
2025-09-18,9,Thursday,Neurology,15,10,5,0,0,73.2
2025-09-18,9,Thursday,Oncology,15,10,5,0,0,67.2
2025-09-19,9,Friday,ICU,20,13,7,1,0,68.0
2025-09-19,9,Friday,General,50,33,17,0,0,67.3
2025-09-19,9,Friday,Emergency,30,23,7,0,0,79.5
2025-09-19,9,Friday,Pediatrics,25,18,7,0,0,73.6
2025-09-19,9,Friday,Maternity,20,13,7,1,0,67.8
2025-09-19,9,Friday,Surgery,15,11,4,0,0,79.5
2025-09-19,9,Friday,Cardiology,20,14,6,0,0,71.3
2025-09-19,9,Friday,Orthopedics,20,15,5,0,0,76.1
2025-09-19,9,Friday,Neurology,15,10,5,1,0,71.9
2025-09-19,9,Friday,Oncology,15,11,4,0,0,74.2
2025-09-20,9,Saturday,ICU,20,14,6,0,0,72.6
2025-09-20,9,Saturday,General,50,34,16,1,0,68.1
2025-09-20,9,Saturday,Emergency,30,20,10,1,0,69.1
2025-09-20,9,Saturday,Pediatrics,25,18,7,1,0,72.1
2025-09-20,9,Saturday,Maternity,20,15,5,0,0,75.0
2025-09-20,9,Saturday,Surgery,15,10,5,0,0,71.0
2025-09-20,9,Saturday,Cardiology,20,14,6,1,0,70.6
2025-09-20,9,Saturday,Orthopedics,20,14,6,0,0,71.7
2025-09-20,9,Saturday,Neurology,15,11,4,1,0,80.0
2025-09-20,9,Saturday,Oncology,15,10,5,1,0,72.5
2025-09-21,9,Sunday,ICU,20,13,7,0,0,69.5
2025-09-21,9,Sunday,General,50,34,16,0,0,69.4
2025-09-21,9,Sunday,Emergency,30,23,7,1,0,77.2
2025-09-21,9,Sunday,Pediatrics,25,17,8,0,0,68.6
2025-09-21,9,Sunday,Maternity,20,15,5,0,0,76.7
2025-09-21,9,Sunday,Surgery,15,10,5,1,0,72.1
2025-09-21,9,Sunday,Cardiology,20,14,6,0,0,70.3
2025-09-21,9,Sunday,Orthopedics,20,13,7,0,0,69.1
2025-09-21,9,Sunday,Neurology,15,11,4,1,0,77.7
2025-09-21,9,Sunday,Oncology,15,10,5,1,0,67.5
2025-09-22,9,Monday,ICU,20,15,5,1,0,79.1
2025-09-22,9,Monday,General,50,39,11,1,0,78.2
2025-09-22,9,Monday,Emergency,30,20,10,0,0,68.3
2025-09-22,9,Monday,Pediatrics,25,16,9,1,0,68.0
2025-09-22,9,Monday,Maternity,20,15,5,0,0,77.5
2025-09-22,9,Monday,Surgery,15,11,4,1,0,77.9
2025-09-22,9,Monday,Cardiology,20,13,7,1,0,69.6
2025-09-22,9,Monday,Orthopedics,20,14,6,1,0,70.9
2025-09-22,9,Monday,Neurology,15,11,4,1,0,78.7
2025-09-22,9,Monday,Oncology,15,10,5,1,0,72.1
2025-09-23,9,Tuesday,ICU,20,13,7,0,0,68.4
2025-09-23,9,Tuesday,General,50,33,17,1,0,67.3
2025-09-23,9,Tuesday,Emergency,30,21,9,0,0,71.6
2025-09-23,9,Tuesday,Pediatrics,25,18,7,1,0,72.7
2025-09-23,9,Tuesday,Maternity,20,14,6,1,0,73.9
2025-09-23,9,Tuesday,Surgery,15,10,5,1,0,70.5
2025-09-23,9,Tuesday,Cardiology,20,13,7,1,0,69.2
2025-09-23,9,Tuesday,Orthopedics,20,14,6,0,0,73.8
2025-09-23,9,Tuesday,Neurology,15,10,5,0,0,70.6
2025-09-23,9,Tuesday,Oncology,15,10,5,1,0,73.3
2025-09-24,9,Wednesday,ICU,20,15,5,0,0,78.4
2025-09-24,9,Wednesday,General,50,34,16,0,0,68.4
2025-09-24,9,Wednesday,Emergency,30,22,8,0,0,74.4
2025-09-24,9,Wednesday,Pediatrics,25,19,6,1,0,76.7
2025-09-24,9,Wednesday,Maternity,20,14,6,1,0,71.7
2025-09-24,9,Wednesday,Surgery,15,11,4,1,0,77.3
2025-09-24,9,Wednesday,Cardiology,20,15,5,1,0,76.5
2025-09-24,9,Wednesday,Orthopedics,20,13,7,1,0,68.1
2025-09-24,9,Wednesday,Neurology,15,11,4,1,0,74.4
2025-09-24,9,Wednesday,Oncology,15,11,4,1,0,77.4
2025-09-25,9,Thursday,ICU,20,15,5,1,0,78.8
2025-09-25,9,Thursday,General,50,34,16,0,0,69.9
2025-09-25,9,Thursday,Emergency,30,22,8,1,0,75.6
2025-09-25,9,Thursday,Pediatrics,25,18,7,1,0,73.7
2025-09-25,9,Thursday,Maternity,20,15,5,1,0,79.6
2025-09-25,9,Thursday,Surgery,15,10,5,0,0,71.5
2025-09-25,9,Thursday,Cardiology,20,14,6,1,0,71.4
2025-09-25,9,Thursday,Orthopedics,20,15,5,0,0,76.6
2025-09-25,9,Thursday,Neurology,15,10,5,1,0,71.2
2025-09-25,9,Thursday,Oncology,15,11,4,1,0,78.8
2025-09-26,9,Friday,ICU,20,14,6,1,0,72.9
2025-09-26,9,Friday,General,50,38,12,0,0,77.6
2025-09-26,9,Friday,Emergency,30,21,9,0,0,71.9
2025-09-26,9,Friday,Pediatrics,25,19,6,0,0,77.9
2025-09-26,9,Friday,Maternity,20,15,5,0,0,78.5
2025-09-26,9,Friday,Surgery,15,11,4,0,0,75.5
2025-09-26,9,Friday,Cardiology,20,13,7,1,0,67.7
2025-09-26,9,Friday,Orthopedics,20,14,6,0,0,70.3
2025-09-26,9,Friday,Neurology,15,11,4,0,0,74.2
2025-09-26,9,Friday,Oncology,15,10,5,1,0,70.8
2025-09-27,9,Saturday,ICU,20,13,7,0,0,68.7
2025-09-27,9,Saturday,General,50,35,15,1,0,70.8
2025-09-27,9,Saturday,Emergency,30,20,10,0,0,69.2
2025-09-27,9,Saturday,Pediatrics,25,17,8,0,0,68.3
2025-09-27,9,Saturday,Maternity,20,14,6,1,0,71.9
2025-09-27,9,Saturday,Surgery,15,10,5,1,0,70.4
2025-09-27,9,Saturday,Cardiology,20,15,5,0,0,78.2
2025-09-27,9,Saturday,Orthopedics,20,15,5,1,0,78.5
2025-09-27,9,Saturday,Neurology,15,11,4,1,0,76.7
2025-09-27,9,Saturday,Oncology,15,10,5,1,0,70.5
2025-09-28,9,Sunday,ICU,20,15,5,0,0,79.1
2025-09-28,9,Sunday,General,50,36,14,1,0,72.1
2025-09-28,9,Sunday,Emergency,30,22,8,1,0,74.4
2025-09-28,9,Sunday,Pediatrics,25,19,6,0,0,77.9
2025-09-28,9,Sunday,Maternity,20,14,6,1,0,74.6
2025-09-28,9,Sunday,Surgery,15,11,4,1,0,76.6
2025-09-28,9,Sunday,Cardiology,20,15,5,0,0,80.0
2025-09-28,9,Sunday,Orthopedics,20,14,6,0,0,72.2
2025-09-28,9,Sunday,Neurology,15,11,4,1,0,74.2
2025-09-28,9,Sunday,Oncology,15,10,5,0,0,71.0
2025-09-29,9,Monday,ICU,20,15,5,1,0,77.9
2025-09-29,9,Monday,General,50,36,14,1,0,73.5
2025-09-29,9,Monday,Emergency,30,23,7,1,0,79.3
2025-09-29,9,Monday,Pediatrics,25,19,6,0,0,76.8
2025-09-29,9,Monday,Maternity,20,13,7,1,0,68.4
2025-09-29,9,Monday,Surgery,15,10,5,0,0,73.2
2025-09-29,9,Monday,Cardiology,20,13,7,1,0,67.6
2025-09-29,9,Monday,Orthopedics,20,13,7,1,0,68.8
2025-09-29,9,Monday,Neurology,15,10,5,0,0,67.9
2025-09-29,9,Monday,Oncology,15,10,5,0,0,67.6
2025-09-30,9,Tuesday,ICU,20,15,5,1,0,79.1
2025-09-30,9,Tuesday,General,50,33,17,0,0,67.4
2025-09-30,9,Tuesday,Emergency,30,23,7,1,0,77.1
2025-09-30,9,Tuesday,Pediatrics,25,18,7,0,0,72.9
2025-09-30,9,Tuesday,Maternity,20,14,6,1,0,71.1
2025-09-30,9,Tuesday,Surgery,15,10,5,1,0,69.6
2025-09-30,9,Tuesday,Cardiology,20,13,7,1,0,69.7
2025-09-30,9,Tuesday,Orthopedics,20,15,5,0,0,79.0
2025-09-30,9,Tuesday,Neurology,15,10,5,1,0,71.0
2025-09-30,9,Tuesday,Oncology,15,10,5,1,0,67.6
2025-10-01,10,Wednesday,ICU,20,13,7,1,0,69.1
2025-10-01,10,Wednesday,General,50,35,15,0,0,72.0
2025-10-01,10,Wednesday,Emergency,30,23,7,0,0,78.5
2025-10-01,10,Wednesday,Pediatrics,25,16,9,0,0,67.3
2025-10-01,10,Wednesday,Maternity,20,15,5,1,0,79.1
2025-10-01,10,Wednesday,Surgery,15,11,4,0,0,75.7
2025-10-01,10,Wednesday,Cardiology,20,14,6,1,0,71.3
2025-10-01,10,Wednesday,Orthopedics,20,14,6,1,0,74.6
2025-10-01,10,Wednesday,Neurology,15,10,5,1,0,70.4
2025-10-01,10,Wednesday,Oncology,15,10,5,0,0,70.2
2025-10-02,10,Thursday,ICU,20,15,5,1,0,76.7
2025-10-02,10,Thursday,General,50,36,14,1,0,72.5
2025-10-02,10,Thursday,Emergency,30,20,10,0,0,67.8
2025-10-02,10,Thursday,Pediatrics,25,18,7,0,0,73.6
2025-10-02,10,Thursday,Maternity,20,15,5,0,0,76.8
2025-10-02,10,Thursday,Surgery,15,11,4,1,0,75.8
2025-10-02,10,Thursday,Cardiology,20,14,6,0,0,71.0
2025-10-02,10,Thursday,Orthopedics,20,13,7,0,0,68.8
2025-10-02,10,Thursday,Neurology,15,11,4,0,0,75.3
2025-10-02,10,Thursday,Oncology,15,11,4,1,0,74.2
2025-10-03,10,Friday,ICU,20,15,5,1,0,77.6
2025-10-03,10,Friday,General,50,39,11,0,0,79.0
2025-10-03,10,Friday,Emergency,30,23,7,1,0,77.2
2025-10-03,10,Friday,Pediatrics,25,19,6,1,0,77.4
2025-10-03,10,Friday,Maternity,20,13,7,0,0,69.6
2025-10-03,10,Friday,Surgery,15,11,4,0,0,74.5
2025-10-03,10,Friday,Cardiology,20,15,5,1,0,80.0
2025-10-03,10,Friday,Orthopedics,20,15,5,0,0,75.0
2025-10-03,10,Friday,Neurology,15,10,5,1,0,71.0
2025-10-03,10,Friday,Oncology,15,10,5,0,0,72.7
2025-10-04,10,Saturday,ICU,20,14,6,1,0,71.4
2025-10-04,10,Saturday,General,50,39,11,1,0,79.7
2025-10-04,10,Saturday,Emergency,30,22,8,1,0,76.1
2025-10-04,10,Saturday,Pediatrics,25,17,8,1,0,69.1
2025-10-04,10,Saturday,Maternity,20,14,6,1,0,74.4
2025-10-04,10,Saturday,Surgery,15,10,5,0,0,70.2
2025-10-04,10,Saturday,Cardiology,20,13,7,0,0,67.9
2025-10-04,10,Saturday,Orthopedics,20,14,6,1,0,73.4
2025-10-04,10,Saturday,Neurology,15,10,5,0,0,67.4
2025-10-04,10,Saturday,Oncology,15,11,4,1,0,77.9
2025-10-05,10,Sunday,ICU,20,14,6,0,0,72.9
2025-10-05,10,Sunday,General,50,38,12,1,0,76.2
2025-10-05,10,Sunday,Emergency,30,23,7,0,0,77.2
2025-10-05,10,Sunday,Pediatrics,25,19,6,0,0,78.2
2025-10-05,10,Sunday,Maternity,20,15,5,1,0,77.8
2025-10-05,10,Sunday,Surgery,15,11,4,1,0,75.4
2025-10-05,10,Sunday,Cardiology,20,14,6,1,0,74.7
2025-10-05,10,Sunday,Orthopedics,20,13,7,0,0,69.8
2025-10-05,10,Sunday,Neurology,15,10,5,0,0,68.2
2025-10-05,10,Sunday,Oncology,15,11,4,0,0,79.7
2025-10-06,10,Monday,ICU,20,15,5,1,0,78.0
2025-10-06,10,Monday,General,50,34,16,0,0,69.4
2025-10-06,10,Monday,Emergency,30,20,10,0,0,67.2
2025-10-06,10,Monday,Pediatrics,25,18,7,0,0,73.4
2025-10-06,10,Monday,Maternity,20,14,6,0,0,71.4
2025-10-06,10,Monday,Surgery,15,10,5,1,0,71.7
2025-10-06,10,Monday,Cardiology,20,14,6,1,0,71.3
2025-10-06,10,Monday,Orthopedics,20,14,6,0,0,71.2
2025-10-06,10,Monday,Neurology,15,11,4,0,0,75.2
2025-10-06,10,Monday,Oncology,15,11,4,1,0,77.3
2025-10-07,10,Tuesday,ICU,20,15,5,1,0,78.0
2025-10-07,10,Tuesday,General,50,33,17,0,0,67.1
2025-10-07,10,Tuesday,Emergency,30,23,7,0,0,77.2
2025-10-07,10,Tuesday,Pediatrics,25,19,6,1,0,79.2
2025-10-07,10,Tuesday,Maternity,20,14,6,1,0,73.4
2025-10-07,10,Tuesday,Surgery,15,10,5,1,0,68.7
2025-10-07,10,Tuesday,Cardiology,20,14,6,0,0,71.3
2025-10-07,10,Tuesday,Orthopedics,20,15,5,1,0,77.1
2025-10-07,10,Tuesday,Neurology,15,10,5,0,0,72.2
2025-10-07,10,Tuesday,Oncology,15,10,5,0,0,68.2
2025-10-08,10,Wednesday,ICU,20,13,7,0,0,68.9
2025-10-08,10,Wednesday,General,50,35,15,0,0,71.5
2025-10-08,10,Wednesday,Emergency,30,21,9,0,0,71.4
2025-10-08,10,Wednesday,Pediatrics,25,16,9,1,0,67.5
2025-10-08,10,Wednesday,Maternity,20,13,7,1,0,67.8
2025-10-08,10,Wednesday,Surgery,15,10,5,0,0,72.9
2025-10-08,10,Wednesday,Cardiology,20,14,6,1,0,70.8
2025-10-08,10,Wednesday,Orthopedics,20,14,6,0,0,72.1
2025-10-08,10,Wednesday,Neurology,15,10,5,1,0,71.0
2025-10-08,10,Wednesday,Oncology,15,10,5,0,0,69.3
2025-10-09,10,Thursday,ICU,20,14,6,1,0,72.1
2025-10-09,10,Thursday,General,50,39,11,0,0,79.3
2025-10-09,10,Thursday,Emergency,30,20,10,1,0,67.6
2025-10-09,10,Thursday,Pediatrics,25,19,6,1,0,76.4
2025-10-09,10,Thursday,Maternity,20,15,5,0,0,77.8
2025-10-09,10,Thursday,Surgery,15,11,4,0,0,79.2
2025-10-09,10,Thursday,Cardiology,20,15,5,0,0,79.4
2025-10-09,10,Thursday,Orthopedics,20,13,7,0,0,67.7
2025-10-09,10,Thursday,Neurology,15,10,5,0,0,68.7
2025-10-09,10,Thursday,Oncology,15,10,5,0,0,73.2
2025-10-10,10,Friday,ICU,20,15,5,1,0,75.8
2025-10-10,10,Friday,General,50,38,12,0,0,76.8
2025-10-10,10,Friday,Emergency,30,20,10,1,0,68.3
2025-10-10,10,Friday,Pediatrics,25,17,8,1,0,70.6
2025-10-10,10,Friday,Maternity,20,13,7,0,0,68.2
2025-10-10,10,Friday,Surgery,15,10,5,1,0,69.9
2025-10-10,10,Friday,Cardiology,20,14,6,1,0,72.7
2025-10-10,10,Friday,Orthopedics,20,15,5,0,0,75.4
2025-10-10,10,Friday,Neurology,15,10,5,0,0,67.3
2025-10-10,10,Friday,Oncology,15,11,4,1,0,78.3
2025-10-11,10,Saturday,ICU,20,14,6,1,0,74.6
2025-10-11,10,Saturday,General,50,35,15,1,0,70.6
2025-10-11,10,Saturday,Emergency,30,21,9,1,0,72.2
2025-10-11,10,Saturday,Pediatrics,25,19,6,0,0,77.6
2025-10-11,10,Saturday,Maternity,20,14,6,0,0,71.6
2025-10-11,10,Saturday,Surgery,15,10,5,0,0,68.5
2025-10-11,10,Saturday,Cardiology,20,13,7,0,0,68.6
2025-10-11,10,Saturday,Orthopedics,20,14,6,1,0,72.9
2025-10-11,10,Saturday,Neurology,15,11,4,1,0,79.2
2025-10-11,10,Saturday,Oncology,15,10,5,0,0,72.9
2025-10-12,10,Sunday,ICU,20,14,6,1,0,70.3
2025-10-12,10,Sunday,General,50,39,11,1,0,79.0
2025-10-12,10,Sunday,Emergency,30,20,10,1,0,67.1
2025-10-12,10,Sunday,Pediatrics,25,19,6,1,0,76.8
2025-10-12,10,Sunday,Maternity,20,15,5,1,0,75.8
2025-10-12,10,Sunday,Surgery,15,11,4,1,0,75.0
2025-10-12,10,Sunday,Cardiology,20,14,6,1,0,74.4
2025-10-12,10,Sunday,Orthopedics,20,13,7,0,0,69.0
2025-10-12,10,Sunday,Neurology,15,10,5,1,0,72.1
2025-10-12,10,Sunday,Oncology,15,10,5,0,0,67.5
2025-10-13,10,Monday,ICU,20,14,6,0,0,70.8
2025-10-13,10,Monday,General,50,35,15,0,0,70.1
2025-10-13,10,Monday,Emergency,30,23,7,0,0,79.9
2025-10-13,10,Monday,Pediatrics,25,19,6,0,0,76.0
2025-10-13,10,Monday,Maternity,20,13,7,0,0,68.2
2025-10-13,10,Monday,Surgery,15,10,5,0,0,68.9
2025-10-13,10,Monday,Cardiology,20,14,6,0,0,73.0
2025-10-13,10,Monday,Orthopedics,20,15,5,0,0,76.6
2025-10-13,10,Monday,Neurology,15,11,4,1,0,78.2
2025-10-13,10,Monday,Oncology,15,10,5,0,0,69.3
2025-10-14,10,Tuesday,ICU,20,14,6,0,0,71.0
2025-10-14,10,Tuesday,General,50,35,15,0,0,70.8
2025-10-14,10,Tuesday,Emergency,30,23,7,0,0,79.7
2025-10-14,10,Tuesday,Pediatrics,25,17,8,0,0,68.9
2025-10-14,10,Tuesday,Maternity,20,15,5,1,0,76.3
2025-10-14,10,Tuesday,Surgery,15,10,5,1,0,69.3
2025-10-14,10,Tuesday,Cardiology,20,15,5,0,0,77.0
2025-10-14,10,Tuesday,Orthopedics,20,15,5,0,0,75.3
2025-10-14,10,Tuesday,Neurology,15,10,5,0,0,73.0
2025-10-14,10,Tuesday,Oncology,15,11,4,1,0,74.0
2025-10-15,10,Wednesday,ICU,20,13,7,1,0,69.2
2025-10-15,10,Wednesday,General,50,39,11,1,0,79.4
2025-10-15,10,Wednesday,Emergency,30,21,9,1,0,72.5
2025-10-15,10,Wednesday,Pediatrics,25,19,6,0,0,79.2
2025-10-15,10,Wednesday,Maternity,20,13,7,1,0,69.1
2025-10-15,10,Wednesday,Surgery,15,10,5,0,0,68.4
2025-10-15,10,Wednesday,Cardiology,20,14,6,0,0,71.6
2025-10-15,10,Wednesday,Orthopedics,20,15,5,0,0,76.5
2025-10-15,10,Wednesday,Neurology,15,11,4,1,0,77.2
2025-10-15,10,Wednesday,Oncology,15,11,4,0,0,73.6
2025-10-16,10,Thursday,ICU,20,15,5,1,0,75.3
2025-10-16,10,Thursday,General,50,33,17,1,0,67.7
2025-10-16,10,Thursday,Emergency,30,23,7,0,0,77.6
2025-10-16,10,Thursday,Pediatrics,25,17,8,0,0,70.7
2025-10-16,10,Thursday,Maternity,20,14,6,1,0,73.6
2025-10-16,10,Thursday,Surgery,15,10,5,0,0,69.6
2025-10-16,10,Thursday,Cardiology,20,15,5,0,0,77.6
2025-10-16,10,Thursday,Orthopedics,20,15,5,0,0,78.5
2025-10-16,10,Thursday,Neurology,15,11,4,1,0,76.2
2025-10-16,10,Thursday,Oncology,15,11,4,0,0,76.8
2025-10-17,10,Friday,ICU,20,14,6,0,0,74.6
2025-10-17,10,Friday,General,50,39,11,1,0,78.4
2025-10-17,10,Friday,Emergency,30,21,9,1,0,73.1
2025-10-17,10,Friday,Pediatrics,25,18,7,0,0,72.6
2025-10-17,10,Friday,Maternity,20,14,6,0,0,72.9
2025-10-17,10,Friday,Surgery,15,11,4,1,0,73.5
2025-10-17,10,Friday,Cardiology,20,15,5,0,0,76.4
2025-10-17,10,Friday,Orthopedics,20,15,5,1,0,79.2
2025-10-17,10,Friday,Neurology,15,10,5,0,0,72.8
2025-10-17,10,Friday,Oncology,15,11,4,0,0,76.6
2025-10-18,10,Saturday,ICU,20,14,6,1,0,71.2
2025-10-18,10,Saturday,General,50,38,12,1,0,77.6
2025-10-18,10,Saturday,Emergency,30,22,8,0,0,73.6
2025-10-18,10,Saturday,Pediatrics,25,17,8,1,0,69.4
2025-10-18,10,Saturday,Maternity,20,15,5,0,0,75.1
2025-10-18,10,Saturday,Surgery,15,10,5,1,0,72.6
2025-10-18,10,Saturday,Cardiology,20,14,6,1,0,74.0
2025-10-18,10,Saturday,Orthopedics,20,14,6,0,0,72.8
2025-10-18,10,Saturday,Neurology,15,11,4,0,0,77.6
2025-10-18,10,Saturday,Oncology,15,11,4,0,0,78.5
2025-10-19,10,Sunday,ICU,20,13,7,0,0,69.3
2025-10-19,10,Sunday,General,50,35,15,0,0,71.8
2025-10-19,10,Sunday,Emergency,30,20,10,1,0,68.9
2025-10-19,10,Sunday,Pediatrics,25,18,7,1,0,74.8
2025-10-19,10,Sunday,Maternity,20,14,6,1,0,70.1
2025-10-19,10,Sunday,Surgery,15,11,4,1,0,78.7
2025-10-19,10,Sunday,Cardiology,20,15,5,1,0,76.3
2025-10-19,10,Sunday,Orthopedics,20,14,6,0,0,73.6
2025-10-19,10,Sunday,Neurology,15,11,4,0,0,77.2
2025-10-19,10,Sunday,Oncology,15,11,4,1,0,78.3
2025-10-20,10,Monday,ICU,20,13,7,1,0,67.7
2025-10-20,10,Monday,General,50,33,17,1,0,67.4
2025-10-20,10,Monday,Emergency,30,20,10,0,0,68.3
2025-10-20,10,Monday,Pediatrics,25,19,6,1,0,78.2
2025-10-20,10,Monday,Maternity,20,15,5,1,0,78.7
2025-10-20,10,Monday,Surgery,15,11,4,1,0,73.8
2025-10-20,10,Monday,Cardiology,20,15,5,0,0,76.6
2025-10-20,10,Monday,Orthopedics,20,13,7,1,0,69.3
2025-10-20,10,Monday,Neurology,15,10,5,1,0,68.2
2025-10-20,10,Monday,Oncology,15,10,5,1,0,68.6
2025-10-21,10,Tuesday,ICU,20,13,7,0,0,68.1
2025-10-21,10,Tuesday,General,50,34,16,1,0,69.6
2025-10-21,10,Tuesday,Emergency,30,20,10,0,0,68.2
2025-10-21,10,Tuesday,Pediatrics,25,19,6,0,0,78.8
2025-10-21,10,Tuesday,Maternity,20,14,6,1,0,70.4
2025-10-21,10,Tuesday,Surgery,15,11,4,1,0,76.8
2025-10-21,10,Tuesday,Cardiology,20,13,7,0,0,69.2
2025-10-21,10,Tuesday,Orthopedics,20,14,6,0,0,74.4
2025-10-21,10,Tuesday,Neurology,15,10,5,0,0,69.2
2025-10-21,10,Tuesday,Oncology,15,11,4,0,0,76.7
2025-10-22,10,Wednesday,ICU,20,14,6,1,0,74.5
2025-10-22,10,Wednesday,General,50,35,15,1,0,70.1
2025-10-22,10,Wednesday,Emergency,30,20,10,0,0,70.0
2025-10-22,10,Wednesday,Pediatrics,25,18,7,0,0,75.6
2025-10-22,10,Wednesday,Maternity,20,14,6,1,0,70.2
2025-10-22,10,Wednesday,Surgery,15,11,4,0,0,74.8
2025-10-22,10,Wednesday,Cardiology,20,13,7,1,0,67.3
2025-10-22,10,Wednesday,Orthopedics,20,15,5,0,0,79.4
2025-10-22,10,Wednesday,Neurology,15,10,5,0,0,71.1
2025-10-22,10,Wednesday,Oncology,15,11,4,1,0,78.5
2025-10-23,10,Thursday,ICU,20,15,5,0,0,76.3
2025-10-23,10,Thursday,General,50,37,13,0,0,75.7
2025-10-23,10,Thursday,Emergency,30,21,9,0,0,73.0
2025-10-23,10,Thursday,Pediatrics,25,18,7,0,0,72.9
2025-10-23,10,Thursday,Maternity,20,13,7,1,0,67.7
2025-10-23,10,Thursday,Surgery,15,11,4,0,0,74.2
2025-10-23,10,Thursday,Cardiology,20,15,5,1,0,77.8
2025-10-23,10,Thursday,Orthopedics,20,14,6,1,0,70.3
2025-10-23,10,Thursday,Neurology,15,11,4,1,0,76.5
2025-10-23,10,Thursday,Oncology,15,10,5,0,0,70.1
2025-10-24,10,Friday,ICU,20,15,5,1,0,78.2
2025-10-24,10,Friday,General,50,34,16,0,0,69.8
2025-10-24,10,Friday,Emergency,30,23,7,1,0,76.8
2025-10-24,10,Friday,Pediatrics,25,17,8,1,0,68.7
2025-10-24,10,Friday,Maternity,20,14,6,1,0,71.9
2025-10-24,10,Friday,Surgery,15,10,5,0,0,71.4
2025-10-24,10,Friday,Cardiology,20,14,6,1,0,71.6
2025-10-24,10,Friday,Orthopedics,20,15,5,1,0,78.9
2025-10-24,10,Friday,Neurology,15,11,4,0,0,79.0
2025-10-24,10,Friday,Oncology,15,11,4,1,0,78.5
2025-10-25,10,Saturday,ICU,20,15,5,1,0,78.6
2025-10-25,10,Saturday,General,50,36,14,1,0,72.9
2025-10-25,10,Saturday,Emergency,30,22,8,1,0,76.2
2025-10-25,10,Saturday,Pediatrics,25,18,7,0,0,75.4
2025-10-25,10,Saturday,Maternity,20,15,5,0,0,76.5
2025-10-25,10,Saturday,Surgery,15,10,5,1,0,72.8
2025-10-25,10,Saturday,Cardiology,20,15,5,1,0,80.0
2025-10-25,10,Saturday,Orthopedics,20,15,5,1,0,77.7
2025-10-25,10,Saturday,Neurology,15,11,4,1,0,74.9
2025-10-25,10,Saturday,Oncology,15,10,5,0,0,69.2
2025-10-26,10,Sunday,ICU,20,14,6,1,0,73.2
2025-10-26,10,Sunday,General,50,34,16,0,0,69.8
2025-10-26,10,Sunday,Emergency,30,23,7,0,0,79.5
2025-10-26,10,Sunday,Pediatrics,25,17,8,1,0,72.0
2025-10-26,10,Sunday,Maternity,20,14,6,0,0,71.7
2025-10-26,10,Sunday,Surgery,15,11,4,1,0,78.2
2025-10-26,10,Sunday,Cardiology,20,14,6,0,0,73.9
2025-10-26,10,Sunday,Orthopedics,20,15,5,1,0,76.3
2025-10-26,10,Sunday,Neurology,15,11,4,1,0,73.5
2025-10-26,10,Sunday,Oncology,15,11,4,0,0,78.4
2025-10-27,10,Monday,ICU,20,14,6,0,0,71.6
2025-10-27,10,Monday,General,50,35,15,1,0,71.2
2025-10-27,10,Monday,Emergency,30,22,8,1,0,74.8
2025-10-27,10,Monday,Pediatrics,25,18,7,1,0,72.6
2025-10-27,10,Monday,Maternity,20,14,6,0,0,73.8
2025-10-27,10,Monday,Surgery,15,10,5,1,0,71.4
2025-10-27,10,Monday,Cardiology,20,13,7,1,0,67.7
2025-10-27,10,Monday,Orthopedics,20,15,5,0,0,76.4
2025-10-27,10,Monday,Neurology,15,11,4,1,0,76.2
2025-10-27,10,Monday,Oncology,15,11,4,1,0,76.0
2025-10-28,10,Tuesday,ICU,20,13,7,1,0,68.1
2025-10-28,10,Tuesday,General,50,36,14,0,0,73.8
2025-10-28,10,Tuesday,Emergency,30,23,7,0,0,79.6
2025-10-28,10,Tuesday,Pediatrics,25,18,7,1,0,74.8
2025-10-28,10,Tuesday,Maternity,20,14,6,1,0,75.0
2025-10-28,10,Tuesday,Surgery,15,11,4,0,0,75.6
2025-10-28,10,Tuesday,Cardiology,20,15,5,0,0,77.1
2025-10-28,10,Tuesday,Orthopedics,20,13,7,1,0,69.6
2025-10-28,10,Tuesday,Neurology,15,11,4,0,0,79.1
2025-10-28,10,Tuesday,Oncology,15,11,4,0,0,78.9
2025-10-29,10,Wednesday,ICU,20,14,6,1,0,73.7
2025-10-29,10,Wednesday,General,50,37,13,1,0,76.0
2025-10-29,10,Wednesday,Emergency,30,23,7,1,0,79.8
2025-10-29,10,Wednesday,Pediatrics,25,18,7,1,0,73.3
2025-10-29,10,Wednesday,Maternity,20,14,6,1,0,71.2
2025-10-29,10,Wednesday,Surgery,15,10,5,1,0,67.1
2025-10-29,10,Wednesday,Cardiology,20,13,7,0,0,68.0
2025-10-29,10,Wednesday,Orthopedics,20,14,6,0,0,71.3
2025-10-29,10,Wednesday,Neurology,15,11,4,0,0,76.1
2025-10-29,10,Wednesday,Oncology,15,11,4,0,0,77.1
2025-10-30,10,Thursday,ICU,20,14,6,1,0,72.0
2025-10-30,10,Thursday,General,50,35,15,1,0,70.1
2025-10-30,10,Thursday,Emergency,30,23,7,1,0,77.2
2025-10-30,10,Thursday,Pediatrics,25,18,7,0,0,74.1
2025-10-30,10,Thursday,Maternity,20,14,6,0,0,73.7
2025-10-30,10,Thursday,Surgery,15,10,5,1,0,73.1
2025-10-30,10,Thursday,Cardiology,20,14,6,0,0,70.3
2025-10-30,10,Thursday,Orthopedics,20,15,5,1,0,79.9
2025-10-30,10,Thursday,Neurology,15,11,4,1,0,74.5
2025-10-30,10,Thursday,Oncology,15,11,4,1,0,76.0
2025-10-31,10,Friday,ICU,20,15,5,0,0,76.5
2025-10-31,10,Friday,General,50,35,15,1,0,71.1
2025-10-31,10,Friday,Emergency,30,23,7,0,0,79.6
2025-10-31,10,Friday,Pediatrics,25,19,6,0,0,77.7
2025-10-31,10,Friday,Maternity,20,14,6,0,0,71.2
2025-10-31,10,Friday,Surgery,15,11,4,0,0,78.1
2025-10-31,10,Friday,Cardiology,20,13,7,0,0,68.0
2025-10-31,10,Friday,Orthopedics,20,13,7,0,0,68.2
2025-10-31,10,Friday,Neurology,15,11,4,1,0,76.1
2025-10-31,10,Friday,Oncology,15,11,4,0,0,74.4
2025-11-01,11,Saturday,ICU,20,18,2,0,0,90.4
2025-11-01,11,Saturday,General,50,46,4,0,0,93.1
2025-11-01,11,Saturday,Emergency,30,26,4,1,0,88.2
2025-11-01,11,Saturday,Pediatrics,25,20,5,0,0,83.5
2025-11-01,11,Saturday,Maternity,20,17,3,1,0,88.1
2025-11-01,11,Saturday,Surgery,15,12,3,0,0,86.6
2025-11-01,11,Saturday,Cardiology,20,17,3,1,0,88.0
2025-11-01,11,Saturday,Orthopedics,20,18,2,1,0,92.6
2025-11-01,11,Saturday,Neurology,15,13,2,0,0,89.4
2025-11-01,11,Saturday,Oncology,15,12,3,1,0,82.9
2025-11-02,11,Sunday,ICU,20,18,2,0,0,93.7
2025-11-02,11,Sunday,General,50,46,4,1,0,93.1
2025-11-02,11,Sunday,Emergency,30,28,2,0,0,93.7
2025-11-02,11,Sunday,Pediatrics,25,23,2,1,0,93.3
2025-11-02,11,Sunday,Maternity,20,17,3,0,0,87.7
2025-11-02,11,Sunday,Surgery,15,13,2,0,0,87.4
2025-11-02,11,Sunday,Cardiology,20,16,4,0,0,81.8
2025-11-02,11,Sunday,Orthopedics,20,18,2,0,0,90.8
2025-11-02,11,Sunday,Neurology,15,12,3,1,0,82.7
2025-11-02,11,Sunday,Oncology,15,13,2,1,0,91.6
2025-11-03,11,Monday,ICU,20,16,4,0,0,82.8
2025-11-03,11,Monday,General,50,46,4,0,0,92.4
2025-11-03,11,Monday,Emergency,30,24,6,0,0,82.6
2025-11-03,11,Monday,Pediatrics,25,23,2,0,0,94.1
2025-11-03,11,Monday,Maternity,20,18,2,1,0,92.4
2025-11-03,11,Monday,Surgery,15,13,2,0,0,90.4
2025-11-03,11,Monday,Cardiology,20,18,2,0,0,91.8
2025-11-03,11,Monday,Orthopedics,20,18,2,1,0,91.3
2025-11-03,11,Monday,Neurology,15,13,2,1,0,88.2
2025-11-03,11,Monday,Oncology,15,13,2,0,0,87.2
2025-11-04,11,Tuesday,ICU,20,16,4,0,0,84.1
2025-11-04,11,Tuesday,General,50,43,7,0,0,86.0
2025-11-04,11,Tuesday,Emergency,30,24,6,0,0,82.0
2025-11-04,11,Tuesday,Pediatrics,25,20,5,0,0,81.9
2025-11-04,11,Tuesday,Maternity,20,18,2,0,0,92.7
2025-11-04,11,Tuesday,Surgery,15,13,2,0,0,92.7
2025-11-04,11,Tuesday,Cardiology,20,16,4,1,0,81.7
2025-11-04,11,Tuesday,Orthopedics,20,18,2,1,0,91.9
2025-11-04,11,Tuesday,Neurology,15,13,2,0,0,89.0
2025-11-04,11,Tuesday,Oncology,15,12,3,0,0,86.0
2025-11-05,11,Wednesday,ICU,20,18,2,0,0,90.1
2025-11-05,11,Wednesday,General,50,47,3,1,0,94.1
2025-11-05,11,Wednesday,Emergency,30,24,6,1,0,81.7
2025-11-05,11,Wednesday,Pediatrics,25,21,4,0,0,85.1
2025-11-05,11,Wednesday,Maternity,20,16,4,0,0,82.5
2025-11-05,11,Wednesday,Surgery,15,12,3,1,0,85.4
2025-11-05,11,Wednesday,Cardiology,20,18,2,0,0,90.8
2025-11-05,11,Wednesday,Orthopedics,20,18,2,0,0,91.6
2025-11-05,11,Wednesday,Neurology,15,13,2,0,0,90.7
2025-11-05,11,Wednesday,Oncology,15,13,2,0,0,87.7
2025-11-06,11,Thursday,ICU,20,18,2,1,0,93.4
2025-11-06,11,Thursday,General,50,46,4,0,0,93.0
2025-11-06,11,Thursday,Emergency,30,24,6,0,0,81.8
2025-11-06,11,Thursday,Pediatrics,25,22,3,1,0,90.5
2025-11-06,11,Thursday,Maternity,20,18,2,1,0,92.9
2025-11-06,11,Thursday,Surgery,15,13,2,1,0,88.6
2025-11-06,11,Thursday,Cardiology,20,17,3,0,0,85.2
2025-11-06,11,Thursday,Orthopedics,20,17,3,1,0,86.6
2025-11-06,11,Thursday,Neurology,15,12,3,0,0,86.0
2025-11-06,11,Thursday,Oncology,15,13,2,0,0,86.7
2025-11-07,11,Friday,ICU,20,17,3,0,0,85.5
2025-11-07,11,Friday,General,50,42,8,0,0,85.5
2025-11-07,11,Friday,Emergency,30,27,3,1,0,91.3
2025-11-07,11,Friday,Pediatrics,25,22,3,0,0,91.9
2025-11-07,11,Friday,Maternity,20,16,4,0,0,84.2
2025-11-07,11,Friday,Surgery,15,13,2,1,0,87.2
2025-11-07,11,Friday,Cardiology,20,17,3,1,0,87.7
2025-11-07,11,Friday,Orthopedics,20,16,4,1,0,84.1
2025-11-07,11,Friday,Neurology,15,13,2,0,0,89.4
2025-11-07,11,Friday,Oncology,15,12,3,0,0,83.0
2025-11-08,11,Saturday,ICU,20,16,4,1,0,82.8
2025-11-08,11,Saturday,General,50,42,8,0,0,84.4
2025-11-08,11,Saturday,Emergency,30,25,5,0,0,84.4
2025-11-08,11,Saturday,Pediatrics,25,23,2,0,0,93.4
2025-11-08,11,Saturday,Maternity,20,17,3,1,0,85.5
2025-11-08,11,Saturday,Surgery,15,13,2,0,0,86.7
2025-11-08,11,Saturday,Cardiology,20,18,2,0,0,90.6
2025-11-08,11,Saturday,Orthopedics,20,17,3,1,0,88.7
2025-11-08,11,Saturday,Neurology,15,13,2,0,0,90.4
2025-11-08,11,Saturday,Oncology,15,12,3,1,0,82.1
2025-11-09,11,Sunday,ICU,20,18,2,0,0,91.0
2025-11-09,11,Sunday,General,50,45,5,0,0,91.1
2025-11-09,11,Sunday,Emergency,30,27,3,0,0,93.0
2025-11-09,11,Sunday,Pediatrics,25,21,4,1,0,86.9
2025-11-09,11,Sunday,Maternity,20,16,4,1,0,82.2
2025-11-09,11,Sunday,Surgery,15,13,2,0,0,91.3
2025-11-09,11,Sunday,Cardiology,20,16,4,0,0,84.3
2025-11-09,11,Sunday,Orthopedics,20,17,3,0,0,89.7
2025-11-09,11,Sunday,Neurology,15,13,2,0,0,90.4
2025-11-09,11,Sunday,Oncology,15,12,3,0,0,82.2
2025-11-10,11,Monday,ICU,20,18,2,1,0,92.2
2025-11-10,11,Monday,General,50,43,7,1,0,86.2
2025-11-10,11,Monday,Emergency,30,26,4,0,0,87.4
2025-11-10,11,Monday,Pediatrics,25,23,2,1,0,93.8
2025-11-10,11,Monday,Maternity,20,18,2,0,0,92.7
2025-11-10,11,Monday,Surgery,15,14,1,1,0,93.7
2025-11-10,11,Monday,Cardiology,20,18,2,1,0,92.3
2025-11-10,11,Monday,Orthopedics,20,18,2,0,0,92.0
2025-11-10,11,Monday,Neurology,15,14,1,0,0,94.2
2025-11-10,11,Monday,Oncology,15,12,3,1,0,85.2
2025-11-11,11,Tuesday,ICU,20,18,2,1,0,92.1
2025-11-11,11,Tuesday,General,50,43,7,1,0,87.7
2025-11-11,11,Tuesday,Emergency,30,27,3,0,0,91.8
2025-11-11,11,Tuesday,Pediatrics,25,20,5,0,0,83.2
2025-11-11,11,Tuesday,Maternity,20,18,2,1,0,90.7
2025-11-11,11,Tuesday,Surgery,15,13,2,1,0,89.5
2025-11-11,11,Tuesday,Cardiology,20,18,2,1,0,91.8
2025-11-11,11,Tuesday,Orthopedics,20,18,2,1,0,91.4
2025-11-11,11,Tuesday,Neurology,15,12,3,0,0,81.8
2025-11-11,11,Tuesday,Oncology,15,13,2,1,0,91.6
2025-11-12,11,Wednesday,ICU,20,16,4,1,0,84.2
2025-11-12,11,Wednesday,General,50,42,8,1,0,84.9
2025-11-12,11,Wednesday,Emergency,30,27,3,0,0,92.3
2025-11-12,11,Wednesday,Pediatrics,25,21,4,1,0,87.3
2025-11-12,11,Wednesday,Maternity,20,17,3,0,0,86.4
2025-11-12,11,Wednesday,Surgery,15,12,3,1,0,82.2
2025-11-12,11,Wednesday,Cardiology,20,17,3,0,0,85.8
2025-11-12,11,Wednesday,Orthopedics,20,16,4,1,0,83.9
2025-11-12,11,Wednesday,Neurology,15,12,3,0,0,85.5
2025-11-12,11,Wednesday,Oncology,15,12,3,0,0,85.6
2025-11-13,11,Thursday,ICU,20,18,2,1,0,92.2
2025-11-13,11,Thursday,General,50,45,5,1,0,90.4
2025-11-13,11,Thursday,Emergency,30,25,5,0,0,85.7
2025-11-13,11,Thursday,Pediatrics,25,22,3,0,0,91.8
2025-11-13,11,Thursday,Maternity,20,16,4,0,0,82.2
2025-11-13,11,Thursday,Surgery,15,13,2,1,0,93.3
2025-11-13,11,Thursday,Cardiology,20,18,2,1,0,91.4
2025-11-13,11,Thursday,Orthopedics,20,17,3,0,0,88.4
2025-11-13,11,Thursday,Neurology,15,13,2,1,0,89.9
2025-11-13,11,Thursday,Oncology,15,12,3,0,0,84.6
2025-11-14,11,Friday,ICU,20,18,2,0,0,90.7
2025-11-14,11,Friday,General,50,45,5,1,0,90.2
2025-11-14,11,Friday,Emergency,30,25,5,0,0,85.2
2025-11-14,11,Friday,Pediatrics,25,20,5,1,0,83.8
2025-11-14,11,Friday,Maternity,20,16,4,0,0,84.4
2025-11-14,11,Friday,Surgery,15,14,1,1,0,94.1
2025-11-14,11,Friday,Cardiology,20,18,2,0,0,91.4
2025-11-14,11,Friday,Orthopedics,20,17,3,0,0,87.4
2025-11-14,11,Friday,Neurology,15,13,2,0,0,91.9
2025-11-14,11,Friday,Oncology,15,12,3,1,0,82.6
2025-11-15,11,Saturday,ICU,20,17,3,0,0,86.0
2025-11-15,11,Saturday,General,50,42,8,1,0,84.5
2025-11-15,11,Saturday,Emergency,30,26,4,0,0,87.2
2025-11-15,11,Saturday,Pediatrics,25,21,4,1,0,87.2
2025-11-15,11,Saturday,Maternity,20,16,4,1,0,82.1
2025-11-15,11,Saturday,Surgery,15,13,2,1,0,91.5
2025-11-15,11,Saturday,Cardiology,20,16,4,0,0,82.6
2025-11-15,11,Saturday,Orthopedics,20,17,3,0,0,89.4
2025-11-15,11,Saturday,Neurology,15,13,2,1,0,89.7
2025-11-15,11,Saturday,Oncology,15,13,2,0,0,87.3
2025-11-16,11,Sunday,ICU,20,17,3,0,0,87.6
2025-11-16,11,Sunday,General,50,41,9,0,0,82.8
2025-11-16,11,Sunday,Emergency,30,24,6,1,0,81.8
2025-11-16,11,Sunday,Pediatrics,25,22,3,1,0,91.3
2025-11-16,11,Sunday,Maternity,20,16,4,0,0,82.1
2025-11-16,11,Sunday,Surgery,15,12,3,0,0,86.0
2025-11-16,11,Sunday,Cardiology,20,18,2,1,0,90.5
2025-11-16,11,Sunday,Orthopedics,20,18,2,0,0,94.1
2025-11-16,11,Sunday,Neurology,15,14,1,1,0,93.6
2025-11-16,11,Sunday,Oncology,15,13,2,1,0,87.9
2025-11-17,11,Monday,ICU,20,16,4,0,0,84.3
2025-11-17,11,Monday,General,50,40,10,0,0,81.8
2025-11-17,11,Monday,Emergency,30,25,5,0,0,86.5
2025-11-17,11,Monday,Pediatrics,25,21,4,0,0,86.1
2025-11-17,11,Monday,Maternity,20,17,3,1,0,88.0
2025-11-17,11,Monday,Surgery,15,13,2,1,0,91.1
2025-11-17,11,Monday,Cardiology,20,17,3,0,0,87.8
2025-11-17,11,Monday,Orthopedics,20,17,3,0,0,86.2
2025-11-17,11,Monday,Neurology,15,12,3,0,0,86.2
2025-11-17,11,Monday,Oncology,15,12,3,1,0,83.4
2025-11-18,11,Tuesday,ICU,20,17,3,0,0,87.5
2025-11-18,11,Tuesday,General,50,41,9,1,0,83.3
2025-11-18,11,Tuesday,Emergency,30,25,5,1,0,86.0
2025-11-18,11,Tuesday,Pediatrics,25,20,5,0,0,82.9
2025-11-18,11,Tuesday,Maternity,20,16,4,0,0,83.2
2025-11-18,11,Tuesday,Surgery,15,13,2,0,0,91.8
2025-11-18,11,Tuesday,Cardiology,20,16,4,1,0,81.4
2025-11-18,11,Tuesday,Orthopedics,20,17,3,1,0,88.8
2025-11-18,11,Tuesday,Neurology,15,13,2,1,0,90.0
2025-11-18,11,Tuesday,Oncology,15,13,2,0,0,88.4
2025-11-19,11,Wednesday,ICU,20,16,4,0,0,84.3
2025-11-19,11,Wednesday,General,50,41,9,0,0,83.4
2025-11-19,11,Wednesday,Emergency,30,26,4,0,0,87.9
2025-11-19,11,Wednesday,Pediatrics,25,21,4,1,0,84.9
2025-11-19,11,Wednesday,Maternity,20,16,4,1,0,84.0
2025-11-19,11,Wednesday,Surgery,15,13,2,0,0,92.5
2025-11-19,11,Wednesday,Cardiology,20,18,2,0,0,93.8
2025-11-19,11,Wednesday,Orthopedics,20,17,3,1,0,85.6
2025-11-19,11,Wednesday,Neurology,15,13,2,1,0,92.5
2025-11-19,11,Wednesday,Oncology,15,12,3,1,0,85.0
2025-11-20,11,Thursday,ICU,20,16,4,0,0,81.7
2025-11-20,11,Thursday,General,50,44,6,0,0,89.1
2025-11-20,11,Thursday,Emergency,30,27,3,0,0,90.7
2025-11-20,11,Thursday,Pediatrics,25,21,4,0,0,86.2
2025-11-20,11,Thursday,Maternity,20,18,2,1,0,92.4
2025-11-20,11,Thursday,Surgery,15,12,3,0,0,81.4
2025-11-20,11,Thursday,Cardiology,20,16,4,0,0,82.3
2025-11-20,11,Thursday,Orthopedics,20,18,2,1,0,92.3
2025-11-20,11,Thursday,Neurology,15,13,2,0,0,88.4
2025-11-20,11,Thursday,Oncology,15,12,3,0,0,82.7
2025-11-21,11,Friday,ICU,20,16,4,0,0,82.9
2025-11-21,11,Friday,General,50,42,8,0,0,84.5
2025-11-21,11,Friday,Emergency,30,27,3,1,0,90.2
2025-11-21,11,Friday,Pediatrics,25,21,4,1,0,85.6
2025-11-21,11,Friday,Maternity,20,17,3,1,0,87.7
2025-11-21,11,Friday,Surgery,15,13,2,0,0,92.0
2025-11-21,11,Friday,Cardiology,20,16,4,1,0,83.6
2025-11-21,11,Friday,Orthopedics,20,16,4,0,0,82.0
2025-11-21,11,Friday,Neurology,15,12,3,1,0,81.9
2025-11-21,11,Friday,Oncology,15,12,3,0,0,85.9
2025-11-22,11,Saturday,ICU,20,18,2,0,0,92.0
2025-11-22,11,Saturday,General,50,42,8,1,0,84.6
2025-11-22,11,Saturday,Emergency,30,27,3,0,0,92.2
2025-11-22,11,Saturday,Pediatrics,25,21,4,1,0,84.4
2025-11-22,11,Saturday,Maternity,20,17,3,0,0,88.9
2025-11-22,11,Saturday,Surgery,15,13,2,0,0,90.2
2025-11-22,11,Saturday,Cardiology,20,17,3,1,0,86.9
2025-11-22,11,Saturday,Orthopedics,20,16,4,1,0,83.5
2025-11-22,11,Saturday,Neurology,15,13,2,1,0,88.7
2025-11-22,11,Saturday,Oncology,15,14,1,0,0,94.3
2025-11-23,11,Sunday,ICU,20,16,4,0,0,82.3
2025-11-23,11,Sunday,General,50,46,4,0,0,93.2
2025-11-23,11,Sunday,Emergency,30,27,3,1,0,92.9
2025-11-23,11,Sunday,Pediatrics,25,21,4,0,0,86.0
2025-11-23,11,Sunday,Maternity,20,16,4,1,0,84.5
2025-11-23,11,Sunday,Surgery,15,12,3,0,0,85.7
2025-11-23,11,Sunday,Cardiology,20,18,2,0,0,94.1
2025-11-23,11,Sunday,Orthopedics,20,18,2,1,0,92.3
2025-11-23,11,Sunday,Neurology,15,12,3,0,0,83.3
2025-11-23,11,Sunday,Oncology,15,13,2,1,0,88.3
2025-11-24,11,Monday,ICU,20,18,2,0,0,94.2
2025-11-24,11,Monday,General,50,44,6,1,0,89.7
2025-11-24,11,Monday,Emergency,30,26,4,0,0,88.5
2025-11-24,11,Monday,Pediatrics,25,23,2,1,0,93.9
2025-11-24,11,Monday,Maternity,20,18,2,1,0,92.0
2025-11-24,11,Monday,Surgery,15,13,2,1,0,87.6
2025-11-24,11,Monday,Cardiology,20,18,2,1,0,94.4
2025-11-24,11,Monday,Orthopedics,20,16,4,0,0,83.7
2025-11-24,11,Monday,Neurology,15,12,3,0,0,85.1
2025-11-24,11,Monday,Oncology,15,12,3,0,0,82.5
2025-11-25,11,Tuesday,ICU,20,16,4,1,0,81.5
2025-11-25,11,Tuesday,General,50,44,6,0,0,88.0
2025-11-25,11,Tuesday,Emergency,30,27,3,0,0,91.4
2025-11-25,11,Tuesday,Pediatrics,25,22,3,1,0,89.7
2025-11-25,11,Tuesday,Maternity,20,17,3,1,0,89.9
2025-11-25,11,Tuesday,Surgery,15,13,2,1,0,93.1
2025-11-25,11,Tuesday,Cardiology,20,17,3,0,0,88.3
2025-11-25,11,Tuesday,Orthopedics,20,17,3,1,0,87.7
2025-11-25,11,Tuesday,Neurology,15,13,2,0,0,91.6
2025-11-25,11,Tuesday,Oncology,15,12,3,0,0,84.4
2025-11-26,11,Wednesday,ICU,20,18,2,0,0,90.7
2025-11-26,11,Wednesday,General,50,44,6,0,0,88.8
2025-11-26,11,Wednesday,Emergency,30,25,5,0,0,84.3
2025-11-26,11,Wednesday,Pediatrics,25,21,4,1,0,84.9
2025-11-26,11,Wednesday,Maternity,20,17,3,0,0,88.4
2025-11-26,11,Wednesday,Surgery,15,13,2,0,0,89.2
2025-11-26,11,Wednesday,Cardiology,20,18,2,1,0,93.8
2025-11-26,11,Wednesday,Orthopedics,20,17,3,1,0,88.1
2025-11-26,11,Wednesday,Neurology,15,13,2,0,0,91.6
2025-11-26,11,Wednesday,Oncology,15,13,2,1,0,88.4
2025-11-27,11,Thursday,ICU,20,16,4,1,0,83.6
2025-11-27,11,Thursday,General,50,41,9,0,0,83.6
2025-11-27,11,Thursday,Emergency,30,24,6,0,0,83.1
2025-11-27,11,Thursday,Pediatrics,25,21,4,1,0,85.6
2025-11-27,11,Thursday,Maternity,20,18,2,1,0,93.2
2025-11-27,11,Thursday,Surgery,15,12,3,0,0,84.3
2025-11-27,11,Thursday,Cardiology,20,16,4,1,0,82.5
2025-11-27,11,Thursday,Orthopedics,20,16,4,0,0,82.8
2025-11-27,11,Thursday,Neurology,15,12,3,1,0,83.3
2025-11-27,11,Thursday,Oncology,15,13,2,1,0,92.3
2025-11-28,11,Friday,ICU,20,16,4,0,0,82.3
2025-11-28,11,Friday,General,50,41,9,1,0,82.8
2025-11-28,11,Friday,Emergency,30,27,3,0,0,91.7
2025-11-28,11,Friday,Pediatrics,25,23,2,0,0,93.1
2025-11-28,11,Friday,Maternity,20,16,4,1,0,83.2
2025-11-28,11,Friday,Surgery,15,12,3,0,0,82.7
2025-11-28,11,Friday,Cardiology,20,17,3,1,0,87.3
2025-11-28,11,Friday,Orthopedics,20,17,3,1,0,87.7
2025-11-28,11,Friday,Neurology,15,13,2,1,0,91.3
2025-11-28,11,Friday,Oncology,15,12,3,1,0,82.1
2025-11-29,11,Saturday,ICU,20,16,4,1,0,83.2
2025-11-29,11,Saturday,General,50,44,6,1,0,88.6
2025-11-29,11,Saturday,Emergency,30,27,3,0,0,92.1
2025-11-29,11,Saturday,Pediatrics,25,23,2,0,0,92.7
2025-11-29,11,Saturday,Maternity,20,18,2,1,0,90.4
2025-11-29,11,Saturday,Surgery,15,12,3,1,0,85.8
2025-11-29,11,Saturday,Cardiology,20,18,2,1,0,93.2
2025-11-29,11,Saturday,Orthopedics,20,18,2,0,0,93.5
2025-11-29,11,Saturday,Neurology,15,14,1,1,0,93.7
2025-11-29,11,Saturday,Oncology,15,12,3,0,0,83.9
2025-11-30,11,Sunday,ICU,20,18,2,0,0,91.6
2025-11-30,11,Sunday,General,50,45,5,1,0,91.9
2025-11-30,11,Sunday,Emergency,30,27,3,1,0,92.9
2025-11-30,11,Sunday,Pediatrics,25,20,5,1,0,82.3
2025-11-30,11,Sunday,Maternity,20,18,2,0,0,91.0
2025-11-30,11,Sunday,Surgery,15,13,2,0,0,87.3
2025-11-30,11,Sunday,Cardiology,20,18,2,0,0,90.9
2025-11-30,11,Sunday,Orthopedics,20,17,3,0,0,85.5
2025-11-30,11,Sunday,Neurology,15,14,1,0,0,93.7
2025-11-30,11,Sunday,Oncology,15,12,3,0,0,83.3
2025-12-01,12,Monday,ICU,20,17,3,1,0,86.9
2025-12-01,12,Monday,General,50,46,4,0,0,93.4
2025-12-01,12,Monday,Emergency,30,27,3,1,0,92.0
2025-12-01,12,Monday,Pediatrics,25,22,3,0,0,91.4
2025-12-01,12,Monday,Maternity,20,18,2,0,0,93.7
2025-12-01,12,Monday,Surgery,15,12,3,1,0,85.7
2025-12-01,12,Monday,Cardiology,20,17,3,1,0,89.4
2025-12-01,12,Monday,Orthopedics,20,18,2,1,0,92.3
2025-12-01,12,Monday,Neurology,15,13,2,0,0,91.7
2025-12-01,12,Monday,Oncology,15,12,3,0,0,81.8
2025-12-02,12,Tuesday,ICU,20,18,2,1,0,91.6
2025-12-02,12,Tuesday,General,50,44,6,0,0,88.1
2025-12-02,12,Tuesday,Emergency,30,27,3,0,0,92.8
2025-12-02,12,Tuesday,Pediatrics,25,22,3,1,0,89.3
2025-12-02,12,Tuesday,Maternity,20,18,2,0,0,91.8
2025-12-02,12,Tuesday,Surgery,15,12,3,1,0,81.8
2025-12-02,12,Tuesday,Cardiology,20,17,3,1,0,85.8
2025-12-02,12,Tuesday,Orthopedics,20,17,3,0,0,88.0
2025-12-02,12,Tuesday,Neurology,15,12,3,1,0,83.2
2025-12-02,12,Tuesday,Oncology,15,13,2,0,0,91.6
2025-12-03,12,Wednesday,ICU,20,17,3,1,0,85.7
2025-12-03,12,Wednesday,General,50,40,10,0,0,81.7
2025-12-03,12,Wednesday,Emergency,30,27,3,1,0,91.6
2025-12-03,12,Wednesday,Pediatrics,25,22,3,0,0,90.4
2025-12-03,12,Wednesday,Maternity,20,18,2,1,0,91.1
2025-12-03,12,Wednesday,Surgery,15,13,2,1,0,86.8
2025-12-03,12,Wednesday,Cardiology,20,17,3,0,0,86.7
2025-12-03,12,Wednesday,Orthopedics,20,17,3,1,0,88.4
2025-12-03,12,Wednesday,Neurology,15,12,3,1,0,82.3
2025-12-03,12,Wednesday,Oncology,15,13,2,0,0,89.5
2025-12-04,12,Thursday,ICU,20,18,2,1,0,91.6
2025-12-04,12,Thursday,General,50,43,7,1,0,86.5
2025-12-04,12,Thursday,Emergency,30,26,4,1,0,87.8
2025-12-04,12,Thursday,Pediatrics,25,20,5,1,0,83.8
2025-12-04,12,Thursday,Maternity,20,17,3,0,0,87.8
2025-12-04,12,Thursday,Surgery,15,13,2,1,0,90.8
2025-12-04,12,Thursday,Cardiology,20,17,3,1,0,85.3
2025-12-04,12,Thursday,Orthopedics,20,18,2,0,0,92.8
2025-12-04,12,Thursday,Neurology,15,12,3,1,0,82.7
2025-12-04,12,Thursday,Oncology,15,13,2,1,0,91.9
2025-12-05,12,Friday,ICU,20,17,3,0,0,87.9
2025-12-05,12,Friday,General,50,44,6,1,0,88.4
2025-12-05,12,Friday,Emergency,30,28,2,1,0,94.3
2025-12-05,12,Friday,Pediatrics,25,23,2,0,0,93.6
2025-12-05,12,Friday,Maternity,20,17,3,1,0,87.3
2025-12-05,12,Friday,Surgery,15,13,2,1,0,86.9
2025-12-05,12,Friday,Cardiology,20,17,3,0,0,88.5
2025-12-05,12,Friday,Orthopedics,20,17,3,1,0,87.9
2025-12-05,12,Friday,Neurology,15,13,2,1,0,88.8
2025-12-05,12,Friday,Oncology,15,12,3,0,0,85.2
2025-12-06,12,Saturday,ICU,20,16,4,0,0,83.4
2025-12-06,12,Saturday,General,50,46,4,1,0,92.1
2025-12-06,12,Saturday,Emergency,30,25,5,1,0,84.2
2025-12-06,12,Saturday,Pediatrics,25,21,4,0,0,84.4
2025-12-06,12,Saturday,Maternity,20,16,4,1,0,82.2
2025-12-06,12,Saturday,Surgery,15,13,2,1,0,87.7
2025-12-06,12,Saturday,Cardiology,20,17,3,0,0,89.4
2025-12-06,12,Saturday,Orthopedics,20,18,2,0,0,91.2
2025-12-06,12,Saturday,Neurology,15,12,3,0,0,85.1
2025-12-06,12,Saturday,Oncology,15,13,2,1,0,91.7
2025-12-07,12,Sunday,ICU,20,18,2,1,0,91.7
2025-12-07,12,Sunday,General,50,45,5,1,0,91.4
2025-12-07,12,Sunday,Emergency,30,28,2,0,0,93.6
2025-12-07,12,Sunday,Pediatrics,25,21,4,1,0,84.5
2025-12-07,12,Sunday,Maternity,20,17,3,1,0,85.1
2025-12-07,12,Sunday,Surgery,15,12,3,0,0,82.6
2025-12-07,12,Sunday,Cardiology,20,18,2,1,0,93.7
2025-12-07,12,Sunday,Orthopedics,20,17,3,0,0,89.3
2025-12-07,12,Sunday,Neurology,15,12,3,1,0,84.1
2025-12-07,12,Sunday,Oncology,15,12,3,0,0,84.9
2025-12-08,12,Monday,ICU,20,16,4,1,0,84.8
2025-12-08,12,Monday,General,50,42,8,0,0,84.9
2025-12-08,12,Monday,Emergency,30,25,5,1,0,86.4
2025-12-08,12,Monday,Pediatrics,25,22,3,1,0,88.7
2025-12-08,12,Monday,Maternity,20,17,3,1,0,88.1
2025-12-08,12,Monday,Surgery,15,12,3,0,0,82.5
2025-12-08,12,Monday,Cardiology,20,17,3,0,0,86.0
2025-12-08,12,Monday,Orthopedics,20,18,2,1,0,91.0
2025-12-08,12,Monday,Neurology,15,12,3,1,0,84.1
2025-12-08,12,Monday,Oncology,15,13,2,0,0,90.3
2025-12-09,12,Tuesday,ICU,20,18,2,0,0,92.2
2025-12-09,12,Tuesday,General,50,41,9,0,0,83.3
2025-12-09,12,Tuesday,Emergency,30,25,5,1,0,86.6
2025-12-09,12,Tuesday,Pediatrics,25,21,4,0,0,87.5
2025-12-09,12,Tuesday,Maternity,20,17,3,1,0,89.6
2025-12-09,12,Tuesday,Surgery,15,13,2,0,0,89.0
2025-12-09,12,Tuesday,Cardiology,20,16,4,1,0,83.9
2025-12-09,12,Tuesday,Orthopedics,20,18,2,0,0,94.3
2025-12-09,12,Tuesday,Neurology,15,13,2,0,0,87.5
2025-12-09,12,Tuesday,Oncology,15,12,3,1,0,85.2
2025-12-10,12,Wednesday,ICU,20,17,3,1,0,87.0
2025-12-10,12,Wednesday,General,50,44,6,1,0,88.6
2025-12-10,12,Wednesday,Emergency,30,27,3,1,0,92.7
2025-12-10,12,Wednesday,Pediatrics,25,22,3,1,0,91.7
2025-12-10,12,Wednesday,Maternity,20,16,4,0,0,84.9
2025-12-10,12,Wednesday,Surgery,15,13,2,0,0,89.0
2025-12-10,12,Wednesday,Cardiology,20,17,3,0,0,88.6
2025-12-10,12,Wednesday,Orthopedics,20,16,4,0,0,81.5
2025-12-10,12,Wednesday,Neurology,15,12,3,1,0,85.7
2025-12-10,12,Wednesday,Oncology,15,12,3,1,0,83.7
2025-12-11,12,Thursday,ICU,20,16,4,1,0,83.0
2025-12-11,12,Thursday,General,50,46,4,1,0,93.2
2025-12-11,12,Thursday,Emergency,30,28,2,0,0,93.5
2025-12-11,12,Thursday,Pediatrics,25,23,2,1,0,93.1
2025-12-11,12,Thursday,Maternity,20,16,4,1,0,82.7
2025-12-11,12,Thursday,Surgery,15,14,1,0,0,93.9
2025-12-11,12,Thursday,Cardiology,20,17,3,1,0,88.7
2025-12-11,12,Thursday,Orthopedics,20,16,4,0,0,83.1
2025-12-11,12,Thursday,Neurology,15,13,2,0,0,91.6
2025-12-11,12,Thursday,Oncology,15,13,2,1,0,88.4
2025-12-12,12,Friday,ICU,20,17,3,1,0,87.8
2025-12-12,12,Friday,General,50,45,5,0,0,90.6
2025-12-12,12,Friday,Emergency,30,25,5,0,0,86.5
2025-12-12,12,Friday,Pediatrics,25,21,4,0,0,84.2
2025-12-12,12,Friday,Maternity,20,18,2,1,0,91.4
2025-12-12,12,Friday,Surgery,15,12,3,0,0,84.9
2025-12-12,12,Friday,Cardiology,20,17,3,1,0,85.7
2025-12-12,12,Friday,Orthopedics,20,17,3,1,0,85.5
2025-12-12,12,Friday,Neurology,15,12,3,1,0,81.6
2025-12-12,12,Friday,Oncology,15,12,3,1,0,86.6
2025-12-13,12,Saturday,ICU,20,17,3,0,0,89.5
2025-12-13,12,Saturday,General,50,46,4,0,0,93.2
2025-12-13,12,Saturday,Emergency,30,24,6,0,0,82.2
2025-12-13,12,Saturday,Pediatrics,25,21,4,0,0,85.4
2025-12-13,12,Saturday,Maternity,20,18,2,1,0,93.4
2025-12-13,12,Saturday,Surgery,15,12,3,1,0,85.6
2025-12-13,12,Saturday,Cardiology,20,16,4,1,0,83.4
2025-12-13,12,Saturday,Orthopedics,20,16,4,0,0,84.1
2025-12-13,12,Saturday,Neurology,15,13,2,1,0,91.9
2025-12-13,12,Saturday,Oncology,15,13,2,0,0,89.9
2025-12-14,12,Sunday,ICU,20,18,2,0,0,92.6
2025-12-14,12,Sunday,General,50,41,9,1,0,83.1
2025-12-14,12,Sunday,Emergency,30,25,5,0,0,84.5
2025-12-14,12,Sunday,Pediatrics,25,20,5,1,0,82.5
2025-12-14,12,Sunday,Maternity,20,16,4,1,0,84.5
2025-12-14,12,Sunday,Surgery,15,13,2,0,0,92.3
2025-12-14,12,Sunday,Cardiology,20,16,4,1,0,84.8
2025-12-14,12,Sunday,Orthopedics,20,18,2,0,0,93.1
2025-12-14,12,Sunday,Neurology,15,13,2,1,0,88.6
2025-12-14,12,Sunday,Oncology,15,12,3,1,0,86.1
2025-12-15,12,Monday,ICU,20,17,3,1,0,88.6
2025-12-15,12,Monday,General,50,46,4,0,0,93.4
2025-12-15,12,Monday,Emergency,30,27,3,1,0,92.0
2025-12-15,12,Monday,Pediatrics,25,22,3,0,0,89.8
2025-12-15,12,Monday,Maternity,20,17,3,0,0,88.3
2025-12-15,12,Monday,Surgery,15,12,3,1,0,83.5
2025-12-15,12,Monday,Cardiology,20,16,4,0,0,83.9
2025-12-15,12,Monday,Orthopedics,20,18,2,0,0,94.2
2025-12-15,12,Monday,Neurology,15,12,3,1,0,83.4
2025-12-15,12,Monday,Oncology,15,12,3,0,0,81.7
2025-12-16,12,Tuesday,ICU,20,18,2,0,0,91.3
2025-12-16,12,Tuesday,General,50,44,6,0,0,89.5
2025-12-16,12,Tuesday,Emergency,30,25,5,1,0,86.3
2025-12-16,12,Tuesday,Pediatrics,25,22,3,1,0,89.1
2025-12-16,12,Tuesday,Maternity,20,16,4,0,0,84.1
2025-12-16,12,Tuesday,Surgery,15,12,3,1,0,82.6
2025-12-16,12,Tuesday,Cardiology,20,17,3,1,0,87.1
2025-12-16,12,Tuesday,Orthopedics,20,16,4,0,0,84.8
2025-12-16,12,Tuesday,Neurology,15,13,2,1,0,90.5
2025-12-16,12,Tuesday,Oncology,15,13,2,0,0,88.0
2025-12-17,12,Wednesday,ICU,20,16,4,1,0,84.8
2025-12-17,12,Wednesday,General,50,47,3,1,0,94.3
2025-12-17,12,Wednesday,Emergency,30,26,4,1,0,89.2
2025-12-17,12,Wednesday,Pediatrics,25,21,4,1,0,84.3
2025-12-17,12,Wednesday,Maternity,20,18,2,0,0,91.8
2025-12-17,12,Wednesday,Surgery,15,13,2,1,0,91.9
2025-12-17,12,Wednesday,Cardiology,20,17,3,0,0,85.5
2025-12-17,12,Wednesday,Orthopedics,20,17,3,1,0,87.3
2025-12-17,12,Wednesday,Neurology,15,12,3,0,0,85.0
2025-12-17,12,Wednesday,Oncology,15,13,2,1,0,90.9
2025-12-18,12,Thursday,ICU,20,16,4,0,0,81.4
2025-12-18,12,Thursday,General,50,43,7,1,0,86.8
2025-12-18,12,Thursday,Emergency,30,26,4,0,0,88.6
2025-12-18,12,Thursday,Pediatrics,25,23,2,0,0,92.2
2025-12-18,12,Thursday,Maternity,20,18,2,1,0,90.5
2025-12-18,12,Thursday,Surgery,15,12,3,0,0,83.5
2025-12-18,12,Thursday,Cardiology,20,17,3,0,0,89.8
2025-12-18,12,Thursday,Orthopedics,20,18,2,0,0,90.1
2025-12-18,12,Thursday,Neurology,15,12,3,1,0,81.8
2025-12-18,12,Thursday,Oncology,15,13,2,1,0,91.7
2025-12-19,12,Friday,ICU,20,18,2,1,0,91.9
2025-12-19,12,Friday,General,50,44,6,1,0,88.8
2025-12-19,12,Friday,Emergency,30,24,6,1,0,83.1
2025-12-19,12,Friday,Pediatrics,25,20,5,0,0,83.3
2025-12-19,12,Friday,Maternity,20,16,4,1,0,82.6
2025-12-19,12,Friday,Surgery,15,13,2,0,0,90.4
2025-12-19,12,Friday,Cardiology,20,17,3,0,0,86.5
2025-12-19,12,Friday,Orthopedics,20,17,3,0,0,87.4
2025-12-19,12,Friday,Neurology,15,13,2,0,0,91.2
2025-12-19,12,Friday,Oncology,15,14,1,0,0,94.4
2025-12-20,12,Saturday,ICU,20,17,3,1,0,88.2
2025-12-20,12,Saturday,General,50,46,4,1,0,93.2
2025-12-20,12,Saturday,Emergency,30,24,6,0,0,82.7
2025-12-20,12,Saturday,Pediatrics,25,21,4,1,0,85.1
2025-12-20,12,Saturday,Maternity,20,17,3,1,0,86.4
2025-12-20,12,Saturday,Surgery,15,13,2,0,0,92.1
2025-12-20,12,Saturday,Cardiology,20,17,3,1,0,85.5
2025-12-20,12,Saturday,Orthopedics,20,16,4,1,0,82.7
2025-12-20,12,Saturday,Neurology,15,12,3,1,0,82.8
2025-12-20,12,Saturday,Oncology,15,13,2,1,0,87.0
2025-12-21,12,Sunday,ICU,20,16,4,0,0,82.7
2025-12-21,12,Sunday,General,50,46,4,0,0,92.3
2025-12-21,12,Sunday,Emergency,30,24,6,1,0,81.5
2025-12-21,12,Sunday,Pediatrics,25,22,3,1,0,88.7
2025-12-21,12,Sunday,Maternity,20,18,2,0,0,92.7
2025-12-21,12,Sunday,Surgery,15,12,3,0,0,82.1
2025-12-21,12,Sunday,Cardiology,20,16,4,0,0,81.6
2025-12-21,12,Sunday,Orthopedics,20,16,4,1,0,83.7
2025-12-21,12,Sunday,Neurology,15,13,2,0,0,88.8
2025-12-21,12,Sunday,Oncology,15,12,3,0,0,82.8
2025-12-22,12,Monday,ICU,20,17,3,0,0,88.7
2025-12-22,12,Monday,General,50,42,8,1,0,84.7
2025-12-22,12,Monday,Emergency,30,26,4,0,0,88.8
2025-12-22,12,Monday,Pediatrics,25,21,4,1,0,87.1
2025-12-22,12,Monday,Maternity,20,17,3,0,0,85.4
2025-12-22,12,Monday,Surgery,15,12,3,1,0,84.4
2025-12-22,12,Monday,Cardiology,20,17,3,1,0,87.0
2025-12-22,12,Monday,Orthopedics,20,17,3,1,0,89.6
2025-12-22,12,Monday,Neurology,15,13,2,0,0,87.7
2025-12-22,12,Monday,Oncology,15,13,2,1,0,90.4
2025-12-23,12,Tuesday,ICU,20,17,3,1,0,86.4
2025-12-23,12,Tuesday,General,50,43,7,1,0,86.2
2025-12-23,12,Tuesday,Emergency,30,24,6,0,0,82.9
2025-12-23,12,Tuesday,Pediatrics,25,20,5,0,0,83.5
2025-12-23,12,Tuesday,Maternity,20,17,3,1,0,87.4
2025-12-23,12,Tuesday,Surgery,15,12,3,0,0,81.6
2025-12-23,12,Tuesday,Cardiology,20,17,3,1,0,86.0
2025-12-23,12,Tuesday,Orthopedics,20,18,2,0,0,93.3
2025-12-23,12,Tuesday,Neurology,15,12,3,1,0,84.7
2025-12-23,12,Tuesday,Oncology,15,13,2,0,0,86.8
2025-12-24,12,Wednesday,ICU,20,17,3,1,0,89.0
2025-12-24,12,Wednesday,General,50,44,6,0,0,90.0
2025-12-24,12,Wednesday,Emergency,30,26,4,1,0,88.4
2025-12-24,12,Wednesday,Pediatrics,25,20,5,0,0,82.5
2025-12-24,12,Wednesday,Maternity,20,18,2,0,0,92.3
2025-12-24,12,Wednesday,Surgery,15,13,2,1,0,91.0
2025-12-24,12,Wednesday,Cardiology,20,16,4,1,0,83.2
2025-12-24,12,Wednesday,Orthopedics,20,18,2,1,0,93.2
2025-12-24,12,Wednesday,Neurology,15,14,1,1,0,93.4
2025-12-24,12,Wednesday,Oncology,15,13,2,0,0,93.2
2025-12-25,12,Thursday,ICU,20,18,2,0,0,90.9
2025-12-25,12,Thursday,General,50,41,9,1,0,82.1
2025-12-25,12,Thursday,Emergency,30,24,6,0,0,83.1
2025-12-25,12,Thursday,Pediatrics,25,22,3,0,0,88.3
2025-12-25,12,Thursday,Maternity,20,18,2,1,0,93.7
2025-12-25,12,Thursday,Surgery,15,13,2,1,0,89.4
2025-12-25,12,Thursday,Cardiology,20,18,2,1,0,92.7
2025-12-25,12,Thursday,Orthopedics,20,18,2,1,0,91.7
2025-12-25,12,Thursday,Neurology,15,12,3,0,0,82.4
2025-12-25,12,Thursday,Oncology,15,13,2,0,0,88.3
2025-12-26,12,Friday,ICU,20,16,4,1,0,84.0
2025-12-26,12,Friday,General,50,45,5,0,0,91.4
2025-12-26,12,Friday,Emergency,30,25,5,0,0,85.5
2025-12-26,12,Friday,Pediatrics,25,23,2,0,0,93.7
2025-12-26,12,Friday,Maternity,20,17,3,0,0,87.4
2025-12-26,12,Friday,Surgery,15,13,2,1,0,92.9
2025-12-26,12,Friday,Cardiology,20,18,2,1,0,90.4
2025-12-26,12,Friday,Orthopedics,20,17,3,0,0,88.9
2025-12-26,12,Friday,Neurology,15,13,2,0,0,91.7
2025-12-26,12,Friday,Oncology,15,13,2,1,0,88.8
2025-12-27,12,Saturday,ICU,20,17,3,1,0,89.4
2025-12-27,12,Saturday,General,50,42,8,1,0,85.1
2025-12-27,12,Saturday,Emergency,30,27,3,1,0,90.6
2025-12-27,12,Saturday,Pediatrics,25,21,4,1,0,84.4
2025-12-27,12,Saturday,Maternity,20,17,3,0,0,88.2
2025-12-27,12,Saturday,Surgery,15,13,2,1,0,91.7
2025-12-27,12,Saturday,Cardiology,20,17,3,1,0,87.2
2025-12-27,12,Saturday,Orthopedics,20,16,4,0,0,84.1
2025-12-27,12,Saturday,Neurology,15,12,3,0,0,84.6
2025-12-27,12,Saturday,Oncology,15,13,2,0,0,92.2
2025-12-28,12,Sunday,ICU,20,17,3,1,0,86.8
2025-12-28,12,Sunday,General,50,45,5,1,0,90.2
2025-12-28,12,Sunday,Emergency,30,27,3,1,0,90.5
2025-12-28,12,Sunday,Pediatrics,25,20,5,1,0,82.1
2025-12-28,12,Sunday,Maternity,20,18,2,0,0,90.7
2025-12-28,12,Sunday,Surgery,15,13,2,0,0,86.8
2025-12-28,12,Sunday,Cardiology,20,17,3,1,0,89.2
2025-12-28,12,Sunday,Orthopedics,20,17,3,1,0,86.5
2025-12-28,12,Sunday,Neurology,15,13,2,0,0,90.8
2025-12-28,12,Sunday,Oncology,15,13,2,0,0,92.2
2025-12-29,12,Monday,ICU,20,17,3,0,0,85.1
2025-12-29,12,Monday,General,50,45,5,0,0,92.0
2025-12-29,12,Monday,Emergency,30,25,5,1,0,86.2
2025-12-29,12,Monday,Pediatrics,25,22,3,0,0,89.7
2025-12-29,12,Monday,Maternity,20,16,4,1,0,84.2
2025-12-29,12,Monday,Surgery,15,13,2,1,0,92.3
2025-12-29,12,Monday,Cardiology,20,18,2,0,0,91.4
2025-12-29,12,Monday,Orthopedics,20,18,2,0,0,93.7
2025-12-29,12,Monday,Neurology,15,13,2,0,0,87.5
2025-12-29,12,Monday,Oncology,15,13,2,0,0,88.6
2025-12-30,12,Tuesday,ICU,20,16,4,1,0,82.2
2025-12-30,12,Tuesday,General,50,42,8,1,0,85.7
2025-12-30,12,Tuesday,Emergency,30,24,6,0,0,81.6
2025-12-30,12,Tuesday,Pediatrics,25,20,5,1,0,82.0
2025-12-30,12,Tuesday,Maternity,20,17,3,1,0,86.0
2025-12-30,12,Tuesday,Surgery,15,14,1,1,0,94.1
2025-12-30,12,Tuesday,Cardiology,20,16,4,0,0,84.7
2025-12-30,12,Tuesday,Orthopedics,20,16,4,1,0,84.4
2025-12-30,12,Tuesday,Neurology,15,13,2,0,0,88.3
2025-12-30,12,Tuesday,Oncology,15,13,2,1,0,88.2
2025-12-31,12,Wednesday,ICU,20,18,2,1,0,92.0
2025-12-31,12,Wednesday,General,50,43,7,1,0,87.8
2025-12-31,12,Wednesday,Emergency,30,27,3,0,0,93.0
2025-12-31,12,Wednesday,Pediatrics,25,20,5,0,0,82.2
2025-12-31,12,Wednesday,Maternity,20,18,2,0,0,92.2
2025-12-31,12,Wednesday,Surgery,15,14,1,0,0,93.6
2025-12-31,12,Wednesday,Cardiology,20,18,2,0,0,93.8
2025-12-31,12,Wednesday,Orthopedics,20,18,2,1,0,94.2
2025-12-31,12,Wednesday,Neurology,15,13,2,1,0,91.0
2025-12-31,12,Wednesday,Oncology,15,13,2,1,0,92.4
2026-01-01,1,Thursday,ICU,20,16,4,1,0,81.7
2026-01-01,1,Thursday,General,50,43,7,1,0,86.5
2026-01-01,1,Thursday,Emergency,30,28,2,0,0,93.8
2026-01-01,1,Thursday,Pediatrics,25,22,3,0,0,88.4
2026-01-01,1,Thursday,Maternity,20,18,2,1,0,91.4
2026-01-01,1,Thursday,Surgery,15,12,3,0,0,83.8
2026-01-01,1,Thursday,Cardiology,20,17,3,1,0,87.1
2026-01-01,1,Thursday,Orthopedics,20,18,2,1,0,92.8
2026-01-01,1,Thursday,Neurology,15,12,3,1,0,84.1
2026-01-01,1,Thursday,Oncology,15,13,2,0,0,90.5
2026-01-02,1,Friday,ICU,20,16,4,0,0,81.7
2026-01-02,1,Friday,General,50,42,8,1,0,85.1
2026-01-02,1,Friday,Emergency,30,24,6,1,0,83.1
2026-01-02,1,Friday,Pediatrics,25,22,3,0,0,89.0
2026-01-02,1,Friday,Maternity,20,17,3,1,0,87.9
2026-01-02,1,Friday,Surgery,15,13,2,0,0,91.1
2026-01-02,1,Friday,Cardiology,20,16,4,1,0,83.0
2026-01-02,1,Friday,Orthopedics,20,16,4,1,0,84.8
2026-01-02,1,Friday,Neurology,15,12,3,0,0,86.2
2026-01-02,1,Friday,Oncology,15,13,2,1,0,91.3
2026-01-03,1,Saturday,ICU,20,18,2,1,0,90.6
2026-01-03,1,Saturday,General,50,45,5,0,0,91.6
2026-01-03,1,Saturday,Emergency,30,27,3,1,0,91.3
2026-01-03,1,Saturday,Pediatrics,25,23,2,1,0,93.4
2026-01-03,1,Saturday,Maternity,20,17,3,1,0,88.5
2026-01-03,1,Saturday,Surgery,15,13,2,1,0,91.7
2026-01-03,1,Saturday,Cardiology,20,17,3,1,0,86.9
2026-01-03,1,Saturday,Orthopedics,20,17,3,0,0,85.4
2026-01-03,1,Saturday,Neurology,15,14,1,1,0,93.7
2026-01-03,1,Saturday,Oncology,15,13,2,0,0,89.0
2026-01-04,1,Sunday,ICU,20,16,4,1,0,81.5
2026-01-04,1,Sunday,General,50,43,7,0,0,87.0
2026-01-04,1,Sunday,Emergency,30,26,4,0,0,88.9
2026-01-04,1,Sunday,Pediatrics,25,22,3,1,0,91.5
2026-01-04,1,Sunday,Maternity,20,18,2,0,0,92.1
2026-01-04,1,Sunday,Surgery,15,13,2,0,0,88.3
2026-01-04,1,Sunday,Cardiology,20,17,3,0,0,86.3
2026-01-04,1,Sunday,Orthopedics,20,17,3,1,0,88.0
2026-01-04,1,Sunday,Neurology,15,13,2,0,0,86.8
2026-01-04,1,Sunday,Oncology,15,13,2,1,0,93.1
2026-01-05,1,Monday,ICU,20,18,2,1,0,92.8
2026-01-05,1,Monday,General,50,45,5,1,0,90.9
2026-01-05,1,Monday,Emergency,30,26,4,0,0,89.9
2026-01-05,1,Monday,Pediatrics,25,21,4,0,0,87.9
2026-01-05,1,Monday,Maternity,20,16,4,1,0,84.4
2026-01-05,1,Monday,Surgery,15,13,2,0,0,88.0
2026-01-05,1,Monday,Cardiology,20,18,2,0,0,91.8
2026-01-05,1,Monday,Orthopedics,20,17,3,1,0,86.8
2026-01-05,1,Monday,Neurology,15,13,2,1,0,91.1
2026-01-05,1,Monday,Oncology,15,13,2,1,0,92.8
2026-01-06,1,Tuesday,ICU,20,17,3,0,0,89.9
2026-01-06,1,Tuesday,General,50,45,5,0,0,91.9
2026-01-06,1,Tuesday,Emergency,30,26,4,0,0,89.1
2026-01-06,1,Tuesday,Pediatrics,25,22,3,0,0,90.4
2026-01-06,1,Tuesday,Maternity,20,18,2,0,0,90.0
2026-01-06,1,Tuesday,Surgery,15,12,3,0,0,83.9
2026-01-06,1,Tuesday,Cardiology,20,18,2,0,0,93.9
2026-01-06,1,Tuesday,Orthopedics,20,17,3,1,0,88.4
2026-01-06,1,Tuesday,Neurology,15,13,2,0,0,92.1
2026-01-06,1,Tuesday,Oncology,15,14,1,0,0,94.1
2026-01-07,1,Wednesday,ICU,20,17,3,1,0,85.1
2026-01-07,1,Wednesday,General,50,44,6,0,0,88.8
2026-01-07,1,Wednesday,Emergency,30,25,5,1,0,86.6
2026-01-07,1,Wednesday,Pediatrics,25,21,4,1,0,85.9
2026-01-07,1,Wednesday,Maternity,20,17,3,0,0,85.4
2026-01-07,1,Wednesday,Surgery,15,13,2,1,0,86.9
2026-01-07,1,Wednesday,Cardiology,20,17,3,1,0,89.2
2026-01-07,1,Wednesday,Orthopedics,20,17,3,1,0,88.1
2026-01-07,1,Wednesday,Neurology,15,12,3,1,0,83.5
2026-01-07,1,Wednesday,Oncology,15,12,3,0,0,86.3
2026-01-08,1,Thursday,ICU,20,18,2,1,0,90.4
2026-01-08,1,Thursday,General,50,45,5,0,0,90.9
2026-01-08,1,Thursday,Emergency,30,26,4,0,0,87.0
2026-01-08,1,Thursday,Pediatrics,25,20,5,0,0,83.2
2026-01-08,1,Thursday,Maternity,20,16,4,0,0,83.9
2026-01-08,1,Thursday,Surgery,15,13,2,0,0,88.3
2026-01-08,1,Thursday,Cardiology,20,17,3,1,0,85.1
2026-01-08,1,Thursday,Orthopedics,20,18,2,1,0,93.4
2026-01-08,1,Thursday,Neurology,15,14,1,1,0,93.9
2026-01-08,1,Thursday,Oncology,15,13,2,1,0,92.9
2026-01-09,1,Friday,ICU,20,17,3,1,0,89.7
2026-01-09,1,Friday,General,50,46,4,1,0,93.6
2026-01-09,1,Friday,Emergency,30,27,3,0,0,91.4
2026-01-09,1,Friday,Pediatrics,25,22,3,1,0,88.4
2026-01-09,1,Friday,Maternity,20,17,3,1,0,89.6
2026-01-09,1,Friday,Surgery,15,13,2,1,0,87.3
2026-01-09,1,Friday,Cardiology,20,18,2,0,0,92.4
2026-01-09,1,Friday,Orthopedics,20,18,2,0,0,93.2
2026-01-09,1,Friday,Neurology,15,13,2,1,0,87.9
2026-01-09,1,Friday,Oncology,15,14,1,0,0,93.7
2026-01-10,1,Saturday,ICU,20,16,4,1,0,82.0
2026-01-10,1,Saturday,General,50,41,9,1,0,82.3
2026-01-10,1,Saturday,Emergency,30,26,4,0,0,88.6
2026-01-10,1,Saturday,Pediatrics,25,23,2,0,0,93.3
2026-01-10,1,Saturday,Maternity,20,17,3,1,0,89.8
2026-01-10,1,Saturday,Surgery,15,12,3,1,0,83.0
2026-01-10,1,Saturday,Cardiology,20,16,4,1,0,84.9
2026-01-10,1,Saturday,Orthopedics,20,17,3,0,0,86.6
2026-01-10,1,Saturday,Neurology,15,13,2,0,0,90.7
2026-01-10,1,Saturday,Oncology,15,12,3,0,0,85.4
2026-01-11,1,Sunday,ICU,20,18,2,1,0,92.3
2026-01-11,1,Sunday,General,50,41,9,0,0,83.2
2026-01-11,1,Sunday,Emergency,30,24,6,1,0,82.2
2026-01-11,1,Sunday,Pediatrics,25,20,5,1,0,83.8
2026-01-11,1,Sunday,Maternity,20,17,3,0,0,87.5
2026-01-11,1,Sunday,Surgery,15,12,3,1,0,81.8
2026-01-11,1,Sunday,Cardiology,20,17,3,1,0,86.0
2026-01-11,1,Sunday,Orthopedics,20,16,4,0,0,84.3
2026-01-11,1,Sunday,Neurology,15,12,3,1,0,85.7
2026-01-11,1,Sunday,Oncology,15,13,2,1,0,87.7
2026-01-12,1,Monday,ICU,20,17,3,1,0,85.4
2026-01-12,1,Monday,General,50,41,9,1,0,83.9
2026-01-12,1,Monday,Emergency,30,27,3,1,0,90.4
2026-01-12,1,Monday,Pediatrics,25,21,4,1,0,85.7
2026-01-12,1,Monday,Maternity,20,17,3,1,0,89.5
2026-01-12,1,Monday,Surgery,15,13,2,1,0,86.9
2026-01-12,1,Monday,Cardiology,20,18,2,1,0,93.8
2026-01-12,1,Monday,Orthopedics,20,17,3,0,0,86.2
2026-01-12,1,Monday,Neurology,15,14,1,1,0,93.5
2026-01-12,1,Monday,Oncology,15,12,3,1,0,85.7
2026-01-13,1,Tuesday,ICU,20,16,4,0,0,84.0
2026-01-13,1,Tuesday,General,50,45,5,1,0,91.7
2026-01-13,1,Tuesday,Emergency,30,27,3,0,0,92.1
2026-01-13,1,Tuesday,Pediatrics,25,21,4,0,0,87.7
2026-01-13,1,Tuesday,Maternity,20,17,3,0,0,87.5
2026-01-13,1,Tuesday,Surgery,15,13,2,0,0,86.9
2026-01-13,1,Tuesday,Cardiology,20,17,3,1,0,89.7
2026-01-13,1,Tuesday,Orthopedics,20,17,3,0,0,89.7
2026-01-13,1,Tuesday,Neurology,15,14,1,1,0,93.5
2026-01-13,1,Tuesday,Oncology,15,13,2,1,0,89.2
2026-01-14,1,Wednesday,ICU,20,17,3,1,0,88.9
2026-01-14,1,Wednesday,General,50,45,5,1,0,90.8
2026-01-14,1,Wednesday,Emergency,30,27,3,0,0,92.7
2026-01-14,1,Wednesday,Pediatrics,25,22,3,1,0,88.5
2026-01-14,1,Wednesday,Maternity,20,16,4,1,0,82.2
2026-01-14,1,Wednesday,Surgery,15,12,3,0,0,84.1
2026-01-14,1,Wednesday,Cardiology,20,18,2,0,0,93.4
2026-01-14,1,Wednesday,Orthopedics,20,17,3,0,0,88.5
2026-01-14,1,Wednesday,Neurology,15,13,2,0,0,89.2
2026-01-14,1,Wednesday,Oncology,15,12,3,0,0,84.0
2026-01-15,1,Thursday,ICU,20,16,4,1,0,82.6
2026-01-15,1,Thursday,General,50,43,7,0,0,87.2
2026-01-15,1,Thursday,Emergency,30,26,4,1,0,86.7
2026-01-15,1,Thursday,Pediatrics,25,21,4,0,0,87.0
2026-01-15,1,Thursday,Maternity,20,16,4,1,0,83.6
2026-01-15,1,Thursday,Surgery,15,13,2,1,0,89.3
2026-01-15,1,Thursday,Cardiology,20,17,3,0,0,86.5
2026-01-15,1,Thursday,Orthopedics,20,18,2,0,0,92.0
2026-01-15,1,Thursday,Neurology,15,13,2,1,0,91.6
2026-01-15,1,Thursday,Oncology,15,12,3,1,0,82.7
2026-01-16,1,Friday,ICU,20,17,3,1,0,89.7
2026-01-16,1,Friday,General,50,46,4,0,0,93.1
2026-01-16,1,Friday,Emergency,30,25,5,1,0,85.0
2026-01-16,1,Friday,Pediatrics,25,20,5,1,0,83.4
2026-01-16,1,Friday,Maternity,20,17,3,1,0,89.2
2026-01-16,1,Friday,Surgery,15,13,2,0,0,91.6
2026-01-16,1,Friday,Cardiology,20,16,4,0,0,83.1
2026-01-16,1,Friday,Orthopedics,20,18,2,1,0,93.2
2026-01-16,1,Friday,Neurology,15,13,2,1,0,90.8
2026-01-16,1,Friday,Oncology,15,12,3,1,0,86.3
2026-01-17,1,Saturday,ICU,20,17,3,0,0,88.1
2026-01-17,1,Saturday,General,50,46,4,0,0,92.5
2026-01-17,1,Saturday,Emergency,30,28,2,1,0,94.0
2026-01-17,1,Saturday,Pediatrics,25,21,4,0,0,84.5
2026-01-17,1,Saturday,Maternity,20,17,3,0,0,88.8
2026-01-17,1,Saturday,Surgery,15,13,2,1,0,88.7
2026-01-17,1,Saturday,Cardiology,20,18,2,1,0,90.1
2026-01-17,1,Saturday,Orthopedics,20,16,4,1,0,82.2
2026-01-17,1,Saturday,Neurology,15,14,1,0,0,94.2
2026-01-17,1,Saturday,Oncology,15,12,3,1,0,83.9
2026-01-18,1,Sunday,ICU,20,17,3,1,0,88.8
2026-01-18,1,Sunday,General,50,45,5,0,0,90.0
2026-01-18,1,Sunday,Emergency,30,24,6,0,0,82.5
2026-01-18,1,Sunday,Pediatrics,25,22,3,1,0,88.1
2026-01-18,1,Sunday,Maternity,20,18,2,0,0,91.0
2026-01-18,1,Sunday,Surgery,15,12,3,0,0,84.4
2026-01-18,1,Sunday,Cardiology,20,16,4,1,0,82.8
2026-01-18,1,Sunday,Orthopedics,20,17,3,0,0,85.0
2026-01-18,1,Sunday,Neurology,15,12,3,0,0,82.5
2026-01-18,1,Sunday,Oncology,15,12,3,0,0,82.2
2026-01-19,1,Monday,ICU,20,18,2,1,0,93.7
2026-01-19,1,Monday,General,50,44,6,1,0,89.6
2026-01-19,1,Monday,Emergency,30,24,6,1,0,81.6
2026-01-19,1,Monday,Pediatrics,25,21,4,0,0,86.3
2026-01-19,1,Monday,Maternity,20,18,2,1,0,92.3
2026-01-19,1,Monday,Surgery,15,13,2,0,0,91.9
2026-01-19,1,Monday,Cardiology,20,16,4,1,0,81.8
2026-01-19,1,Monday,Orthopedics,20,17,3,0,0,86.6
2026-01-19,1,Monday,Neurology,15,12,3,0,0,85.2
2026-01-19,1,Monday,Oncology,15,12,3,0,0,85.9
2026-01-20,1,Tuesday,ICU,20,16,4,1,0,81.9
2026-01-20,1,Tuesday,General,50,42,8,0,0,84.7
2026-01-20,1,Tuesday,Emergency,30,25,5,0,0,85.6
2026-01-20,1,Tuesday,Pediatrics,25,20,5,0,0,81.6
2026-01-20,1,Tuesday,Maternity,20,18,2,0,0,92.3
2026-01-20,1,Tuesday,Surgery,15,13,2,0,0,88.4
2026-01-20,1,Tuesday,Cardiology,20,18,2,1,0,91.8
2026-01-20,1,Tuesday,Orthopedics,20,16,4,0,0,84.1
2026-01-20,1,Tuesday,Neurology,15,12,3,0,0,82.7
2026-01-20,1,Tuesday,Oncology,15,13,2,1,0,88.8
2026-01-21,1,Wednesday,ICU,20,18,2,0,0,90.6
2026-01-21,1,Wednesday,General,50,41,9,0,0,82.4
2026-01-21,1,Wednesday,Emergency,30,26,4,0,0,86.8
2026-01-21,1,Wednesday,Pediatrics,25,22,3,1,0,91.0
2026-01-21,1,Wednesday,Maternity,20,17,3,1,0,89.4
2026-01-21,1,Wednesday,Surgery,15,13,2,0,0,88.0
2026-01-21,1,Wednesday,Cardiology,20,17,3,0,0,89.4
2026-01-21,1,Wednesday,Orthopedics,20,16,4,1,0,82.8
2026-01-21,1,Wednesday,Neurology,15,13,2,1,0,92.1
2026-01-21,1,Wednesday,Oncology,15,12,3,1,0,86.5
2026-01-22,1,Thursday,ICU,20,18,2,0,0,94.0
2026-01-22,1,Thursday,General,50,45,5,1,0,91.2
2026-01-22,1,Thursday,Emergency,30,25,5,0,0,84.1
2026-01-22,1,Thursday,Pediatrics,25,21,4,0,0,86.3
2026-01-22,1,Thursday,Maternity,20,18,2,1,0,92.1
2026-01-22,1,Thursday,Surgery,15,12,3,0,0,85.6
2026-01-22,1,Thursday,Cardiology,20,18,2,1,0,93.5
2026-01-22,1,Thursday,Orthopedics,20,17,3,0,0,88.2
2026-01-22,1,Thursday,Neurology,15,13,2,1,0,92.2
2026-01-22,1,Thursday,Oncology,15,13,2,1,0,90.4
2026-01-23,1,Friday,ICU,20,17,3,0,0,89.2
2026-01-23,1,Friday,General,50,46,4,0,0,93.1
2026-01-23,1,Friday,Emergency,30,25,5,0,0,84.3
2026-01-23,1,Friday,Pediatrics,25,23,2,1,0,92.9
2026-01-23,1,Friday,Maternity,20,16,4,0,0,84.4
2026-01-23,1,Friday,Surgery,15,12,3,1,0,85.4
2026-01-23,1,Friday,Cardiology,20,18,2,1,0,94.2
2026-01-23,1,Friday,Orthopedics,20,17,3,1,0,86.5
2026-01-23,1,Friday,Neurology,15,12,3,0,0,81.7
2026-01-23,1,Friday,Oncology,15,13,2,1,0,90.1
2026-01-24,1,Saturday,ICU,20,16,4,0,0,82.5
2026-01-24,1,Saturday,General,50,41,9,1,0,82.5
2026-01-24,1,Saturday,Emergency,30,25,5,1,0,86.0
2026-01-24,1,Saturday,Pediatrics,25,20,5,0,0,81.6
2026-01-24,1,Saturday,Maternity,20,17,3,0,0,89.9
2026-01-24,1,Saturday,Surgery,15,13,2,0,0,88.2
2026-01-24,1,Saturday,Cardiology,20,16,4,1,0,81.4
2026-01-24,1,Saturday,Orthopedics,20,16,4,0,0,82.1
2026-01-24,1,Saturday,Neurology,15,13,2,0,0,88.0
2026-01-24,1,Saturday,Oncology,15,14,1,1,0,94.1
2026-01-25,1,Sunday,ICU,20,18,2,0,0,92.9
2026-01-25,1,Sunday,General,50,41,9,1,0,82.2
2026-01-25,1,Sunday,Emergency,30,27,3,0,0,93.3
2026-01-25,1,Sunday,Pediatrics,25,23,2,1,0,93.7
2026-01-25,1,Sunday,Maternity,20,17,3,1,0,88.3
2026-01-25,1,Sunday,Surgery,15,12,3,0,0,86.3
2026-01-25,1,Sunday,Cardiology,20,17,3,1,0,85.8
2026-01-25,1,Sunday,Orthopedics,20,18,2,0,0,91.4
2026-01-25,1,Sunday,Neurology,15,14,1,1,0,93.8
2026-01-25,1,Sunday,Oncology,15,12,3,0,0,84.3
2026-01-26,1,Monday,ICU,20,16,4,1,0,84.0
2026-01-26,1,Monday,General,50,41,9,0,0,82.6
2026-01-26,1,Monday,Emergency,30,27,3,1,0,92.2
2026-01-26,1,Monday,Pediatrics,25,22,3,0,0,89.9
2026-01-26,1,Monday,Maternity,20,17,3,1,0,88.0
2026-01-26,1,Monday,Surgery,15,13,2,1,0,91.3
2026-01-26,1,Monday,Cardiology,20,17,3,0,0,87.8
2026-01-26,1,Monday,Orthopedics,20,18,2,1,0,93.3
2026-01-26,1,Monday,Neurology,15,13,2,1,0,89.6
2026-01-26,1,Monday,Oncology,15,13,2,0,0,89.9
2026-01-27,1,Tuesday,ICU,20,16,4,0,0,83.5
2026-01-27,1,Tuesday,General,50,41,9,1,0,83.2
2026-01-27,1,Tuesday,Emergency,30,25,5,1,0,83.6
2026-01-27,1,Tuesday,Pediatrics,25,20,5,0,0,82.0
2026-01-27,1,Tuesday,Maternity,20,17,3,0,0,85.9
2026-01-27,1,Tuesday,Surgery,15,13,2,0,0,92.0
2026-01-27,1,Tuesday,Cardiology,20,18,2,0,0,90.2
2026-01-27,1,Tuesday,Orthopedics,20,16,4,1,0,83.6
2026-01-27,1,Tuesday,Neurology,15,12,3,1,0,85.7
2026-01-27,1,Tuesday,Oncology,15,12,3,0,0,83.5
2026-01-28,1,Wednesday,ICU,20,18,2,1,0,91.1
2026-01-28,1,Wednesday,General,50,47,3,1,0,94.2
2026-01-28,1,Wednesday,Emergency,30,24,6,1,0,82.9
2026-01-28,1,Wednesday,Pediatrics,25,23,2,1,0,93.3
2026-01-28,1,Wednesday,Maternity,20,17,3,1,0,89.6
2026-01-28,1,Wednesday,Surgery,15,13,2,1,0,88.0
2026-01-28,1,Wednesday,Cardiology,20,18,2,1,0,93.8
2026-01-28,1,Wednesday,Orthopedics,20,18,2,0,0,90.7
2026-01-28,1,Wednesday,Neurology,15,12,3,1,0,82.7
2026-01-28,1,Wednesday,Oncology,15,12,3,0,0,84.8
2026-01-29,1,Thursday,ICU,20,17,3,1,0,88.6
2026-01-29,1,Thursday,General,50,45,5,1,0,90.4
2026-01-29,1,Thursday,Emergency,30,24,6,1,0,81.4
2026-01-29,1,Thursday,Pediatrics,25,20,5,0,0,84.0
2026-01-29,1,Thursday,Maternity,20,18,2,0,0,93.3
2026-01-29,1,Thursday,Surgery,15,12,3,1,0,83.3
2026-01-29,1,Thursday,Cardiology,20,17,3,0,0,86.0
2026-01-29,1,Thursday,Orthopedics,20,16,4,0,0,82.9
2026-01-29,1,Thursday,Neurology,15,12,3,1,0,81.6
2026-01-29,1,Thursday,Oncology,15,13,2,1,0,91.1
2026-01-30,1,Friday,ICU,20,18,2,0,0,91.6
2026-01-30,1,Friday,General,50,45,5,1,0,90.3
2026-01-30,1,Friday,Emergency,30,25,5,1,0,86.5
2026-01-30,1,Friday,Pediatrics,25,21,4,1,0,86.7
2026-01-30,1,Friday,Maternity,20,17,3,1,0,86.1
2026-01-30,1,Friday,Surgery,15,12,3,0,0,82.0
2026-01-30,1,Friday,Cardiology,20,17,3,0,0,85.6
2026-01-30,1,Friday,Orthopedics,20,16,4,1,0,83.2
2026-01-30,1,Friday,Neurology,15,14,1,1,0,93.7
2026-01-30,1,Friday,Oncology,15,13,2,1,0,88.2
2026-01-31,1,Saturday,ICU,20,18,2,0,0,92.0
2026-01-31,1,Saturday,General,50,45,5,0,0,90.0
2026-01-31,1,Saturday,Emergency,30,25,5,1,0,85.0
2026-01-31,1,Saturday,Pediatrics,25,23,2,0,0,92.3
2026-01-31,1,Saturday,Maternity,20,18,2,0,0,93.2
2026-01-31,1,Saturday,Surgery,15,13,2,1,0,87.1
2026-01-31,1,Saturday,Cardiology,20,16,4,1,0,82.8
2026-01-31,1,Saturday,Orthopedics,20,17,3,0,0,88.0
2026-01-31,1,Saturday,Neurology,15,12,3,1,0,86.2
2026-01-31,1,Saturday,Oncology,15,12,3,0,0,81.7
2026-02-01,2,Sunday,ICU,20,16,4,0,0,82.7
2026-02-01,2,Sunday,General,50,46,4,0,0,93.6
2026-02-01,2,Sunday,Emergency,30,27,3,1,0,93.1
2026-02-01,2,Sunday,Pediatrics,25,20,5,1,0,83.0
2026-02-01,2,Sunday,Maternity,20,17,3,0,0,85.7
2026-02-01,2,Sunday,Surgery,15,12,3,0,0,85.5
2026-02-01,2,Sunday,Cardiology,20,18,2,0,0,94.2
2026-02-01,2,Sunday,Orthopedics,20,16,4,0,0,84.0
2026-02-01,2,Sunday,Neurology,15,12,3,0,0,82.1
2026-02-01,2,Sunday,Oncology,15,14,1,1,0,94.2
2026-02-02,2,Monday,ICU,20,16,4,0,0,83.6
2026-02-02,2,Monday,General,50,43,7,1,0,86.7
2026-02-02,2,Monday,Emergency,30,24,6,1,0,83.0
2026-02-02,2,Monday,Pediatrics,25,21,4,1,0,84.2
2026-02-02,2,Monday,Maternity,20,16,4,0,0,83.3
2026-02-02,2,Monday,Surgery,15,13,2,0,0,87.8
2026-02-02,2,Monday,Cardiology,20,17,3,1,0,88.7
2026-02-02,2,Monday,Orthopedics,20,17,3,0,0,89.4
2026-02-02,2,Monday,Neurology,15,13,2,1,0,89.1
2026-02-02,2,Monday,Oncology,15,12,3,1,0,83.1
2026-02-03,2,Tuesday,ICU,20,17,3,1,0,85.2
2026-02-03,2,Tuesday,General,50,45,5,1,0,91.5
2026-02-03,2,Tuesday,Emergency,30,24,6,1,0,82.4
2026-02-03,2,Tuesday,Pediatrics,25,22,3,1,0,89.8
2026-02-03,2,Tuesday,Maternity,20,17,3,0,0,86.1
2026-02-03,2,Tuesday,Surgery,15,13,2,1,0,92.5
2026-02-03,2,Tuesday,Cardiology,20,17,3,0,0,87.6
2026-02-03,2,Tuesday,Orthopedics,20,17,3,0,0,89.9
2026-02-03,2,Tuesday,Neurology,15,13,2,1,0,89.6
2026-02-03,2,Tuesday,Oncology,15,12,3,0,0,85.1
2026-02-04,2,Wednesday,ICU,20,16,4,1,0,83.7
2026-02-04,2,Wednesday,General,50,43,7,1,0,87.2
2026-02-04,2,Wednesday,Emergency,30,26,4,1,0,89.6
2026-02-04,2,Wednesday,Pediatrics,25,21,4,0,0,85.4
2026-02-04,2,Wednesday,Maternity,20,17,3,1,0,86.4
2026-02-04,2,Wednesday,Surgery,15,13,2,0,0,87.7
2026-02-04,2,Wednesday,Cardiology,20,16,4,0,0,81.7
2026-02-04,2,Wednesday,Orthopedics,20,18,2,0,0,90.8
2026-02-04,2,Wednesday,Neurology,15,13,2,0,0,88.1
2026-02-04,2,Wednesday,Oncology,15,12,3,0,0,85.1
2026-02-05,2,Thursday,ICU,20,16,4,1,0,82.4
2026-02-05,2,Thursday,General,50,41,9,1,0,82.3
2026-02-05,2,Thursday,Emergency,30,26,4,1,0,88.7
2026-02-05,2,Thursday,Pediatrics,25,22,3,1,0,89.2
2026-02-05,2,Thursday,Maternity,20,16,4,0,0,81.8
2026-02-05,2,Thursday,Surgery,15,12,3,0,0,82.6
2026-02-05,2,Thursday,Cardiology,20,16,4,1,0,83.4
2026-02-05,2,Thursday,Orthopedics,20,18,2,0,0,92.2
2026-02-05,2,Thursday,Neurology,15,12,3,0,0,86.5
2026-02-05,2,Thursday,Oncology,15,13,2,1,0,91.5
2026-02-06,2,Friday,ICU,20,16,4,0,0,82.4
2026-02-06,2,Friday,General,50,42,8,1,0,85.1
2026-02-06,2,Friday,Emergency,30,26,4,1,0,86.7
2026-02-06,2,Friday,Pediatrics,25,23,2,1,0,93.4
2026-02-06,2,Friday,Maternity,20,18,2,0,0,92.9
2026-02-06,2,Friday,Surgery,15,12,3,1,0,85.0
2026-02-06,2,Friday,Cardiology,20,17,3,0,0,88.4
2026-02-06,2,Friday,Orthopedics,20,18,2,0,0,91.3
2026-02-06,2,Friday,Neurology,15,14,1,1,0,94.2
2026-02-06,2,Friday,Oncology,15,13,2,0,0,89.7
2026-02-07,2,Saturday,ICU,20,17,3,0,0,86.7
2026-02-07,2,Saturday,General,50,41,9,1,0,82.5
2026-02-07,2,Saturday,Emergency,30,24,6,0,0,83.2
2026-02-07,2,Saturday,Pediatrics,25,23,2,0,0,93.3
2026-02-07,2,Saturday,Maternity,20,17,3,1,0,89.1
2026-02-07,2,Saturday,Surgery,15,12,3,0,0,82.5
2026-02-07,2,Saturday,Cardiology,20,18,2,0,0,90.6
2026-02-07,2,Saturday,Orthopedics,20,18,2,1,0,92.4
2026-02-07,2,Saturday,Neurology,15,13,2,0,0,87.2
2026-02-07,2,Saturday,Oncology,15,13,2,0,0,89.5
2026-02-08,2,Sunday,ICU,20,16,4,0,0,82.9
2026-02-08,2,Sunday,General,50,41,9,1,0,82.6
2026-02-08,2,Sunday,Emergency,30,28,2,0,0,93.9
2026-02-08,2,Sunday,Pediatrics,25,23,2,0,0,92.7
2026-02-08,2,Sunday,Maternity,20,18,2,1,0,90.7
2026-02-08,2,Sunday,Surgery,15,12,3,1,0,82.8
2026-02-08,2,Sunday,Cardiology,20,17,3,0,0,87.9
2026-02-08,2,Sunday,Orthopedics,20,16,4,0,0,83.2
2026-02-08,2,Sunday,Neurology,15,13,2,0,0,93.1
2026-02-08,2,Sunday,Oncology,15,12,3,0,0,86.0
2026-02-09,2,Monday,ICU,20,18,2,0,0,90.8
2026-02-09,2,Monday,General,50,44,6,1,0,88.9
2026-02-09,2,Monday,Emergency,30,25,5,0,0,83.8
2026-02-09,2,Monday,Pediatrics,25,22,3,0,0,91.9
2026-02-09,2,Monday,Maternity,20,17,3,0,0,86.5
2026-02-09,2,Monday,Surgery,15,12,3,1,0,85.0
2026-02-09,2,Monday,Cardiology,20,18,2,0,0,90.2
2026-02-09,2,Monday,Orthopedics,20,17,3,0,0,88.8
2026-02-09,2,Monday,Neurology,15,13,2,1,0,90.0
2026-02-09,2,Monday,Oncology,15,12,3,0,0,85.4
2026-02-10,2,Tuesday,ICU,20,18,2,0,0,94.2
2026-02-10,2,Tuesday,General,50,47,3,0,0,94.4
2026-02-10,2,Tuesday,Emergency,30,26,4,1,0,89.6
2026-02-10,2,Tuesday,Pediatrics,25,21,4,0,0,87.6
2026-02-10,2,Tuesday,Maternity,20,17,3,1,0,85.2
2026-02-10,2,Tuesday,Surgery,15,13,2,0,0,92.4
2026-02-10,2,Tuesday,Cardiology,20,16,4,1,0,81.6
2026-02-10,2,Tuesday,Orthopedics,20,18,2,1,0,90.1
2026-02-10,2,Tuesday,Neurology,15,14,1,1,0,93.6
2026-02-10,2,Tuesday,Oncology,15,12,3,0,0,85.9
2026-02-11,2,Wednesday,ICU,20,16,4,0,0,83.9
2026-02-11,2,Wednesday,General,50,40,10,1,0,81.8
2026-02-11,2,Wednesday,Emergency,30,27,3,1,0,92.5
2026-02-11,2,Wednesday,Pediatrics,25,22,3,1,0,89.6
2026-02-11,2,Wednesday,Maternity,20,17,3,0,0,89.5
2026-02-11,2,Wednesday,Surgery,15,12,3,1,0,86.1
2026-02-11,2,Wednesday,Cardiology,20,17,3,1,0,87.7
2026-02-11,2,Wednesday,Orthopedics,20,18,2,1,0,93.6
2026-02-11,2,Wednesday,Neurology,15,13,2,1,0,88.0
2026-02-11,2,Wednesday,Oncology,15,13,2,0,0,93.0
2026-02-12,2,Thursday,ICU,20,18,2,0,0,91.0
2026-02-12,2,Thursday,General,50,41,9,0,0,82.8
2026-02-12,2,Thursday,Emergency,30,25,5,0,0,84.3
2026-02-12,2,Thursday,Pediatrics,25,21,4,1,0,85.1
2026-02-12,2,Thursday,Maternity,20,16,4,0,0,84.0
2026-02-12,2,Thursday,Surgery,15,12,3,0,0,84.4
2026-02-12,2,Thursday,Cardiology,20,16,4,0,0,82.8
2026-02-12,2,Thursday,Orthopedics,20,18,2,1,0,91.8
2026-02-12,2,Thursday,Neurology,15,12,3,1,0,83.9
2026-02-12,2,Thursday,Oncology,15,12,3,1,0,85.5
2026-02-13,2,Friday,ICU,20,17,3,0,0,85.3
2026-02-13,2,Friday,General,50,45,5,0,0,90.7
2026-02-13,2,Friday,Emergency,30,24,6,1,0,81.6
2026-02-13,2,Friday,Pediatrics,25,23,2,1,0,92.4
2026-02-13,2,Friday,Maternity,20,17,3,1,0,86.8
2026-02-13,2,Friday,Surgery,15,13,2,1,0,92.7
2026-02-13,2,Friday,Cardiology,20,17,3,1,0,85.3
2026-02-13,2,Friday,Orthopedics,20,17,3,1,0,88.8
2026-02-13,2,Friday,Neurology,15,14,1,1,0,93.9
2026-02-13,2,Friday,Oncology,15,13,2,0,0,86.8
2026-02-14,2,Saturday,ICU,20,18,2,0,0,91.8
2026-02-14,2,Saturday,General,50,44,6,1,0,88.6
2026-02-14,2,Saturday,Emergency,30,24,6,1,0,83.0
2026-02-14,2,Saturday,Pediatrics,25,20,5,0,0,83.0
2026-02-14,2,Saturday,Maternity,20,18,2,0,0,93.9
2026-02-14,2,Saturday,Surgery,15,13,2,1,0,89.2
2026-02-14,2,Saturday,Cardiology,20,17,3,0,0,89.9
2026-02-14,2,Saturday,Orthopedics,20,17,3,1,0,88.2
2026-02-14,2,Saturday,Neurology,15,13,2,0,0,86.7
2026-02-14,2,Saturday,Oncology,15,13,2,1,0,92.0
2026-02-15,2,Sunday,ICU,20,17,3,1,0,86.6
2026-02-15,2,Sunday,General,50,41,9,0,0,83.5
2026-02-15,2,Sunday,Emergency,30,27,3,0,0,92.1
2026-02-15,2,Sunday,Pediatrics,25,21,4,0,0,84.2
2026-02-15,2,Sunday,Maternity,20,17,3,0,0,89.7
2026-02-15,2,Sunday,Surgery,15,13,2,1,0,88.6
2026-02-15,2,Sunday,Cardiology,20,18,2,1,0,93.5
2026-02-15,2,Sunday,Orthopedics,20,16,4,1,0,81.7
2026-02-15,2,Sunday,Neurology,15,13,2,1,0,91.1
2026-02-15,2,Sunday,Oncology,15,13,2,0,0,89.0
2026-02-16,2,Monday,ICU,20,17,3,0,0,89.3
2026-02-16,2,Monday,General,50,42,8,1,0,85.8
2026-02-16,2,Monday,Emergency,30,26,4,0,0,87.5
2026-02-16,2,Monday,Pediatrics,25,21,4,1,0,85.5
2026-02-16,2,Monday,Maternity,20,18,2,0,0,91.3
2026-02-16,2,Monday,Surgery,15,12,3,1,0,86.2
2026-02-16,2,Monday,Cardiology,20,18,2,0,0,92.1
2026-02-16,2,Monday,Orthopedics,20,18,2,0,0,92.4
2026-02-16,2,Monday,Neurology,15,12,3,0,0,85.0
2026-02-16,2,Monday,Oncology,15,12,3,0,0,81.8
2026-02-17,2,Tuesday,ICU,20,17,3,0,0,86.2
2026-02-17,2,Tuesday,General,50,43,7,1,0,87.5
2026-02-17,2,Tuesday,Emergency,30,25,5,1,0,85.5
2026-02-17,2,Tuesday,Pediatrics,25,21,4,1,0,85.2
2026-02-17,2,Tuesday,Maternity,20,18,2,1,0,93.4
2026-02-17,2,Tuesday,Surgery,15,12,3,0,0,82.8
2026-02-17,2,Tuesday,Cardiology,20,16,4,0,0,84.8
2026-02-17,2,Tuesday,Orthopedics,20,17,3,1,0,88.7
2026-02-17,2,Tuesday,Neurology,15,13,2,0,0,88.1
2026-02-17,2,Tuesday,Oncology,15,13,2,1,0,87.8
2026-02-18,2,Wednesday,ICU,20,16,4,1,0,82.1
2026-02-18,2,Wednesday,General,50,42,8,1,0,84.9
2026-02-18,2,Wednesday,Emergency,30,25,5,0,0,84.5
2026-02-18,2,Wednesday,Pediatrics,25,20,5,1,0,81.7
2026-02-18,2,Wednesday,Maternity,20,17,3,0,0,85.7
2026-02-18,2,Wednesday,Surgery,15,13,2,0,0,88.5
2026-02-18,2,Wednesday,Cardiology,20,16,4,1,0,82.0
2026-02-18,2,Wednesday,Orthopedics,20,16,4,1,0,81.9
2026-02-18,2,Wednesday,Neurology,15,14,1,0,0,93.8
2026-02-18,2,Wednesday,Oncology,15,12,3,1,0,85.4
2026-02-19,2,Thursday,ICU,20,17,3,0,0,86.0
2026-02-19,2,Thursday,General,50,44,6,0,0,89.5
2026-02-19,2,Thursday,Emergency,30,25,5,1,0,85.6
2026-02-19,2,Thursday,Pediatrics,25,20,5,1,0,84.0
2026-02-19,2,Thursday,Maternity,20,17,3,0,0,86.2
2026-02-19,2,Thursday,Surgery,15,12,3,0,0,82.9
2026-02-19,2,Thursday,Cardiology,20,17,3,0,0,85.6
2026-02-19,2,Thursday,Orthopedics,20,18,2,1,0,92.0
2026-02-19,2,Thursday,Neurology,15,12,3,1,0,82.9
2026-02-19,2,Thursday,Oncology,15,12,3,1,0,83.8
2026-02-20,2,Friday,ICU,20,17,3,1,0,87.8
2026-02-20,2,Friday,General,50,42,8,1,0,84.7
2026-02-20,2,Friday,Emergency,30,28,2,0,0,93.8
2026-02-20,2,Friday,Pediatrics,25,21,4,1,0,84.4
2026-02-20,2,Friday,Maternity,20,17,3,0,0,89.9
2026-02-20,2,Friday,Surgery,15,13,2,0,0,87.0
2026-02-20,2,Friday,Cardiology,20,17,3,0,0,87.8
2026-02-20,2,Friday,Orthopedics,20,16,4,1,0,83.6
2026-02-20,2,Friday,Neurology,15,13,2,1,0,92.4
2026-02-20,2,Friday,Oncology,15,13,2,1,0,88.2
2026-02-21,2,Saturday,ICU,20,18,2,1,0,90.9
2026-02-21,2,Saturday,General,50,43,7,0,0,87.0
2026-02-21,2,Saturday,Emergency,30,25,5,1,0,86.3
2026-02-21,2,Saturday,Pediatrics,25,22,3,1,0,90.6
2026-02-21,2,Saturday,Maternity,20,17,3,0,0,87.9
2026-02-21,2,Saturday,Surgery,15,12,3,1,0,83.9
2026-02-21,2,Saturday,Cardiology,20,17,3,0,0,86.6
2026-02-21,2,Saturday,Orthopedics,20,18,2,0,0,93.8
2026-02-21,2,Saturday,Neurology,15,13,2,1,0,89.9
2026-02-21,2,Saturday,Oncology,15,12,3,0,0,83.3
2026-02-22,2,Sunday,ICU,20,16,4,1,0,82.2
2026-02-22,2,Sunday,General,50,46,4,0,0,93.6
2026-02-22,2,Sunday,Emergency,30,25,5,1,0,84.3
2026-02-22,2,Sunday,Pediatrics,25,22,3,1,0,89.4
2026-02-22,2,Sunday,Maternity,20,16,4,0,0,82.8
2026-02-22,2,Sunday,Surgery,15,12,3,1,0,84.7
2026-02-22,2,Sunday,Cardiology,20,17,3,0,0,89.7
2026-02-22,2,Sunday,Orthopedics,20,17,3,1,0,88.8
2026-02-22,2,Sunday,Neurology,15,13,2,0,0,88.7
2026-02-22,2,Sunday,Oncology,15,13,2,1,0,90.0
2026-02-23,2,Monday,ICU,20,18,2,0,0,91.0
2026-02-23,2,Monday,General,50,43,7,1,0,86.7
2026-02-23,2,Monday,Emergency,30,26,4,0,0,86.9
2026-02-23,2,Monday,Pediatrics,25,21,4,1,0,87.2
2026-02-23,2,Monday,Maternity,20,16,4,1,0,84.2
2026-02-23,2,Monday,Surgery,15,13,2,0,0,90.3
2026-02-23,2,Monday,Cardiology,20,18,2,1,0,91.8
2026-02-23,2,Monday,Orthopedics,20,18,2,1,0,92.6
2026-02-23,2,Monday,Neurology,15,12,3,1,0,82.4
2026-02-23,2,Monday,Oncology,15,12,3,0,0,85.8
2026-02-24,2,Tuesday,ICU,20,17,3,1,0,86.5
2026-02-24,2,Tuesday,General,50,42,8,1,0,84.1
2026-02-24,2,Tuesday,Emergency,30,26,4,0,0,87.9
2026-02-24,2,Tuesday,Pediatrics,25,23,2,0,0,93.6
2026-02-24,2,Tuesday,Maternity,20,17,3,0,0,87.2
2026-02-24,2,Tuesday,Surgery,15,13,2,0,0,89.8
2026-02-24,2,Tuesday,Cardiology,20,17,3,1,0,86.4
2026-02-24,2,Tuesday,Orthopedics,20,18,2,1,0,90.9
2026-02-24,2,Tuesday,Neurology,15,13,2,1,0,89.4
2026-02-24,2,Tuesday,Oncology,15,13,2,1,0,91.3
2026-02-25,2,Wednesday,ICU,20,17,3,1,0,88.1
2026-02-25,2,Wednesday,General,50,41,9,1,0,83.0
2026-02-25,2,Wednesday,Emergency,30,25,5,0,0,86.3
2026-02-25,2,Wednesday,Pediatrics,25,21,4,0,0,88.0
2026-02-25,2,Wednesday,Maternity,20,17,3,0,0,86.6
2026-02-25,2,Wednesday,Surgery,15,12,3,0,0,85.0
2026-02-25,2,Wednesday,Cardiology,20,16,4,1,0,84.5
2026-02-25,2,Wednesday,Orthopedics,20,16,4,0,0,82.6
2026-02-25,2,Wednesday,Neurology,15,12,3,0,0,82.9
2026-02-25,2,Wednesday,Oncology,15,13,2,1,0,89.4
2026-02-26,2,Thursday,ICU,20,17,3,0,0,85.2
2026-02-26,2,Thursday,General,50,46,4,1,0,93.9
2026-02-26,2,Thursday,Emergency,30,26,4,1,0,87.5
2026-02-26,2,Thursday,Pediatrics,25,21,4,1,0,88.0
2026-02-26,2,Thursday,Maternity,20,17,3,0,0,89.4
2026-02-26,2,Thursday,Surgery,15,13,2,1,0,88.1
2026-02-26,2,Thursday,Cardiology,20,17,3,1,0,89.0
2026-02-26,2,Thursday,Orthopedics,20,16,4,0,0,82.1
2026-02-26,2,Thursday,Neurology,15,13,2,1,0,87.0
2026-02-26,2,Thursday,Oncology,15,12,3,0,0,81.5
2026-02-27,2,Friday,ICU,20,17,3,1,0,87.8
2026-02-27,2,Friday,General,50,46,4,0,0,93.8
2026-02-27,2,Friday,Emergency,30,27,3,1,0,93.3
2026-02-27,2,Friday,Pediatrics,25,23,2,1,0,92.6
2026-02-27,2,Friday,Maternity,20,18,2,0,0,90.4
2026-02-27,2,Friday,Surgery,15,12,3,0,0,85.0
2026-02-27,2,Friday,Cardiology,20,17,3,1,0,87.1
2026-02-27,2,Friday,Orthopedics,20,16,4,1,0,82.0
2026-02-27,2,Friday,Neurology,15,12,3,0,0,84.8
2026-02-27,2,Friday,Oncology,15,12,3,0,0,84.6
2026-02-28,2,Saturday,ICU,20,17,3,0,0,88.2
2026-02-28,2,Saturday,General,50,46,4,1,0,92.4
2026-02-28,2,Saturday,Emergency,30,27,3,0,0,92.7
2026-02-28,2,Saturday,Pediatrics,25,22,3,1,0,88.0
2026-02-28,2,Saturday,Maternity,20,17,3,0,0,87.0
2026-02-28,2,Saturday,Surgery,15,13,2,1,0,86.9
2026-02-28,2,Saturday,Cardiology,20,17,3,0,0,87.6
2026-02-28,2,Saturday,Orthopedics,20,18,2,1,0,93.1
2026-02-28,2,Saturday,Neurology,15,12,3,0,0,84.6
2026-02-28,2,Saturday,Oncology,15,12,3,0,0,85.9
2026-03-01,3,Sunday,ICU,20,15,5,1,0,79.0
2026-03-01,3,Sunday,General,50,37,13,0,0,75.5
2026-03-01,3,Sunday,Emergency,30,23,7,0,0,79.9
2026-03-01,3,Sunday,Pediatrics,25,17,8,0,0,71.4
2026-03-01,3,Sunday,Maternity,20,15,5,0,0,79.4
2026-03-01,3,Sunday,Surgery,15,11,4,0,0,77.8
2026-03-01,3,Sunday,Cardiology,20,15,5,0,0,77.7
2026-03-01,3,Sunday,Orthopedics,20,15,5,1,0,78.7
2026-03-01,3,Sunday,Neurology,15,10,5,1,0,69.6
2026-03-01,3,Sunday,Oncology,15,10,5,1,0,67.4
2026-03-02,3,Monday,ICU,20,13,7,1,0,67.8
2026-03-02,3,Monday,General,50,37,13,0,0,74.3
2026-03-02,3,Monday,Emergency,30,23,7,1,0,79.1
2026-03-02,3,Monday,Pediatrics,25,17,8,0,0,70.5
2026-03-02,3,Monday,Maternity,20,14,6,1,0,72.1
2026-03-02,3,Monday,Surgery,15,11,4,1,0,78.9
2026-03-02,3,Monday,Cardiology,20,13,7,0,0,67.6
2026-03-02,3,Monday,Orthopedics,20,14,6,0,0,71.0
2026-03-02,3,Monday,Neurology,15,10,5,1,0,72.4
2026-03-02,3,Monday,Oncology,15,11,4,1,0,76.9
2026-03-03,3,Tuesday,ICU,20,14,6,0,0,74.3
2026-03-03,3,Tuesday,General,50,35,15,0,0,71.3
2026-03-03,3,Tuesday,Emergency,30,22,8,1,0,75.0
2026-03-03,3,Tuesday,Pediatrics,25,19,6,0,0,76.3
2026-03-03,3,Tuesday,Maternity,20,14,6,1,0,72.1
2026-03-03,3,Tuesday,Surgery,15,10,5,0,0,71.7
2026-03-03,3,Tuesday,Cardiology,20,15,5,0,0,75.5
2026-03-03,3,Tuesday,Orthopedics,20,13,7,0,0,68.6
2026-03-03,3,Tuesday,Neurology,15,11,4,1,0,78.6
2026-03-03,3,Tuesday,Oncology,15,10,5,0,0,72.9
2026-03-04,3,Wednesday,ICU,20,15,5,0,0,78.8
2026-03-04,3,Wednesday,General,50,34,16,1,0,68.0
2026-03-04,3,Wednesday,Emergency,30,20,10,1,0,69.9
2026-03-04,3,Wednesday,Pediatrics,25,17,8,1,0,69.2
2026-03-04,3,Wednesday,Maternity,20,15,5,0,0,77.4
2026-03-04,3,Wednesday,Surgery,15,11,4,0,0,74.5
2026-03-04,3,Wednesday,Cardiology,20,14,6,0,0,74.1
2026-03-04,3,Wednesday,Orthopedics,20,15,5,1,0,77.1
2026-03-04,3,Wednesday,Neurology,15,11,4,0,0,74.5
2026-03-04,3,Wednesday,Oncology,15,11,4,0,0,74.0
2026-03-05,3,Thursday,ICU,20,13,7,1,0,67.2
2026-03-05,3,Thursday,General,50,38,12,1,0,76.1
2026-03-05,3,Thursday,Emergency,30,22,8,1,0,73.8
2026-03-05,3,Thursday,Pediatrics,25,19,6,0,0,78.2
2026-03-05,3,Thursday,Maternity,20,15,5,0,0,76.1
2026-03-05,3,Thursday,Surgery,15,10,5,0,0,70.8
2026-03-05,3,Thursday,Cardiology,20,14,6,1,0,72.3
2026-03-05,3,Thursday,Orthopedics,20,15,5,1,0,75.7
2026-03-05,3,Thursday,Neurology,15,10,5,0,0,70.5
2026-03-05,3,Thursday,Oncology,15,11,4,0,0,78.0
2026-03-06,3,Friday,ICU,20,14,6,1,0,73.7
2026-03-06,3,Friday,General,50,35,15,1,0,71.3
2026-03-06,3,Friday,Emergency,30,21,9,0,0,71.3
2026-03-06,3,Friday,Pediatrics,25,18,7,1,0,72.9
2026-03-06,3,Friday,Maternity,20,14,6,0,0,74.5
2026-03-06,3,Friday,Surgery,15,11,4,1,0,77.5
2026-03-06,3,Friday,Cardiology,20,15,5,1,0,79.9
2026-03-06,3,Friday,Orthopedics,20,14,6,0,0,73.7
2026-03-06,3,Friday,Neurology,15,11,4,1,0,76.5
2026-03-06,3,Friday,Oncology,15,11,4,1,0,79.0
2026-03-07,3,Saturday,ICU,20,15,5,1,0,75.2
2026-03-07,3,Saturday,General,50,35,15,1,0,70.5
2026-03-07,3,Saturday,Emergency,30,23,7,1,0,78.1
2026-03-07,3,Saturday,Pediatrics,25,17,8,0,0,72.0
2026-03-07,3,Saturday,Maternity,20,14,6,0,0,72.4
2026-03-07,3,Saturday,Surgery,15,11,4,1,0,79.3
2026-03-07,3,Saturday,Cardiology,20,15,5,0,0,79.1
2026-03-07,3,Saturday,Orthopedics,20,13,7,0,0,68.4
2026-03-07,3,Saturday,Neurology,15,11,4,1,0,77.8
2026-03-07,3,Saturday,Oncology,15,11,4,1,0,74.4
2026-03-08,3,Sunday,ICU,20,15,5,1,0,75.0
2026-03-08,3,Sunday,General,50,34,16,1,0,68.1
2026-03-08,3,Sunday,Emergency,30,23,7,1,0,76.9
2026-03-08,3,Sunday,Pediatrics,25,17,8,1,0,70.0
2026-03-08,3,Sunday,Maternity,20,14,6,1,0,72.4
2026-03-08,3,Sunday,Surgery,15,10,5,1,0,73.1
2026-03-08,3,Sunday,Cardiology,20,13,7,1,0,67.5
2026-03-08,3,Sunday,Orthopedics,20,13,7,0,0,69.6
2026-03-08,3,Sunday,Neurology,15,11,4,1,0,77.3
2026-03-08,3,Sunday,Oncology,15,11,4,0,0,77.2
2026-03-09,3,Monday,ICU,20,15,5,0,0,79.6
2026-03-09,3,Monday,General,50,36,14,1,0,72.1
2026-03-09,3,Monday,Emergency,30,23,7,0,0,78.9
2026-03-09,3,Monday,Pediatrics,25,18,7,1,0,72.0
2026-03-09,3,Monday,Maternity,20,13,7,0,0,68.2
2026-03-09,3,Monday,Surgery,15,11,4,1,0,74.5
2026-03-09,3,Monday,Cardiology,20,13,7,1,0,69.3
2026-03-09,3,Monday,Orthopedics,20,13,7,0,0,69.5
2026-03-09,3,Monday,Neurology,15,10,5,0,0,73.0
2026-03-09,3,Monday,Oncology,15,10,5,1,0,69.1
2026-03-10,3,Tuesday,ICU,20,14,6,1,0,71.9
2026-03-10,3,Tuesday,General,50,38,12,1,0,76.9
2026-03-10,3,Tuesday,Emergency,30,22,8,1,0,75.9
2026-03-10,3,Tuesday,Pediatrics,25,19,6,0,0,77.1
2026-03-10,3,Tuesday,Maternity,20,14,6,0,0,74.5
2026-03-10,3,Tuesday,Surgery,15,11,4,0,0,78.1
2026-03-10,3,Tuesday,Cardiology,20,13,7,0,0,68.6
2026-03-10,3,Tuesday,Orthopedics,20,14,6,1,0,73.2
2026-03-10,3,Tuesday,Neurology,15,10,5,0,0,68.8
2026-03-10,3,Tuesday,Oncology,15,11,4,0,0,77.0
2026-03-11,3,Wednesday,ICU,20,15,5,0,0,75.4
2026-03-11,3,Wednesday,General,50,37,13,1,0,74.9
2026-03-11,3,Wednesday,Emergency,30,21,9,1,0,70.0
2026-03-11,3,Wednesday,Pediatrics,25,17,8,0,0,71.3
2026-03-11,3,Wednesday,Maternity,20,15,5,1,0,77.3
2026-03-11,3,Wednesday,Surgery,15,10,5,0,0,67.8
2026-03-11,3,Wednesday,Cardiology,20,15,5,0,0,78.7
2026-03-11,3,Wednesday,Orthopedics,20,15,5,1,0,78.0
2026-03-11,3,Wednesday,Neurology,15,10,5,1,0,73.0
2026-03-11,3,Wednesday,Oncology,15,11,4,1,0,73.4
2026-03-12,3,Thursday,ICU,20,14,6,0,0,72.9
2026-03-12,3,Thursday,General,50,33,17,1,0,67.0
2026-03-12,3,Thursday,Emergency,30,21,9,0,0,70.5
2026-03-12,3,Thursday,Pediatrics,25,17,8,1,0,70.6
2026-03-12,3,Thursday,Maternity,20,15,5,1,0,77.5
2026-03-12,3,Thursday,Surgery,15,11,4,1,0,75.5
2026-03-12,3,Thursday,Cardiology,20,15,5,1,0,77.6
2026-03-12,3,Thursday,Orthopedics,20,15,5,1,0,77.6
2026-03-12,3,Thursday,Neurology,15,11,4,0,0,76.0
2026-03-12,3,Thursday,Oncology,15,10,5,0,0,70.4
2026-03-13,3,Friday,ICU,20,13,7,0,0,67.9
2026-03-13,3,Friday,General,50,39,11,1,0,78.1
2026-03-13,3,Friday,Emergency,30,21,9,1,0,71.1
2026-03-13,3,Friday,Pediatrics,25,17,8,1,0,71.3
2026-03-13,3,Friday,Maternity,20,15,5,0,0,76.4
2026-03-13,3,Friday,Surgery,15,10,5,1,0,68.0
2026-03-13,3,Friday,Cardiology,20,15,5,0,0,76.9
2026-03-13,3,Friday,Orthopedics,20,15,5,1,0,76.3
2026-03-13,3,Friday,Neurology,15,10,5,0,0,70.5
2026-03-13,3,Friday,Oncology,15,11,4,1,0,76.8
2026-03-14,3,Saturday,ICU,20,14,6,1,0,74.8
2026-03-14,3,Saturday,General,50,38,12,0,0,77.5
2026-03-14,3,Saturday,Emergency,30,21,9,1,0,72.4
2026-03-14,3,Saturday,Pediatrics,25,19,6,1,0,76.6
2026-03-14,3,Saturday,Maternity,20,14,6,1,0,73.7
2026-03-14,3,Saturday,Surgery,15,10,5,1,0,70.8
2026-03-14,3,Saturday,Cardiology,20,14,6,0,0,71.3
2026-03-14,3,Saturday,Orthopedics,20,15,5,1,0,79.3
2026-03-14,3,Saturday,Neurology,15,11,4,0,0,76.2
2026-03-14,3,Saturday,Oncology,15,10,5,1,0,68.9
2026-03-15,3,Sunday,ICU,20,14,6,0,0,70.8
2026-03-15,3,Sunday,General,50,35,15,1,0,71.3
2026-03-15,3,Sunday,Emergency,30,20,10,0,0,69.4
2026-03-15,3,Sunday,Pediatrics,25,19,6,0,0,76.7
2026-03-15,3,Sunday,Maternity,20,14,6,1,0,72.7
2026-03-15,3,Sunday,Surgery,15,11,4,0,0,73.8
2026-03-15,3,Sunday,Cardiology,20,14,6,1,0,73.7
2026-03-15,3,Sunday,Orthopedics,20,13,7,1,0,68.1
2026-03-15,3,Sunday,Neurology,15,11,4,0,0,78.4
2026-03-15,3,Sunday,Oncology,15,11,4,0,0,79.2
2026-03-16,3,Monday,ICU,20,14,6,1,0,74.0
2026-03-16,3,Monday,General,50,38,12,1,0,77.7
2026-03-16,3,Monday,Emergency,30,21,9,0,0,70.7
2026-03-16,3,Monday,Pediatrics,25,19,6,0,0,76.1
2026-03-16,3,Monday,Maternity,20,14,6,0,0,70.5
2026-03-16,3,Monday,Surgery,15,11,4,0,0,75.4
2026-03-16,3,Monday,Cardiology,20,14,6,1,0,71.9
2026-03-16,3,Monday,Orthopedics,20,13,7,1,0,69.6
2026-03-16,3,Monday,Neurology,15,11,4,1,0,77.3
2026-03-16,3,Monday,Oncology,15,10,5,0,0,69.9
2026-03-17,3,Tuesday,ICU,20,13,7,1,0,67.6
2026-03-17,3,Tuesday,General,50,35,15,1,0,71.1
2026-03-17,3,Tuesday,Emergency,30,23,7,0,0,78.8
2026-03-17,3,Tuesday,Pediatrics,25,16,9,1,0,67.1
2026-03-17,3,Tuesday,Maternity,20,14,6,1,0,70.1
2026-03-17,3,Tuesday,Surgery,15,11,4,0,0,78.3
2026-03-17,3,Tuesday,Cardiology,20,15,5,0,0,77.7
2026-03-17,3,Tuesday,Orthopedics,20,15,5,0,0,78.5
2026-03-17,3,Tuesday,Neurology,15,10,5,1,0,67.3
2026-03-17,3,Tuesday,Oncology,15,10,5,1,0,73.2
2026-03-18,3,Wednesday,ICU,20,14,6,1,0,73.9
2026-03-18,3,Wednesday,General,50,37,13,0,0,74.5
2026-03-18,3,Wednesday,Emergency,30,21,9,0,0,71.1
2026-03-18,3,Wednesday,Pediatrics,25,19,6,0,0,78.6
2026-03-18,3,Wednesday,Maternity,20,13,7,0,0,68.6
2026-03-18,3,Wednesday,Surgery,15,11,4,1,0,75.8
2026-03-18,3,Wednesday,Cardiology,20,13,7,0,0,67.8
2026-03-18,3,Wednesday,Orthopedics,20,15,5,1,0,79.6
2026-03-18,3,Wednesday,Neurology,15,11,4,1,0,78.9
2026-03-18,3,Wednesday,Oncology,15,11,4,1,0,73.3
2026-03-19,3,Thursday,ICU,20,15,5,1,0,77.5
2026-03-19,3,Thursday,General,50,35,15,1,0,70.0
2026-03-19,3,Thursday,Emergency,30,22,8,1,0,75.3
2026-03-19,3,Thursday,Pediatrics,25,17,8,1,0,69.9
2026-03-19,3,Thursday,Maternity,20,14,6,1,0,72.7
2026-03-19,3,Thursday,Surgery,15,10,5,1,0,68.6
2026-03-19,3,Thursday,Cardiology,20,15,5,0,0,79.2
2026-03-19,3,Thursday,Orthopedics,20,15,5,1,0,75.7
2026-03-19,3,Thursday,Neurology,15,11,4,1,0,73.4
2026-03-19,3,Thursday,Oncology,15,11,4,1,0,79.9
2026-03-20,3,Friday,ICU,20,14,6,1,0,72.5
2026-03-20,3,Friday,General,50,35,15,0,0,71.1
2026-03-20,3,Friday,Emergency,30,21,9,0,0,71.4
2026-03-20,3,Friday,Pediatrics,25,17,8,1,0,70.7
2026-03-20,3,Friday,Maternity,20,14,6,1,0,71.1
2026-03-20,3,Friday,Surgery,15,11,4,0,0,76.6
2026-03-20,3,Friday,Cardiology,20,14,6,1,0,74.0
2026-03-20,3,Friday,Orthopedics,20,14,6,1,0,70.7
2026-03-20,3,Friday,Neurology,15,10,5,1,0,73.1
2026-03-20,3,Friday,Oncology,15,10,5,0,0,69.4
2026-03-21,3,Saturday,ICU,20,13,7,1,0,69.4
2026-03-21,3,Saturday,General,50,34,16,0,0,69.5
2026-03-21,3,Saturday,Emergency,30,22,8,1,0,73.9
2026-03-21,3,Saturday,Pediatrics,25,19,6,1,0,77.6
2026-03-21,3,Saturday,Maternity,20,13,7,1,0,69.3
2026-03-21,3,Saturday,Surgery,15,11,4,1,0,75.2
2026-03-21,3,Saturday,Cardiology,20,15,5,1,0,77.6
2026-03-21,3,Saturday,Orthopedics,20,14,6,1,0,70.3
2026-03-21,3,Saturday,Neurology,15,10,5,0,0,70.0
2026-03-21,3,Saturday,Oncology,15,10,5,1,0,70.6
2026-03-22,3,Sunday,ICU,20,13,7,0,0,68.9
2026-03-22,3,Sunday,General,50,38,12,0,0,76.8
2026-03-22,3,Sunday,Emergency,30,23,7,0,0,77.4
2026-03-22,3,Sunday,Pediatrics,25,17,8,1,0,70.8
2026-03-22,3,Sunday,Maternity,20,15,5,1,0,79.6
2026-03-22,3,Sunday,Surgery,15,10,5,0,0,71.1
2026-03-22,3,Sunday,Cardiology,20,13,7,1,0,69.3
2026-03-22,3,Sunday,Orthopedics,20,14,6,1,0,70.8
2026-03-22,3,Sunday,Neurology,15,11,4,0,0,78.4
2026-03-22,3,Sunday,Oncology,15,11,4,0,0,76.9
2026-03-23,3,Monday,ICU,20,15,5,1,0,76.4
2026-03-23,3,Monday,General,50,39,11,1,0,78.6
2026-03-23,3,Monday,Emergency,30,22,8,1,0,75.1
2026-03-23,3,Monday,Pediatrics,25,16,9,0,0,67.7
2026-03-23,3,Monday,Maternity,20,13,7,0,0,68.2
2026-03-23,3,Monday,Surgery,15,10,5,1,0,72.8
2026-03-23,3,Monday,Cardiology,20,14,6,1,0,74.1
2026-03-23,3,Monday,Orthopedics,20,13,7,0,0,67.3
2026-03-23,3,Monday,Neurology,15,10,5,1,0,70.4
2026-03-23,3,Monday,Oncology,15,10,5,1,0,73.0
2026-03-24,3,Tuesday,ICU,20,15,5,0,0,77.1
2026-03-24,3,Tuesday,General,50,34,16,1,0,69.6
2026-03-24,3,Tuesday,Emergency,30,22,8,1,0,73.4
2026-03-24,3,Tuesday,Pediatrics,25,16,9,1,0,67.3
2026-03-24,3,Tuesday,Maternity,20,15,5,0,0,77.7
2026-03-24,3,Tuesday,Surgery,15,10,5,0,0,70.6
2026-03-24,3,Tuesday,Cardiology,20,15,5,0,0,76.3
2026-03-24,3,Tuesday,Orthopedics,20,14,6,0,0,71.5
2026-03-24,3,Tuesday,Neurology,15,11,4,0,0,78.5
2026-03-24,3,Tuesday,Oncology,15,11,4,1,0,73.4
