date,month,equipment,department,total_units,units_in_use,utilization_rate,maintenance_flag
2025-09-26,9,Ventilator,Oncology,3,1,65.0,1
2025-09-26,9,Ventilator,Emergency,3,1,58.1,0
2025-09-26,9,Ventilator,Maternity,3,2,77.8,0
2025-09-26,9,Ventilator,General,3,2,72.5,0
2025-09-26,9,ECG Monitor,General,5,3,67.1,0
2025-09-26,9,ECG Monitor,Pediatrics,5,3,66.5,0
2025-09-26,9,ECG Monitor,Neurology,5,3,69.4,0
2025-09-26,9,Infusion Pump,Emergency,8,5,72.8,0
2025-09-26,9,Infusion Pump,Cardiology,8,5,73.2,0
2025-09-26,9,Infusion Pump,Neurology,8,6,83.8,0
2025-09-26,9,Defibrillator,Cardiology,2,0,43.6,0
2025-09-26,9,Defibrillator,Orthopedics,2,0,36.1,0
2025-09-26,9,Defibrillator,General,2,0,41.4,0
2025-09-26,9,Ultrasound,ICU,1,0,60.3,0
2025-09-26,9,Ultrasound,Oncology,1,0,57.8,0
2025-09-26,9,Ultrasound,Pediatrics,1,0,72.8,0
2025-09-26,9,Ultrasound,Orthopedics,1,0,52.7,0
2025-09-26,9,Ultrasound,Neurology,1,0,58.0,0
2025-09-26,9,Ultrasound,General,1,0,62.9,0
2025-09-26,9,Pulse Oximeter,Surgery,10,7,71.3,0
2025-09-26,9,Pulse Oximeter,Pediatrics,10,8,87.8,0
2025-09-26,9,Pulse Oximeter,ICU,10,8,87.2,0
2025-09-26,9,Pulse Oximeter,Maternity,10,6,69.1,0
2025-09-27,9,Ventilator,Maternity,3,2,78.5,0
2025-09-27,9,Ventilator,Neurology,3,1,66.3,0
2025-09-27,9,Ventilator,General,3,2,70.5,0
2025-09-27,9,Ventilator,Oncology,3,1,57.4,0
2025-09-27,9,Ventilator,Pediatrics,3,2,71.4,0
2025-09-27,9,ECG Monitor,Surgery,5,3,63.2,0
2025-09-27,9,ECG Monitor,Maternity,5,2,56.8,0
2025-09-27,9,ECG Monitor,Pediatrics,5,3,65.3,0
2025-09-27,9,ECG Monitor,Orthopedics,5,3,71.9,0
2025-09-27,9,ECG Monitor,General,5,2,55.6,0
2025-09-27,9,Infusion Pump,Orthopedics,8,6,76.4,0
2025-09-27,9,Infusion Pump,Neurology,8,7,95.5,0
2025-09-27,9,Infusion Pump,Pediatrics,8,6,76.7,0
2025-09-27,9,Defibrillator,Pediatrics,2,0,25.9,1
2025-09-27,9,Defibrillator,Oncology,2,0,37.8,0
2025-09-27,9,Defibrillator,Neurology,2,0,24.9,0
2025-09-27,9,Defibrillator,ICU,2,0,30.6,0
2025-09-27,9,Defibrillator,Surgery,2,0,47.7,0
2025-09-27,9,Ultrasound,Orthopedics,1,0,64.6,0
2025-09-27,9,Ultrasound,Cardiology,1,0,60.6,0
2025-09-27,9,Ultrasound,General,1,0,70.2,0
2025-09-27,9,Pulse Oximeter,Neurology,10,7,71.0,0
2025-09-27,9,Pulse Oximeter,Cardiology,10,7,78.3,0
2025-09-27,9,Pulse Oximeter,General,10,8,82.3,0
2025-09-27,9,Pulse Oximeter,Oncology,10,6,60.6,1
2025-09-27,9,Pulse Oximeter,Surgery,10,7,76.3,1
2025-09-27,9,Pulse Oximeter,Orthopedics,10,7,73.8,0
2025-09-28,9,Ventilator,ICU,3,2,70.8,0
2025-09-28,9,Ventilator,Cardiology,3,2,86.3,0
2025-09-28,9,Ventilator,Orthopedics,3,2,75.8,0
2025-09-28,9,Ventilator,Pediatrics,3,2,77.0,0
2025-09-28,9,ECG Monitor,Neurology,5,3,63.0,0
2025-09-28,9,ECG Monitor,Emergency,5,3,66.5,0
2025-09-28,9,ECG Monitor,Cardiology,5,2,58.7,0
2025-09-28,9,ECG Monitor,General,5,3,66.4,0
2025-09-28,9,ECG Monitor,Surgery,5,3,67.1,0
2025-09-28,9,Infusion Pump,Orthopedics,8,6,79.4,0
2025-09-28,9,Infusion Pump,Pediatrics,8,6,80.6,0
2025-09-28,9,Infusion Pump,ICU,8,5,69.8,0
2025-09-28,9,Defibrillator,Oncology,2,1,56.8,0
2025-09-28,9,Defibrillator,Surgery,2,0,39.9,0
2025-09-28,9,Defibrillator,General,2,0,44.8,0
2025-09-28,9,Defibrillator,ICU,2,0,47.7,0
2025-09-28,9,Defibrillator,Maternity,2,0,37.0,0
2025-09-28,9,Ultrasound,ICU,1,0,63.8,0
2025-09-28,9,Ultrasound,General,1,0,56.4,0
2025-09-28,9,Ultrasound,Cardiology,1,0,57.4,0
2025-09-28,9,Ultrasound,Maternity,1,0,57.1,0
2025-09-28,9,Pulse Oximeter,Emergency,10,7,71.5,0
2025-09-28,9,Pulse Oximeter,Orthopedics,10,7,71.7,0
2025-09-28,9,Pulse Oximeter,Neurology,10,6,65.8,1
2025-09-28,9,Pulse Oximeter,Pediatrics,10,7,73.6,0
2025-09-28,9,Pulse Oximeter,Oncology,10,7,73.9,0
2025-09-28,9,Pulse Oximeter,Cardiology,10,8,85.6,0
2025-09-29,9,Ventilator,Surgery,3,1,65.9,0
2025-09-29,9,Ventilator,Neurology,3,2,66.9,0
2025-09-29,9,Ventilator,Orthopedics,3,1,66.6,0
2025-09-29,9,ECG Monitor,Pediatrics,5,3,65.5,0
2025-09-29,9,ECG Monitor,Surgery,5,3,66.3,0
2025-09-29,9,ECG Monitor,Neurology,5,3,62.4,0
2025-09-29,9,ECG Monitor,General,5,3,67.9,0
2025-09-29,9,ECG Monitor,Orthopedics,5,2,57.4,0
2025-09-29,9,Infusion Pump,General,8,6,76.9,0
2025-09-29,9,Infusion Pump,Neurology,8,6,81.4,0
2025-09-29,9,Infusion Pump,Oncology,8,7,87.6,0
2025-09-29,9,Infusion Pump,ICU,8,6,86.6,0
2025-09-29,9,Infusion Pump,Surgery,8,6,77.2,0
2025-09-29,9,Defibrillator,Surgery,2,0,30.8,1
2025-09-29,9,Defibrillator,Pediatrics,2,0,45.8,0
2025-09-29,9,Defibrillator,Cardiology,2,0,49.4,0
2025-09-29,9,Defibrillator,Orthopedics,2,0,48.0,0
2025-09-29,9,Defibrillator,Maternity,2,0,34.0,0
2025-09-29,9,Defibrillator,Emergency,2,0,45.4,0
2025-09-29,9,Ultrasound,General,1,0,65.5,0
2025-09-29,9,Ultrasound,Emergency,1,0,66.2,0
2025-09-29,9,Ultrasound,Cardiology,1,0,65.7,0
2025-09-29,9,Ultrasound,Surgery,1,0,57.3,0
2025-09-29,9,Pulse Oximeter,ICU,10,7,75.8,0
2025-09-29,9,Pulse Oximeter,Emergency,10,8,83.8,0
2025-09-29,9,Pulse Oximeter,Pediatrics,10,7,72.0,0
2025-09-29,9,Pulse Oximeter,Cardiology,10,7,71.6,0
2025-09-29,9,Pulse Oximeter,Neurology,10,8,80.5,0
2025-09-30,9,Ventilator,Surgery,3,2,72.5,0
2025-09-30,9,Ventilator,Cardiology,3,2,73.5,1
2025-09-30,9,Ventilator,Maternity,3,1,51.6,0
2025-09-30,9,Ventilator,Pediatrics,3,2,68.3,0
2025-09-30,9,Ventilator,ICU,3,2,74.1,1
2025-09-30,9,Ventilator,Neurology,3,2,68.7,0
2025-09-30,9,ECG Monitor,Emergency,5,3,62.8,0
2025-09-30,9,ECG Monitor,General,5,3,72.6,0
2025-09-30,9,ECG Monitor,Oncology,5,2,59.9,0
2025-09-30,9,ECG Monitor,Pediatrics,5,3,63.2,0
2025-09-30,9,ECG Monitor,Cardiology,5,3,66.0,0
2025-09-30,9,Infusion Pump,ICU,8,5,72.8,0
2025-09-30,9,Infusion Pump,Maternity,8,7,90.3,0
2025-09-30,9,Infusion Pump,Surgery,8,5,73.8,0
2025-09-30,9,Infusion Pump,Orthopedics,8,6,85.5,0
2025-09-30,9,Defibrillator,Emergency,2,1,52.8,0
2025-09-30,9,Defibrillator,General,2,0,30.9,0
2025-09-30,9,Defibrillator,Oncology,2,0,36.3,0
2025-09-30,9,Defibrillator,Surgery,2,0,39.6,0
2025-09-30,9,Ultrasound,General,1,0,60.5,0
2025-09-30,9,Ultrasound,Pediatrics,1,0,59.2,0
2025-09-30,9,Ultrasound,Emergency,1,0,65.2,0
2025-09-30,9,Ultrasound,Maternity,1,0,53.5,0
2025-09-30,9,Ultrasound,Surgery,1,0,58.5,0
2025-09-30,9,Pulse Oximeter,Maternity,10,6,67.6,0
2025-09-30,9,Pulse Oximeter,Cardiology,10,7,79.3,0
2025-09-30,9,Pulse Oximeter,General,10,7,75.0,0
2025-09-30,9,Pulse Oximeter,Neurology,10,7,77.1,0
2025-10-01,10,Ventilator,General,3,2,71.9,0
2025-10-01,10,Ventilator,Orthopedics,3,2,69.8,0
2025-10-01,10,Ventilator,Oncology,3,1,65.1,0
2025-10-01,10,Ventilator,Maternity,3,1,61.9,0
2025-10-01,10,Ventilator,ICU,3,2,82.2,0
2025-10-01,10,ECG Monitor,Maternity,5,3,65.5,0
2025-10-01,10,ECG Monitor,General,5,3,66.1,0
2025-10-01,10,ECG Monitor,Orthopedics,5,2,57.9,0
2025-10-01,10,ECG Monitor,Cardiology,5,3,67.9,0
2025-10-01,10,ECG Monitor,Surgery,5,2,59.4,0
2025-10-01,10,Infusion Pump,Emergency,8,7,95.4,0
2025-10-01,10,Infusion Pump,Surgery,8,5,64.4,0
2025-10-01,10,Infusion Pump,Cardiology,8,6,78.8,0
2025-10-01,10,Infusion Pump,Oncology,8,6,78.2,0
2025-10-01,10,Infusion Pump,Orthopedics,8,6,76.2,0
2025-10-01,10,Defibrillator,Emergency,2,0,28.8,0
2025-10-01,10,Defibrillator,ICU,2,0,39.3,0
2025-10-01,10,Defibrillator,Maternity,2,0,40.9,0
2025-10-01,10,Defibrillator,Pediatrics,2,0,31.9,0
2025-10-01,10,Ultrasound,Pediatrics,1,0,47.5,0
2025-10-01,10,Ultrasound,Neurology,1,0,61.9,0
2025-10-01,10,Ultrasound,Emergency,1,0,64.1,0
2025-10-01,10,Pulse Oximeter,Cardiology,10,7,71.6,0
2025-10-01,10,Pulse Oximeter,Neurology,10,7,78.5,0
2025-10-01,10,Pulse Oximeter,Orthopedics,10,7,72.3,0
2025-10-01,10,Pulse Oximeter,Oncology,10,7,75.2,0
2025-10-01,10,Pulse Oximeter,ICU,10,7,76.1,0
2025-10-01,10,Pulse Oximeter,General,10,6,61.6,0
2025-10-02,10,Ventilator,Cardiology,3,2,68.4,0
2025-10-02,10,Ventilator,Emergency,3,1,60.0,0
2025-10-02,10,Ventilator,Maternity,3,2,72.4,0
2025-10-02,10,Ventilator,Orthopedics,3,1,61.9,0
2025-10-02,10,ECG Monitor,Surgery,5,3,73.9,0
2025-10-02,10,ECG Monitor,Orthopedics,5,3,62.6,0
2025-10-02,10,ECG Monitor,Emergency,5,3,61.2,0
2025-10-02,10,ECG Monitor,Maternity,5,2,59.7,0
2025-10-02,10,Infusion Pump,Emergency,8,6,79.8,0
2025-10-02,10,Infusion Pump,Neurology,8,6,84.4,0
2025-10-02,10,Infusion Pump,General,8,5,74.5,0
2025-10-02,10,Defibrillator,Orthopedics,2,0,38.9,0
2025-10-02,10,Defibrillator,Cardiology,2,0,46.3,0
2025-10-02,10,Defibrillator,Surgery,2,0,28.6,0
2025-10-02,10,Ultrasound,Pediatrics,1,0,58.7,0
2025-10-02,10,Ultrasound,Cardiology,1,0,58.1,0
2025-10-02,10,Ultrasound,Surgery,1,0,52.6,0
2025-10-02,10,Ultrasound,Oncology,1,0,60.6,0
2025-10-02,10,Ultrasound,Neurology,1,0,58.1,0
2025-10-02,10,Ultrasound,Maternity,1,0,56.4,0
2025-10-02,10,Pulse Oximeter,Pediatrics,10,8,87.1,0
2025-10-02,10,Pulse Oximeter,Maternity,10,8,81.4,0
2025-10-02,10,Pulse Oximeter,Emergency,10,7,77.5,0
2025-10-02,10,Pulse Oximeter,Oncology,10,7,72.6,0
2025-10-03,10,Ventilator,Emergency,3,1,59.2,0
2025-10-03,10,Ventilator,Neurology,3,2,67.4,0
2025-10-03,10,Ventilator,Surgery,3,2,73.3,0
2025-10-03,10,Ventilator,Maternity,3,2,70.9,0
2025-10-03,10,Ventilator,ICU,3,2,67.9,0
2025-10-03,10,Ventilator,General,3,1,64.2,0
2025-10-03,10,ECG Monitor,Orthopedics,5,3,76.1,0
2025-10-03,10,ECG Monitor,Surgery,5,3,64.9,0
2025-10-03,10,ECG Monitor,Cardiology,5,3,77.3,0
2025-10-03,10,Infusion Pump,Surgery,8,6,81.5,0
2025-10-03,10,Infusion Pump,Neurology,8,6,86.3,0
2025-10-03,10,Infusion Pump,Cardiology,8,5,74.1,0
2025-10-03,10,Infusion Pump,Pediatrics,8,7,89.7,0
2025-10-03,10,Defibrillator,Maternity,2,0,46.8,0
2025-10-03,10,Defibrillator,Oncology,2,0,34.9,0
2025-10-03,10,Defibrillator,Neurology,2,0,48.4,1
2025-10-03,10,Defibrillator,ICU,2,0,38.1,0
2025-10-03,10,Ultrasound,Surgery,1,0,50.2,0
2025-10-03,10,Ultrasound,Maternity,1,0,56.3,0
2025-10-03,10,Ultrasound,Emergency,1,0,51.8,0
2025-10-03,10,Pulse Oximeter,General,10,7,77.7,0
2025-10-03,10,Pulse Oximeter,ICU,10,8,81.8,0
2025-10-03,10,Pulse Oximeter,Emergency,10,7,72.1,0
2025-10-03,10,Pulse Oximeter,Surgery,10,7,76.7,0
2025-10-03,10,Pulse Oximeter,Neurology,10,8,81.3,0
2025-10-03,10,Pulse Oximeter,Orthopedics,10,6,64.7,0
2025-10-04,10,Ventilator,Maternity,3,2,70.3,0
2025-10-04,10,Ventilator,Emergency,3,2,77.1,0
2025-10-04,10,Ventilator,Neurology,3,1,54.0,0
2025-10-04,10,Ventilator,Oncology,3,2,70.0,0
2025-10-04,10,ECG Monitor,General,5,3,71.7,0
2025-10-04,10,ECG Monitor,Surgery,5,3,69.8,0
2025-10-04,10,ECG Monitor,Pediatrics,5,3,60.2,0
2025-10-04,10,Infusion Pump,Surgery,8,6,78.5,0
2025-10-04,10,Infusion Pump,Neurology,8,5,74.9,0
2025-10-04,10,Infusion Pump,Orthopedics,8,6,80.0,0
2025-10-04,10,Infusion Pump,Emergency,8,5,71.8,0
2025-10-04,10,Infusion Pump,General,8,6,83.5,0
2025-10-04,10,Infusion Pump,Maternity,8,5,72.7,0
2025-10-04,10,Defibrillator,Cardiology,2,0,34.2,0
2025-10-04,10,Defibrillator,Neurology,2,0,45.6,0
2025-10-04,10,Defibrillator,Pediatrics,2,0,45.0,1
2025-10-04,10,Defibrillator,Orthopedics,2,0,40.6,0
2025-10-04,10,Defibrillator,Oncology,2,0,35.3,0
2025-10-04,10,Defibrillator,General,2,0,33.8,0
2025-10-04,10,Ultrasound,Pediatrics,1,0,61.6,0
2025-10-04,10,Ultrasound,Maternity,1,0,68.2,0
2025-10-04,10,Ultrasound,General,1,0,49.7,0
2025-10-04,10,Ultrasound,Neurology,1,0,73.5,0
2025-10-04,10,Ultrasound,ICU,1,0,59.6,0
2025-10-04,10,Pulse Oximeter,Surgery,10,7,76.1,0
2025-10-04,10,Pulse Oximeter,Emergency,10,8,82.2,0
2025-10-04,10,Pulse Oximeter,Pediatrics,10,8,86.0,0
2025-10-05,10,Ventilator,Pediatrics,3,1,49.7,0
2025-10-05,10,Ventilator,Neurology,3,1,63.8,0
2025-10-05,10,Ventilator,Cardiology,3,2,68.9,0
2025-10-05,10,ECG Monitor,Cardiology,5,2,51.5,0
2025-10-05,10,ECG Monitor,Pediatrics,5,3,65.1,0
2025-10-05,10,ECG Monitor,Emergency,5,3,67.1,0
2025-10-05,10,ECG Monitor,Oncology,5,3,64.1,0
2025-10-05,10,ECG Monitor,Surgery,5,4,82.3,0
2025-10-05,10,Infusion Pump,Maternity,8,7,92.5,0
2025-10-05,10,Infusion Pump,Pediatrics,8,6,80.3,0
2025-10-05,10,Infusion Pump,Emergency,8,7,89.1,0
2025-10-05,10,Infusion Pump,Oncology,8,7,91.1,0
2025-10-05,10,Infusion Pump,Neurology,8,7,94.7,0
2025-10-05,10,Defibrillator,ICU,2,1,59.1,0
2025-10-05,10,Defibrillator,Neurology,2,0,46.8,0
2025-10-05,10,Defibrillator,General,2,0,28.3,0
2025-10-05,10,Ultrasound,Maternity,1,0,64.2,0
2025-10-05,10,Ultrasound,Orthopedics,1,0,56.7,0
2025-10-05,10,Ultrasound,Cardiology,1,0,69.8,0
2025-10-05,10,Ultrasound,ICU,1,0,61.2,0
2025-10-05,10,Pulse Oximeter,General,10,8,82.8,1
2025-10-05,10,Pulse Oximeter,Orthopedics,10,5,52.7,0
2025-10-05,10,Pulse Oximeter,Surgery,10,8,83.5,0
2025-10-05,10,Pulse Oximeter,Maternity,10,8,81.3,0
2025-10-06,10,Ventilator,Oncology,3,1,60.6,0
2025-10-06,10,Ventilator,Maternity,3,2,70.4,0
2025-10-06,10,Ventilator,Orthopedics,3,2,68.0,0
2025-10-06,10,Ventilator,Pediatrics,3,1,57.5,0
2025-10-06,10,Ventilator,Neurology,3,1,63.5,0
2025-10-06,10,ECG Monitor,Neurology,5,3,64.3,0
2025-10-06,10,ECG Monitor,Cardiology,5,3,68.1,0
2025-10-06,10,ECG Monitor,Orthopedics,5,3,78.2,0
2025-10-06,10,Infusion Pump,Emergency,8,5,70.4,0
2025-10-06,10,Infusion Pump,Maternity,8,6,86.7,0
2025-10-06,10,Infusion Pump,Pediatrics,8,6,79.5,0
2025-10-06,10,Defibrillator,ICU,2,0,24.8,0
2025-10-06,10,Defibrillator,General,2,0,34.9,0
2025-10-06,10,Defibrillator,Oncology,2,0,48.7,0
2025-10-06,10,Defibrillator,Pediatrics,2,0,38.4,0
2025-10-06,10,Defibrillator,Cardiology,2,0,39.8,0
2025-10-06,10,Defibrillator,Maternity,2,0,49.8,0
2025-10-06,10,Ultrasound,General,1,0,69.6,0
2025-10-06,10,Ultrasound,Surgery,1,0,68.5,0
2025-10-06,10,Ultrasound,Emergency,1,0,48.1,0
2025-10-06,10,Ultrasound,ICU,1,0,67.9,1
2025-10-06,10,Pulse Oximeter,Emergency,10,6,66.9,0
2025-10-06,10,Pulse Oximeter,Oncology,10,7,70.8,0
2025-10-06,10,Pulse Oximeter,General,10,7,78.1,0
2025-10-06,10,Pulse Oximeter,ICU,10,8,85.8,0
2025-10-06,10,Pulse Oximeter,Maternity,10,8,80.4,0
2025-10-07,10,Ventilator,Cardiology,3,2,74.7,0
2025-10-07,10,Ventilator,Oncology,3,2,72.2,0
2025-10-07,10,Ventilator,Neurology,3,2,74.7,0
2025-10-07,10,ECG Monitor,General,5,2,53.5,0
2025-10-07,10,ECG Monitor,Orthopedics,5,3,68.7,0
2025-10-07,10,ECG Monitor,Emergency,5,2,54.9,0
2025-10-07,10,ECG Monitor,Surgery,5,3,65.0,0
2025-10-07,10,ECG Monitor,Cardiology,5,4,81.1,0
2025-10-07,10,ECG Monitor,Maternity,5,3,62.3,0
2025-10-07,10,Infusion Pump,Surgery,8,5,74.9,0
2025-10-07,10,Infusion Pump,Maternity,8,5,67.1,0
2025-10-07,10,Infusion Pump,Neurology,8,5,71.4,0
2025-10-07,10,Defibrillator,Pediatrics,2,0,35.8,0
2025-10-07,10,Defibrillator,Neurology,2,0,41.2,0
2025-10-07,10,Defibrillator,Surgery,2,0,44.8,0
2025-10-07,10,Defibrillator,Orthopedics,2,0,45.2,0
2025-10-07,10,Ultrasound,Neurology,1,0,71.7,0
2025-10-07,10,Ultrasound,ICU,1,0,63.6,0
2025-10-07,10,Ultrasound,Maternity,1,0,63.5,0
2025-10-07,10,Ultrasound,Pediatrics,1,0,68.1,0
2025-10-07,10,Pulse Oximeter,Neurology,10,7,75.6,0
2025-10-07,10,Pulse Oximeter,Oncology,10,8,80.5,0
2025-10-07,10,Pulse Oximeter,Orthopedics,10,6,68.9,0
2025-10-07,10,Pulse Oximeter,General,10,8,84.9,0
2025-10-08,10,Ventilator,General,3,2,77.9,0
2025-10-08,10,Ventilator,ICU,3,1,63.4,0
2025-10-08,10,Ventilator,Emergency,3,2,71.7,0
2025-10-08,10,Ventilator,Neurology,3,2,74.0,0
2025-10-08,10,ECG Monitor,ICU,5,2,48.6,0
2025-10-08,10,ECG Monitor,Surgery,5,3,60.3,0
2025-10-08,10,ECG Monitor,Neurology,5,2,59.8,0
2025-10-08,10,Infusion Pump,ICU,8,6,86.1,0
2025-10-08,10,Infusion Pump,Surgery,8,7,89.2,0
2025-10-08,10,Infusion Pump,Oncology,8,6,76.6,0
2025-10-08,10,Defibrillator,Maternity,2,0,33.0,0
2025-10-08,10,Defibrillator,Surgery,2,0,28.6,0
2025-10-08,10,Defibrillator,ICU,2,0,49.9,0
2025-10-08,10,Defibrillator,Emergency,2,0,45.7,0
2025-10-08,10,Ultrasound,Oncology,1,0,70.3,0
2025-10-08,10,Ultrasound,Surgery,1,0,52.5,0
2025-10-08,10,Ultrasound,Emergency,1,0,66.4,0
2025-10-08,10,Pulse Oximeter,Oncology,10,6,66.4,0
2025-10-08,10,Pulse Oximeter,Cardiology,10,8,84.7,0
2025-10-08,10,Pulse Oximeter,Orthopedics,10,8,80.1,0
2025-10-09,10,Ventilator,ICU,3,1,62.9,0
2025-10-09,10,Ventilator,Pediatrics,3,1,63.4,0
2025-10-09,10,Ventilator,General,3,2,78.5,0
2025-10-09,10,Ventilator,Cardiology,3,2,77.0,0
2025-10-09,10,ECG Monitor,Neurology,5,2,51.6,0
2025-10-09,10,ECG Monitor,Cardiology,5,3,67.6,0
2025-10-09,10,ECG Monitor,Oncology,5,3,65.9,1
2025-10-09,10,ECG Monitor,Pediatrics,5,3,67.5,0
2025-10-09,10,Infusion Pump,Cardiology,8,6,84.6,0
2025-10-09,10,Infusion Pump,Emergency,8,6,81.9,0
2025-10-09,10,Infusion Pump,General,8,7,87.7,0
2025-10-09,10,Defibrillator,Cardiology,2,0,40.4,0
2025-10-09,10,Defibrillator,Orthopedics,2,0,35.1,1
2025-10-09,10,Defibrillator,Emergency,2,0,43.3,1
2025-10-09,10,Ultrasound,Surgery,1,0,61.2,1
2025-10-09,10,Ultrasound,ICU,1,0,54.0,0
2025-10-09,10,Ultrasound,General,1,0,46.0,0
2025-10-09,10,Ultrasound,Maternity,1,0,58.3,0
2025-10-09,10,Pulse Oximeter,Neurology,10,7,74.9,0
2025-10-09,10,Pulse Oximeter,Emergency,10,7,78.0,0
2025-10-09,10,Pulse Oximeter,ICU,10,8,81.1,0
2025-10-09,10,Pulse Oximeter,Orthopedics,10,7,73.4,0
2025-10-09,10,Pulse Oximeter,Pediatrics,10,6,69.9,0
2025-10-10,10,Ventilator,General,3,1,63.2,0
2025-10-10,10,Ventilator,Oncology,3,1,63.0,0
2025-10-10,10,Ventilator,Neurology,3,1,61.4,0
2025-10-10,10,ECG Monitor,Orthopedics,5,2,55.1,0
2025-10-10,10,ECG Monitor,Neurology,5,3,63.1,0
2025-10-10,10,ECG Monitor,Emergency,5,2,55.3,0
2025-10-10,10,ECG Monitor,Oncology,5,3,74.4,0
2025-10-10,10,Infusion Pump,Oncology,8,5,66.2,0
2025-10-10,10,Infusion Pump,General,8,6,76.2,0
2025-10-10,10,Infusion Pump,Cardiology,8,6,81.1,1
2025-10-10,10,Infusion Pump,ICU,8,6,79.3,0
2025-10-10,10,Infusion Pump,Surgery,8,7,89.9,0
2025-10-10,10,Defibrillator,Neurology,2,0,32.7,0
2025-10-10,10,Defibrillator,Emergency,2,0,33.2,0
2025-10-10,10,Defibrillator,Cardiology,2,0,43.4,0
2025-10-10,10,Defibrillator,Pediatrics,2,0,41.5,0
2025-10-10,10,Defibrillator,Surgery,2,0,32.8,0
2025-10-10,10,Defibrillator,Orthopedics,2,0,32.3,0
2025-10-10,10,Ultrasound,Orthopedics,1,0,61.8,0
2025-10-10,10,Ultrasound,Oncology,1,0,66.9,0
2025-10-10,10,Ultrasound,Neurology,1,0,55.6,0
2025-10-10,10,Pulse Oximeter,Orthopedics,10,7,71.3,0
2025-10-10,10,Pulse Oximeter,Pediatrics,10,7,71.0,0
2025-10-10,10,Pulse Oximeter,Oncology,10,7,78.3,0
2025-10-10,10,Pulse Oximeter,Maternity,10,8,81.3,0
2025-10-10,10,Pulse Oximeter,Surgery,10,7,78.0,0
2025-10-10,10,Pulse Oximeter,ICU,10,6,67.1,0
2025-10-11,10,Ventilator,Pediatrics,3,1,63.2,0
2025-10-11,10,Ventilator,Surgery,3,2,72.9,0
2025-10-11,10,Ventilator,Cardiology,3,2,70.5,0
2025-10-11,10,ECG Monitor,General,5,3,62.1,0
2025-10-11,10,ECG Monitor,Neurology,5,3,71.0,1
2025-10-11,10,ECG Monitor,Pediatrics,5,3,64.7,0
2025-10-11,10,Infusion Pump,General,8,5,69.3,0
2025-10-11,10,Infusion Pump,Emergency,8,5,70.1,0
2025-10-11,10,Infusion Pump,ICU,8,6,76.1,0
2025-10-11,10,Infusion Pump,Oncology,8,6,82.5,0
2025-10-11,10,Defibrillator,Pediatrics,2,0,40.5,1
2025-10-11,10,Defibrillator,Orthopedics,2,0,35.5,0
2025-10-11,10,Defibrillator,Cardiology,2,0,36.4,0
2025-10-11,10,Defibrillator,ICU,2,0,46.0,0
2025-10-11,10,Defibrillator,Maternity,2,1,58.9,0
2025-10-11,10,Ultrasound,Maternity,1,0,77.5,0
2025-10-11,10,Ultrasound,Neurology,1,0,76.4,1
2025-10-11,10,Ultrasound,Cardiology,1,0,65.1,0
2025-10-11,10,Ultrasound,Pediatrics,1,0,57.5,0
2025-10-11,10,Pulse Oximeter,ICU,10,8,88.2,0
2025-10-11,10,Pulse Oximeter,Cardiology,10,7,76.8,0
2025-10-11,10,Pulse Oximeter,Emergency,10,8,89.8,0
2025-10-11,10,Pulse Oximeter,Oncology,10,8,84.6,0
2025-10-12,10,Ventilator,Maternity,3,2,73.2,0
2025-10-12,10,Ventilator,Neurology,3,1,55.5,0
2025-10-12,10,Ventilator,Surgery,3,2,82.1,0
2025-10-12,10,Ventilator,Orthopedics,3,2,68.8,0
2025-10-12,10,ECG Monitor,Maternity,5,3,62.3,0
2025-10-12,10,ECG Monitor,Pediatrics,5,3,61.5,0
2025-10-12,10,ECG Monitor,Emergency,5,2,57.5,0
2025-10-12,10,Infusion Pump,Oncology,8,5,74.6,0
2025-10-12,10,Infusion Pump,Cardiology,8,7,88.4,1
2025-10-12,10,Infusion Pump,Surgery,8,6,83.0,0
2025-10-12,10,Defibrillator,Surgery,2,0,41.9,0
2025-10-12,10,Defibrillator,Maternity,2,0,47.7,0
2025-10-12,10,Defibrillator,Emergency,2,0,37.2,0
2025-10-12,10,Defibrillator,ICU,2,0,44.7,1
2025-10-12,10,Ultrasound,Neurology,1,0,70.3,0
2025-10-12,10,Ultrasound,Cardiology,1,0,55.1,0
2025-10-12,10,Ultrasound,Maternity,1,0,49.9,0
2025-10-12,10,Ultrasound,ICU,1,0,67.2,0
2025-10-12,10,Ultrasound,Pediatrics,1,0,73.0,0
2025-10-12,10,Pulse Oximeter,Pediatrics,10,6,66.4,1
2025-10-12,10,Pulse Oximeter,Emergency,10,7,71.6,1
2025-10-12,10,Pulse Oximeter,Oncology,10,7,75.9,0
2025-10-13,10,Ventilator,ICU,3,1,64.3,0
2025-10-13,10,Ventilator,Maternity,3,2,66.7,0
2025-10-13,10,Ventilator,Oncology,3,1,66.6,0
2025-10-13,10,Ventilator,Surgery,3,2,75.7,0
2025-10-13,10,Ventilator,Pediatrics,3,1,64.6,0
2025-10-13,10,Ventilator,Orthopedics,3,2,69.3,0
2025-10-13,10,ECG Monitor,Maternity,5,2,59.9,0
2025-10-13,10,ECG Monitor,Emergency,5,3,76.2,0
2025-10-13,10,ECG Monitor,Orthopedics,5,3,74.6,0
2025-10-13,10,ECG Monitor,Pediatrics,5,2,59.0,0
2025-10-13,10,Infusion Pump,Emergency,8,6,79.0,0
2025-10-13,10,Infusion Pump,Oncology,8,5,70.8,1
2025-10-13,10,Infusion Pump,ICU,8,5,74.8,0
2025-10-13,10,Infusion Pump,Cardiology,8,7,89.4,0
2025-10-13,10,Infusion Pump,Orthopedics,8,6,78.9,0
2025-10-13,10,Infusion Pump,General,8,5,67.4,1
2025-10-13,10,Defibrillator,ICU,2,0,39.6,0
2025-10-13,10,Defibrillator,Oncology,2,0,48.6,0
2025-10-13,10,Defibrillator,Orthopedics,2,0,40.7,0
2025-10-13,10,Defibrillator,Surgery,2,0,42.7,0
2025-10-13,10,Defibrillator,Emergency,2,0,35.1,0
2025-10-13,10,Defibrillator,Maternity,2,0,40.1,0
2025-10-13,10,Ultrasound,ICU,1,0,48.1,0
2025-10-13,10,Ultrasound,Maternity,1,0,51.4,0
2025-10-13,10,Ultrasound,Pediatrics,1,0,60.2,0
2025-10-13,10,Ultrasound,General,1,0,65.9,0
2025-10-13,10,Ultrasound,Orthopedics,1,0,56.8,0
2025-10-13,10,Pulse Oximeter,Neurology,10,7,79.6,0
2025-10-13,10,Pulse Oximeter,General,10,7,76.2,0
2025-10-13,10,Pulse Oximeter,Cardiology,10,7,79.9,0
2025-10-14,10,Ventilator,General,3,2,67.4,0
2025-10-14,10,Ventilator,Neurology,3,2,70.0,0
2025-10-14,10,Ventilator,Cardiology,3,1,63.2,0
2025-10-14,10,Ventilator,ICU,3,1,61.9,0
2025-10-14,10,ECG Monitor,ICU,5,3,61.5,0
2025-10-14,10,ECG Monitor,General,5,2,59.4,0
2025-10-14,10,ECG Monitor,Surgery,5,3,63.5,0
2025-10-14,10,ECG Monitor,Oncology,5,3,63.8,0
2025-10-14,10,Infusion Pump,Surgery,8,5,71.7,0
2025-10-14,10,Infusion Pump,Orthopedics,8,7,89.9,0
2025-10-14,10,Infusion Pump,Emergency,8,5,68.9,0
2025-10-14,10,Defibrillator,Maternity,2,0,32.3,0
2025-10-14,10,Defibrillator,Neurology,2,0,46.0,0
2025-10-14,10,Defibrillator,Pediatrics,2,0,40.7,0
2025-10-14,10,Defibrillator,Oncology,2,0,30.8,0
2025-10-14,10,Ultrasound,ICU,1,0,49.7,0
2025-10-14,10,Ultrasound,Emergency,1,0,57.9,0
2025-10-14,10,Ultrasound,Oncology,1,0,54.5,0
2025-10-14,10,Ultrasound,Orthopedics,1,0,55.4,0
2025-10-14,10,Ultrasound,Surgery,1,0,59.4,0
2025-10-14,10,Ultrasound,Maternity,1,0,65.5,0
2025-10-14,10,Pulse Oximeter,General,10,7,75.0,1
2025-10-14,10,Pulse Oximeter,Neurology,10,8,83.6,0
2025-10-14,10,Pulse Oximeter,Orthopedics,10,7,71.0,0
2025-10-15,10,Ventilator,ICU,3,2,87.4,0
2025-10-15,10,Ventilator,Oncology,3,1,62.5,0
2025-10-15,10,Ventilator,Cardiology,3,2,68.1,1
2025-10-15,10,Ventilator,Pediatrics,3,1,64.8,0
2025-10-15,10,Ventilator,Emergency,3,2,78.6,0
2025-10-15,10,Ventilator,Orthopedics,3,1,64.1,1
2025-10-15,10,ECG Monitor,General,5,3,60.7,0
2025-10-15,10,ECG Monitor,Surgery,5,3,70.2,1
2025-10-15,10,ECG Monitor,Oncology,5,2,51.0,0
2025-10-15,10,ECG Monitor,Emergency,5,3,72.1,0
2025-10-15,10,ECG Monitor,Maternity,5,3,72.0,0
2025-10-15,10,ECG Monitor,Orthopedics,5,2,58.4,0
2025-10-15,10,Infusion Pump,Maternity,8,5,72.6,0
2025-10-15,10,Infusion Pump,ICU,8,6,80.4,0
2025-10-15,10,Infusion Pump,Neurology,8,7,91.5,0
2025-10-15,10,Infusion Pump,Oncology,8,6,81.8,0
2025-10-15,10,Infusion Pump,Emergency,8,5,73.7,0
2025-10-15,10,Infusion Pump,General,8,6,75.5,0
2025-10-15,10,Defibrillator,Cardiology,2,1,53.3,0
2025-10-15,10,Defibrillator,Oncology,2,0,46.4,0
2025-10-15,10,Defibrillator,Orthopedics,2,0,32.5,0
2025-10-15,10,Defibrillator,Emergency,2,0,48.4,0
2025-10-15,10,Defibrillator,Pediatrics,2,0,42.3,0
2025-10-15,10,Ultrasound,Maternity,1,0,62.1,0
2025-10-15,10,Ultrasound,Pediatrics,1,0,55.6,0
2025-10-15,10,Ultrasound,Emergency,1,0,61.0,0
2025-10-15,10,Pulse Oximeter,Cardiology,10,7,74.4,0
2025-10-15,10,Pulse Oximeter,Orthopedics,10,7,72.0,0
2025-10-15,10,Pulse Oximeter,Oncology,10,6,69.1,0
2025-10-15,10,Pulse Oximeter,Maternity,10,8,81.5,0
2025-10-15,10,Pulse Oximeter,General,10,6,67.7,0
2025-10-16,10,Ventilator,Surgery,3,2,84.0,0
2025-10-16,10,Ventilator,ICU,3,1,61.0,0
2025-10-16,10,Ventilator,Maternity,3,2,75.6,0
2025-10-16,10,Ventilator,Pediatrics,3,2,73.6,0
2025-10-16,10,Ventilator,General,3,2,70.9,0
2025-10-16,10,ECG Monitor,Cardiology,5,3,71.4,0
2025-10-16,10,ECG Monitor,General,5,3,72.5,0
2025-10-16,10,ECG Monitor,Pediatrics,5,3,68.7,0
2025-10-16,10,ECG Monitor,Maternity,5,3,66.4,0
2025-10-16,10,ECG Monitor,Surgery,5,3,70.7,0
2025-10-16,10,Infusion Pump,Neurology,8,5,64.3,0
2025-10-16,10,Infusion Pump,Pediatrics,8,5,69.5,0
2025-10-16,10,Infusion Pump,Orthopedics,8,7,92.6,0
2025-10-16,10,Infusion Pump,ICU,8,7,89.7,0
2025-10-16,10,Defibrillator,Emergency,2,0,38.1,0
2025-10-16,10,Defibrillator,Neurology,2,0,37.2,0
2025-10-16,10,Defibrillator,ICU,2,0,35.8,0
2025-10-16,10,Defibrillator,General,2,0,37.6,0
2025-10-16,10,Ultrasound,General,1,0,71.4,0
2025-10-16,10,Ultrasound,Maternity,1,0,71.1,0
2025-10-16,10,Ultrasound,Cardiology,1,0,54.5,0
2025-10-16,10,Ultrasound,Orthopedics,1,0,58.3,0
2025-10-16,10,Ultrasound,Oncology,1,0,54.3,0
2025-10-16,10,Pulse Oximeter,General,10,7,78.8,0
2025-10-16,10,Pulse Oximeter,Oncology,10,7,75.7,0
2025-10-16,10,Pulse Oximeter,Orthopedics,10,9,91.9,0
2025-10-16,10,Pulse Oximeter,Neurology,10,7,70.2,0
2025-10-16,10,Pulse Oximeter,Surgery,10,5,54.0,0
2025-10-17,10,Ventilator,Emergency,3,2,68.3,0
2025-10-17,10,Ventilator,Oncology,3,2,75.4,0
2025-10-17,10,Ventilator,ICU,3,1,64.7,0
2025-10-17,10,Ventilator,Neurology,3,2,78.6,0
2025-10-17,10,Ventilator,Surgery,3,2,81.5,1
2025-10-17,10,ECG Monitor,Emergency,5,3,67.4,0
2025-10-17,10,ECG Monitor,Maternity,5,2,56.3,0
2025-10-17,10,ECG Monitor,General,5,2,50.6,0
2025-10-17,10,ECG Monitor,Oncology,5,3,67.7,0
2025-10-17,10,ECG Monitor,Surgery,5,3,65.3,0
2025-10-17,10,ECG Monitor,Neurology,5,3,63.7,0
2025-10-17,10,Infusion Pump,Oncology,8,6,82.4,0
2025-10-17,10,Infusion Pump,Neurology,8,6,81.6,0
2025-10-17,10,Infusion Pump,Surgery,8,5,74.7,0
2025-10-17,10,Infusion Pump,Pediatrics,8,6,78.9,0
2025-10-17,10,Infusion Pump,General,8,7,87.8,0
2025-10-17,10,Infusion Pump,Cardiology,8,6,83.5,0
2025-10-17,10,Defibrillator,ICU,2,0,43.9,0
2025-10-17,10,Defibrillator,Surgery,2,0,36.6,0
2025-10-17,10,Defibrillator,Oncology,2,0,34.8,0
2025-10-17,10,Defibrillator,General,2,0,43.6,0
2025-10-17,10,Defibrillator,Neurology,2,0,37.9,0
2025-10-17,10,Defibrillator,Orthopedics,2,0,41.4,0
2025-10-17,10,Ultrasound,Pediatrics,1,0,62.1,0
2025-10-17,10,Ultrasound,Neurology,1,0,60.6,0
2025-10-17,10,Ultrasound,Surgery,1,0,45.9,0
2025-10-17,10,Ultrasound,Cardiology,1,0,60.9,0
2025-10-17,10,Ultrasound,ICU,1,0,52.3,0
2025-10-17,10,Ultrasound,General,1,0,46.2,1
2025-10-17,10,Pulse Oximeter,Maternity,10,7,72.0,0
2025-10-17,10,Pulse Oximeter,Neurology,10,6,62.3,0
2025-10-17,10,Pulse Oximeter,ICU,10,6,66.0,0
2025-10-17,10,Pulse Oximeter,Surgery,10,8,81.7,1
2025-10-17,10,Pulse Oximeter,General,10,7,78.9,0
2025-10-18,10,Ventilator,Maternity,3,2,77.5,0
2025-10-18,10,Ventilator,Oncology,3,2,82.6,0
2025-10-18,10,Ventilator,Emergency,3,2,78.1,0
2025-10-18,10,Ventilator,Orthopedics,3,2,74.3,0
2025-10-18,10,ECG Monitor,Maternity,5,3,72.0,0
2025-10-18,10,ECG Monitor,ICU,5,3,67.3,0
2025-10-18,10,ECG Monitor,Emergency,5,3,67.1,0
2025-10-18,10,ECG Monitor,Cardiology,5,3,63.6,0
2025-10-18,10,Infusion Pump,Cardiology,8,5,71.1,0
2025-10-18,10,Infusion Pump,ICU,8,6,75.1,0
2025-10-18,10,Infusion Pump,Oncology,8,6,83.6,0
2025-10-18,10,Defibrillator,Oncology,2,0,44.4,0
2025-10-18,10,Defibrillator,Surgery,2,0,38.5,0
2025-10-18,10,Defibrillator,Emergency,2,0,41.2,0
2025-10-18,10,Defibrillator,Neurology,2,0,48.7,1
2025-10-18,10,Defibrillator,Pediatrics,2,0,41.1,0
2025-10-18,10,Ultrasound,Orthopedics,1,0,58.1,0
2025-10-18,10,Ultrasound,General,1,0,60.8,0
2025-10-18,10,Ultrasound,Surgery,1,0,44.8,0
2025-10-18,10,Ultrasound,Pediatrics,1,0,48.6,0
2025-10-18,10,Pulse Oximeter,Oncology,10,7,77.4,0
2025-10-18,10,Pulse Oximeter,Cardiology,10,7,78.2,0
2025-10-18,10,Pulse Oximeter,ICU,10,7,73.3,0
2025-10-19,10,Ventilator,Oncology,3,2,73.7,0
2025-10-19,10,Ventilator,Surgery,3,1,57.8,0
2025-10-19,10,Ventilator,ICU,3,2,72.5,0
2025-10-19,10,Ventilator,Maternity,3,2,67.9,0
2025-10-19,10,ECG Monitor,General,5,3,61.4,0
2025-10-19,10,ECG Monitor,Orthopedics,5,3,69.2,0
2025-10-19,10,ECG Monitor,Oncology,5,3,63.0,0
2025-10-19,10,ECG Monitor,Maternity,5,3,78.5,1
2025-10-19,10,Infusion Pump,Neurology,8,6,85.7,0
2025-10-19,10,Infusion Pump,Cardiology,8,5,73.7,0
2025-10-19,10,Infusion Pump,General,8,4,61.9,0
2025-10-19,10,Defibrillator,Emergency,2,0,43.6,0
2025-10-19,10,Defibrillator,Orthopedics,2,0,30.2,0
2025-10-19,10,Defibrillator,ICU,2,0,41.9,0
2025-10-19,10,Ultrasound,Cardiology,1,0,59.5,0
2025-10-19,10,Ultrasound,Oncology,1,0,67.5,0
2025-10-19,10,Ultrasound,Emergency,1,0,55.5,0
2025-10-19,10,Pulse Oximeter,Pediatrics,10,7,79.8,0
2025-10-19,10,Pulse Oximeter,Maternity,10,7,77.6,0
2025-10-19,10,Pulse Oximeter,Cardiology,10,7,79.0,0
2025-10-19,10,Pulse Oximeter,ICU,10,8,88.7,0
2025-10-20,10,Ventilator,Neurology,3,1,60.2,0
2025-10-20,10,Ventilator,Maternity,3,2,75.2,0
2025-10-20,10,Ventilator,Emergency,3,1,62.7,0
2025-10-20,10,Ventilator,Cardiology,3,1,66.5,0
2025-10-20,10,Ventilator,Oncology,3,1,65.5,0
2025-10-20,10,ECG Monitor,ICU,5,4,81.0,0
2025-10-20,10,ECG Monitor,Neurology,5,2,56.1,0
2025-10-20,10,ECG Monitor,Maternity,5,3,60.4,1
2025-10-20,10,ECG Monitor,Orthopedics,5,3,65.1,0
2025-10-20,10,ECG Monitor,Surgery,5,2,48.9,0
2025-10-20,10,Infusion Pump,Pediatrics,8,6,80.0,0
2025-10-20,10,Infusion Pump,Cardiology,8,6,76.9,0
2025-10-20,10,Infusion Pump,Oncology,8,6,81.6,0
2025-10-20,10,Infusion Pump,ICU,8,5,71.0,0
2025-10-20,10,Infusion Pump,Orthopedics,8,6,82.0,0
2025-10-20,10,Defibrillator,Orthopedics,2,0,36.6,0
2025-10-20,10,Defibrillator,General,2,0,42.7,0
2025-10-20,10,Defibrillator,Cardiology,2,0,40.0,0
2025-10-20,10,Ultrasound,Cardiology,1,0,65.5,0
2025-10-20,10,Ultrasound,Oncology,1,0,56.3,0
2025-10-20,10,Ultrasound,Neurology,1,0,49.0,0
2025-10-20,10,Ultrasound,Surgery,1,0,52.4,0
2025-10-20,10,Ultrasound,Maternity,1,0,54.5,0
2025-10-20,10,Pulse Oximeter,Pediatrics,10,5,58.5,0
2025-10-20,10,Pulse Oximeter,Neurology,10,7,73.9,0
2025-10-20,10,Pulse Oximeter,Surgery,10,7,78.5,0
2025-10-20,10,Pulse Oximeter,Cardiology,10,8,81.3,0
2025-10-20,10,Pulse Oximeter,Emergency,10,7,74.3,0
2025-10-21,10,Ventilator,Emergency,3,1,64.0,0
2025-10-21,10,Ventilator,Orthopedics,3,2,81.6,0
2025-10-21,10,Ventilator,Neurology,3,2,67.9,0
2025-10-21,10,Ventilator,Maternity,3,2,72.1,0
2025-10-21,10,ECG Monitor,Orthopedics,5,3,65.1,0
2025-10-21,10,ECG Monitor,Cardiology,5,3,64.7,0
2025-10-21,10,ECG Monitor,Neurology,5,3,69.4,0
2025-10-21,10,ECG Monitor,ICU,5,2,52.1,0
2025-10-21,10,ECG Monitor,Emergency,5,3,65.3,0
2025-10-21,10,ECG Monitor,Maternity,5,2,59.4,0
2025-10-21,10,Infusion Pump,Pediatrics,8,5,72.0,0
2025-10-21,10,Infusion Pump,Oncology,8,6,81.2,0
2025-10-21,10,Infusion Pump,Maternity,8,6,79.5,0
2025-10-21,10,Infusion Pump,Orthopedics,8,6,76.8,0
2025-10-21,10,Defibrillator,Maternity,2,0,48.8,0
2025-10-21,10,Defibrillator,Neurology,2,0,37.4,0
2025-10-21,10,Defibrillator,Surgery,2,0,48.9,0
2025-10-21,10,Defibrillator,Pediatrics,2,0,37.2,0
2025-10-21,10,Defibrillator,General,2,0,37.9,0
2025-10-21,10,Ultrasound,Cardiology,1,0,61.5,0
2025-10-21,10,Ultrasound,Maternity,1,0,55.8,0
2025-10-21,10,Ultrasound,Neurology,1,0,51.3,0
2025-10-21,10,Pulse Oximeter,Surgery,10,7,73.4,0
2025-10-21,10,Pulse Oximeter,ICU,10,7,77.7,0
2025-10-21,10,Pulse Oximeter,Maternity,10,7,76.6,0
2025-10-21,10,Pulse Oximeter,Orthopedics,10,7,77.8,1
2025-10-21,10,Pulse Oximeter,Neurology,10,6,68.2,0
2025-10-21,10,Pulse Oximeter,Pediatrics,10,7,71.8,0
2025-10-22,10,Ventilator,Surgery,3,2,70.9,0
2025-10-22,10,Ventilator,Emergency,3,2,71.0,0
2025-10-22,10,Ventilator,Oncology,3,2,87.4,0
2025-10-22,10,ECG Monitor,Cardiology,5,3,68.3,0
2025-10-22,10,ECG Monitor,General,5,3,65.3,0
2025-10-22,10,ECG Monitor,Surgery,5,3,66.6,0
2025-10-22,10,ECG Monitor,Maternity,5,2,59.1,0
2025-10-22,10,ECG Monitor,Pediatrics,5,3,63.2,0
2025-10-22,10,ECG Monitor,Neurology,5,3,64.3,0
2025-10-22,10,Infusion Pump,Pediatrics,8,6,83.4,0
2025-10-22,10,Infusion Pump,Cardiology,8,6,79.3,0
2025-10-22,10,Infusion Pump,Oncology,8,6,81.6,0
2025-10-22,10,Infusion Pump,Orthopedics,8,6,77.1,0
2025-10-22,10,Defibrillator,Neurology,2,0,41.7,0
2025-10-22,10,Defibrillator,General,2,0,44.5,0
2025-10-22,10,Defibrillator,ICU,2,0,46.6,0
2025-10-22,10,Defibrillator,Maternity,2,0,26.4,0
2025-10-22,10,Ultrasound,Pediatrics,1,0,55.8,0
2025-10-22,10,Ultrasound,Surgery,1,0,54.7,0
2025-10-22,10,Ultrasound,Maternity,1,0,67.6,0
2025-10-22,10,Ultrasound,Oncology,1,0,54.7,0
2025-10-22,10,Ultrasound,Cardiology,1,0,74.7,0
2025-10-22,10,Pulse Oximeter,ICU,10,7,74.0,0
2025-10-22,10,Pulse Oximeter,Pediatrics,10,8,87.8,0
2025-10-22,10,Pulse Oximeter,Maternity,10,8,88.0,0
2025-10-22,10,Pulse Oximeter,Emergency,10,8,82.2,0
2025-10-22,10,Pulse Oximeter,Surgery,10,6,63.9,1
2025-10-23,10,Ventilator,Cardiology,3,2,74.6,0
2025-10-23,10,Ventilator,Neurology,3,2,72.3,0
2025-10-23,10,Ventilator,ICU,3,2,80.9,0
2025-10-23,10,Ventilator,Surgery,3,1,65.0,1
2025-10-23,10,ECG Monitor,Pediatrics,5,3,67.9,0
2025-10-23,10,ECG Monitor,ICU,5,3,64.1,0
2025-10-23,10,ECG Monitor,Cardiology,5,3,64.9,0
2025-10-23,10,Infusion Pump,Pediatrics,8,6,81.5,0
2025-10-23,10,Infusion Pump,Maternity,8,6,78.3,0
2025-10-23,10,Infusion Pump,Orthopedics,8,6,81.7,0
2025-10-23,10,Infusion Pump,ICU,8,5,73.7,0
2025-10-23,10,Infusion Pump,Cardiology,8,6,86.4,0
2025-10-23,10,Defibrillator,Emergency,2,0,42.7,0
2025-10-23,10,Defibrillator,Oncology,2,0,40.6,0
2025-10-23,10,Defibrillator,Orthopedics,2,0,42.3,0
2025-10-23,10,Defibrillator,Surgery,2,0,48.2,0
2025-10-23,10,Ultrasound,Cardiology,1,0,61.2,0
2025-10-23,10,Ultrasound,General,1,0,53.1,0
2025-10-23,10,Ultrasound,Orthopedics,1,0,60.9,0
2025-10-23,10,Ultrasound,ICU,1,0,66.2,0
2025-10-23,10,Ultrasound,Oncology,1,0,67.9,0
2025-10-23,10,Ultrasound,Neurology,1,0,63.0,0
2025-10-23,10,Pulse Oximeter,Orthopedics,10,7,79.7,0
2025-10-23,10,Pulse Oximeter,Maternity,10,7,75.0,1
2025-10-23,10,Pulse Oximeter,ICU,10,8,86.2,0
2025-10-24,10,Ventilator,Oncology,3,2,79.1,0
2025-10-24,10,Ventilator,Orthopedics,3,2,82.9,0
2025-10-24,10,Ventilator,Surgery,3,2,71.0,0
2025-10-24,10,Ventilator,Pediatrics,3,2,76.3,0
2025-10-24,10,Ventilator,ICU,3,1,64.7,0
2025-10-24,10,ECG Monitor,Oncology,5,3,67.3,0
2025-10-24,10,ECG Monitor,Pediatrics,5,3,69.2,0
2025-10-24,10,ECG Monitor,Emergency,5,2,49.7,0
2025-10-24,10,ECG Monitor,General,5,3,62.4,0
2025-10-24,10,ECG Monitor,Cardiology,5,3,70.2,0
2025-10-24,10,ECG Monitor,Orthopedics,5,3,75.4,0
2025-10-24,10,Infusion Pump,Emergency,8,6,79.4,0
2025-10-24,10,Infusion Pump,Oncology,8,7,91.1,0
2025-10-24,10,Infusion Pump,ICU,8,6,79.3,0
2025-10-24,10,Infusion Pump,Surgery,8,7,93.2,0
2025-10-24,10,Defibrillator,Pediatrics,2,0,34.5,0
2025-10-24,10,Defibrillator,Orthopedics,2,0,43.3,0
2025-10-24,10,Defibrillator,ICU,2,0,34.4,0
2025-10-24,10,Ultrasound,Pediatrics,1,0,62.4,0
2025-10-24,10,Ultrasound,Oncology,1,0,53.7,0
2025-10-24,10,Ultrasound,Neurology,1,0,55.7,0
2025-10-24,10,Ultrasound,Maternity,1,0,51.3,0
2025-10-24,10,Pulse Oximeter,Pediatrics,10,8,84.2,0
2025-10-24,10,Pulse Oximeter,Emergency,10,6,67.7,0
2025-10-24,10,Pulse Oximeter,Maternity,10,7,75.5,0
2025-10-24,10,Pulse Oximeter,ICU,10,6,62.2,0
2025-10-25,10,Ventilator,Orthopedics,3,1,61.4,0
2025-10-25,10,Ventilator,Pediatrics,3,2,83.4,0
2025-10-25,10,Ventilator,General,3,2,71.5,0
2025-10-25,10,Ventilator,Oncology,3,2,71.6,0
2025-10-25,10,ECG Monitor,General,5,3,66.9,0
2025-10-25,10,ECG Monitor,Neurology,5,3,68.3,0
2025-10-25,10,ECG Monitor,Cardiology,5,3,60.8,1
2025-10-25,10,ECG Monitor,Emergency,5,3,72.3,0
2025-10-25,10,ECG Monitor,Maternity,5,3,64.3,0
2025-10-25,10,Infusion Pump,Neurology,8,5,71.2,0
2025-10-25,10,Infusion Pump,Cardiology,8,5,69.4,0
2025-10-25,10,Infusion Pump,Surgery,8,6,83.1,0
2025-10-25,10,Infusion Pump,Pediatrics,8,6,82.5,0
2025-10-25,10,Infusion Pump,Emergency,8,6,82.6,1
2025-10-25,10,Infusion Pump,Oncology,8,6,81.3,1
2025-10-25,10,Defibrillator,Pediatrics,2,0,45.2,0
2025-10-25,10,Defibrillator,Maternity,2,0,32.6,0
2025-10-25,10,Defibrillator,Neurology,2,0,45.2,0
2025-10-25,10,Defibrillator,Cardiology,2,0,31.9,0
2025-10-25,10,Defibrillator,Surgery,2,0,35.1,0
2025-10-25,10,Defibrillator,ICU,2,0,33.4,0
2025-10-25,10,Ultrasound,Pediatrics,1,0,72.3,0
2025-10-25,10,Ultrasound,Orthopedics,1,0,52.8,0
2025-10-25,10,Ultrasound,Maternity,1,0,59.0,0
2025-10-25,10,Ultrasound,Cardiology,1,0,45.3,0
2025-10-25,10,Pulse Oximeter,ICU,10,6,68.2,0
2025-10-25,10,Pulse Oximeter,Oncology,10,7,72.9,0
2025-10-25,10,Pulse Oximeter,Orthopedics,10,6,67.6,0
2025-10-25,10,Pulse Oximeter,Maternity,10,7,70.4,0
2025-10-25,10,Pulse Oximeter,General,10,7,74.6,0
2025-10-26,10,Ventilator,General,3,1,62.7,0
2025-10-26,10,Ventilator,Neurology,3,2,79.0,0
2025-10-26,10,Ventilator,Emergency,3,1,64.3,0
2025-10-26,10,Ventilator,Cardiology,3,2,69.4,0
2025-10-26,10,Ventilator,Orthopedics,3,1,60.3,0
2025-10-26,10,Ventilator,Surgery,3,2,67.5,0
2025-10-26,10,ECG Monitor,Surgery,5,2,59.9,0
2025-10-26,10,ECG Monitor,Maternity,5,2,53.7,0
2025-10-26,10,ECG Monitor,General,5,3,63.8,0
2025-10-26,10,ECG Monitor,Cardiology,5,3,75.9,1
2025-10-26,10,Infusion Pump,Cardiology,8,5,72.5,0
2025-10-26,10,Infusion Pump,Maternity,8,5,71.7,0
2025-10-26,10,Infusion Pump,Neurology,8,5,69.6,0
2025-10-26,10,Infusion Pump,Pediatrics,8,6,81.2,0
2025-10-26,10,Infusion Pump,ICU,8,5,71.9,0
2025-10-26,10,Defibrillator,Cardiology,2,0,39.5,0
2025-10-26,10,Defibrillator,General,2,0,35.2,0
2025-10-26,10,Defibrillator,ICU,2,0,39.4,0
2025-10-26,10,Defibrillator,Emergency,2,0,30.4,0
2025-10-26,10,Defibrillator,Oncology,2,0,33.1,0
2025-10-26,10,Defibrillator,Neurology,2,0,47.7,0
2025-10-26,10,Ultrasound,Maternity,1,0,65.3,0
2025-10-26,10,Ultrasound,Pediatrics,1,0,64.4,0
2025-10-26,10,Ultrasound,Surgery,1,0,64.2,0
2025-10-26,10,Ultrasound,Neurology,1,0,55.1,0
2025-10-26,10,Pulse Oximeter,Pediatrics,10,7,77.0,0
2025-10-26,10,Pulse Oximeter,Neurology,10,7,70.2,0
2025-10-26,10,Pulse Oximeter,Oncology,10,8,81.6,1
2025-10-26,10,Pulse Oximeter,Surgery,10,9,91.3,0
2025-10-26,10,Pulse Oximeter,ICU,10,7,78.9,0
2025-10-27,10,Ventilator,Emergency,3,2,68.7,0
2025-10-27,10,Ventilator,Neurology,3,2,85.0,0
2025-10-27,10,Ventilator,ICU,3,1,59.4,0
2025-10-27,10,Ventilator,Cardiology,3,2,76.4,0
2025-10-27,10,Ventilator,Oncology,3,2,80.1,0
2025-10-27,10,Ventilator,Orthopedics,3,2,73.6,0
2025-10-27,10,ECG Monitor,Emergency,5,2,54.6,0
2025-10-27,10,ECG Monitor,Neurology,5,3,64.2,0
2025-10-27,10,ECG Monitor,Pediatrics,5,3,70.7,0
2025-10-27,10,ECG Monitor,Surgery,5,3,66.9,0
2025-10-27,10,Infusion Pump,General,8,6,82.2,0
2025-10-27,10,Infusion Pump,Emergency,8,6,80.5,0
2025-10-27,10,Infusion Pump,Surgery,8,6,76.2,0
2025-10-27,10,Infusion Pump,Maternity,8,6,82.1,0
2025-10-27,10,Infusion Pump,Neurology,8,6,85.9,0
2025-10-27,10,Defibrillator,Emergency,2,0,46.7,1
2025-10-27,10,Defibrillator,Maternity,2,0,39.0,0
2025-10-27,10,Defibrillator,Orthopedics,2,0,40.6,0
2025-10-27,10,Ultrasound,Neurology,1,0,73.6,0
2025-10-27,10,Ultrasound,Surgery,1,0,44.8,0
2025-10-27,10,Ultrasound,Orthopedics,1,0,59.7,0
2025-10-27,10,Ultrasound,Pediatrics,1,0,58.1,0
2025-10-27,10,Ultrasound,ICU,1,0,52.9,0
2025-10-27,10,Pulse Oximeter,ICU,10,7,75.0,0
2025-10-27,10,Pulse Oximeter,Pediatrics,10,7,72.8,0
2025-10-27,10,Pulse Oximeter,Cardiology,10,8,80.1,0
2025-10-27,10,Pulse Oximeter,Surgery,10,8,85.4,0
2025-10-28,10,Ventilator,Orthopedics,3,1,62.7,0
2025-10-28,10,Ventilator,Neurology,3,1,64.4,0
2025-10-28,10,Ventilator,ICU,3,2,76.7,0
2025-10-28,10,ECG Monitor,Neurology,5,3,73.1,0
2025-10-28,10,ECG Monitor,Cardiology,5,2,53.8,0
2025-10-28,10,ECG Monitor,Pediatrics,5,3,70.1,0
2025-10-28,10,ECG Monitor,Maternity,5,3,75.1,0
2025-10-28,10,ECG Monitor,ICU,5,3,65.4,0
2025-10-28,10,Infusion Pump,Oncology,8,6,87.1,0
2025-10-28,10,Infusion Pump,Pediatrics,8,6,82.0,0
2025-10-28,10,Infusion Pump,ICU,8,5,73.1,0
2025-10-28,10,Defibrillator,Neurology,2,1,57.4,0
2025-10-28,10,Defibrillator,Maternity,2,0,43.4,0
2025-10-28,10,Defibrillator,Orthopedics,2,1,53.4,0
2025-10-28,10,Defibrillator,ICU,2,0,40.7,0
2025-10-28,10,Defibrillator,Surgery,2,0,47.4,0
2025-10-28,10,Defibrillator,Oncology,2,0,41.0,0
2025-10-28,10,Ultrasound,Oncology,1,0,68.7,0
2025-10-28,10,Ultrasound,Surgery,1,0,58.4,0
2025-10-28,10,Ultrasound,Orthopedics,1,0,60.9,0
2025-10-28,10,Ultrasound,General,1,0,69.0,0
2025-10-28,10,Pulse Oximeter,Cardiology,10,6,65.2,0
2025-10-28,10,Pulse Oximeter,Emergency,10,8,83.4,0
2025-10-28,10,Pulse Oximeter,General,10,7,75.0,0
2025-10-28,10,Pulse Oximeter,Surgery,10,8,88.8,0
2025-10-28,10,Pulse Oximeter,Pediatrics,10,7,72.0,0
2025-10-28,10,Pulse Oximeter,Oncology,10,7,72.7,0
2025-10-29,10,Ventilator,Surgery,3,2,74.2,0
2025-10-29,10,Ventilator,General,3,2,81.7,0
2025-10-29,10,Ventilator,Maternity,3,1,65.6,0
2025-10-29,10,Ventilator,Pediatrics,3,1,62.4,0
2025-10-29,10,ECG Monitor,Orthopedics,5,3,71.0,0
2025-10-29,10,ECG Monitor,Oncology,5,3,79.9,0
2025-10-29,10,ECG Monitor,General,5,3,62.1,0
2025-10-29,10,ECG Monitor,Maternity,5,3,61.1,0
2025-10-29,10,Infusion Pump,Cardiology,8,6,80.3,0
2025-10-29,10,Infusion Pump,Oncology,8,6,80.5,0
2025-10-29,10,Infusion Pump,Orthopedics,8,7,90.0,0
2025-10-29,10,Defibrillator,Surgery,2,0,47.5,0
2025-10-29,10,Defibrillator,Emergency,2,0,43.0,0
2025-10-29,10,Defibrillator,General,2,0,33.3,0
2025-10-29,10,Defibrillator,Neurology,2,0,42.8,0
2025-10-29,10,Ultrasound,Surgery,1,0,57.4,0
2025-10-29,10,Ultrasound,General,1,0,57.6,0
2025-10-29,10,Ultrasound,Cardiology,1,0,53.2,0
2025-10-29,10,Ultrasound,Oncology,1,0,68.8,0
2025-10-29,10,Pulse Oximeter,ICU,10,7,74.0,0
2025-10-29,10,Pulse Oximeter,Oncology,10,8,86.1,0
2025-10-29,10,Pulse Oximeter,Neurology,10,8,80.4,0
2025-10-30,10,Ventilator,Emergency,3,2,85.0,0
2025-10-30,10,Ventilator,Pediatrics,3,2,69.0,0
2025-10-30,10,Ventilator,General,3,2,85.0,0
2025-10-30,10,ECG Monitor,ICU,5,2,53.3,0
2025-10-30,10,ECG Monitor,Maternity,5,3,73.4,0
2025-10-30,10,ECG Monitor,Cardiology,5,3,64.1,1
2025-10-30,10,ECG Monitor,Orthopedics,5,3,64.8,0
2025-10-30,10,ECG Monitor,Surgery,5,2,49.5,1
2025-10-30,10,ECG Monitor,Emergency,5,3,66.3,0
2025-10-30,10,Infusion Pump,Oncology,8,6,84.1,0
2025-10-30,10,Infusion Pump,Orthopedics,8,7,90.7,0
2025-10-30,10,Infusion Pump,Surgery,8,6,84.0,0
2025-10-30,10,Infusion Pump,Maternity,8,5,72.7,0
2025-10-30,10,Defibrillator,Surgery,2,0,28.8,0
2025-10-30,10,Defibrillator,Neurology,2,0,31.6,0
2025-10-30,10,Defibrillator,Maternity,2,0,37.1,0
2025-10-30,10,Ultrasound,Cardiology,1,0,65.8,0
2025-10-30,10,Ultrasound,Orthopedics,1,0,66.8,0
2025-10-30,10,Ultrasound,Pediatrics,1,0,50.6,1
2025-10-30,10,Ultrasound,Oncology,1,0,59.5,0
2025-10-30,10,Ultrasound,ICU,1,0,58.7,0
2025-10-30,10,Pulse Oximeter,General,10,7,79.3,0
2025-10-30,10,Pulse Oximeter,Cardiology,10,7,72.0,0
2025-10-30,10,Pulse Oximeter,Maternity,10,7,75.7,0
2025-10-30,10,Pulse Oximeter,Neurology,10,7,75.0,0
2025-10-30,10,Pulse Oximeter,Orthopedics,10,8,85.8,1
2025-10-30,10,Pulse Oximeter,ICU,10,7,71.6,0
2025-10-31,10,Ventilator,Cardiology,3,2,73.4,0
2025-10-31,10,Ventilator,Orthopedics,3,2,67.8,0
2025-10-31,10,Ventilator,ICU,3,1,60.8,0
2025-10-31,10,Ventilator,Surgery,3,2,88.8,0
2025-10-31,10,Ventilator,Maternity,3,2,71.3,0
2025-10-31,10,Ventilator,Emergency,3,2,75.7,0
2025-10-31,10,ECG Monitor,General,5,2,59.0,0
2025-10-31,10,ECG Monitor,Cardiology,5,3,68.2,0
2025-10-31,10,ECG Monitor,Neurology,5,3,68.5,0
2025-10-31,10,ECG Monitor,Maternity,5,2,54.2,0
2025-10-31,10,ECG Monitor,Oncology,5,2,55.9,0
2025-10-31,10,Infusion Pump,Maternity,8,4,60.1,0
2025-10-31,10,Infusion Pump,Orthopedics,8,5,68.9,0
2025-10-31,10,Infusion Pump,Pediatrics,8,6,79.2,0
2025-10-31,10,Infusion Pump,Cardiology,8,6,86.0,0
2025-10-31,10,Infusion Pump,Emergency,8,6,84.9,0
2025-10-31,10,Infusion Pump,Oncology,8,5,70.8,0
2025-10-31,10,Defibrillator,Cardiology,2,0,42.2,0
2025-10-31,10,Defibrillator,Oncology,2,0,42.0,0
2025-10-31,10,Defibrillator,Neurology,2,0,46.8,0
2025-10-31,10,Defibrillator,ICU,2,0,45.4,0
2025-10-31,10,Ultrasound,Maternity,1,0,60.1,0
2025-10-31,10,Ultrasound,Neurology,1,0,57.5,0
2025-10-31,10,Ultrasound,ICU,1,0,62.6,0
2025-10-31,10,Ultrasound,Oncology,1,0,55.7,0
2025-10-31,10,Pulse Oximeter,Cardiology,10,7,74.2,0
2025-10-31,10,Pulse Oximeter,Maternity,10,7,70.0,1
2025-10-31,10,Pulse Oximeter,Oncology,10,8,83.2,0
2025-10-31,10,Pulse Oximeter,Pediatrics,10,7,77.0,0
2025-10-31,10,Pulse Oximeter,Neurology,10,6,61.3,0
2025-11-01,11,Ventilator,Surgery,3,2,82.8,0
2025-11-01,11,Ventilator,General,3,2,80.1,0
2025-11-01,11,Ventilator,Maternity,3,2,82.1,0
2025-11-01,11,Ventilator,Orthopedics,3,2,71.6,1
2025-11-01,11,Ventilator,Neurology,3,2,76.6,0
2025-11-01,11,Ventilator,Emergency,3,2,79.9,0
2025-11-01,11,ECG Monitor,Orthopedics,5,3,69.4,0
2025-11-01,11,ECG Monitor,Cardiology,5,4,82.8,1
2025-11-01,11,ECG Monitor,General,5,4,83.8,0
2025-11-01,11,ECG Monitor,Maternity,5,2,59.9,0
2025-11-01,11,Infusion Pump,Cardiology,8,6,85.5,0
2025-11-01,11,Infusion Pump,Surgery,8,7,88.7,1
2025-11-01,11,Infusion Pump,Maternity,8,7,92.2,0
2025-11-01,11,Infusion Pump,Orthopedics,8,6,83.3,0
2025-11-01,11,Defibrillator,Neurology,2,1,52.1,0
2025-11-01,11,Defibrillator,ICU,2,0,46.5,0
2025-11-01,11,Defibrillator,General,2,1,53.0,0
2025-11-01,11,Ultrasound,ICU,1,0,66.1,0
2025-11-01,11,Ultrasound,Cardiology,1,0,57.8,0
2025-11-01,11,Ultrasound,Pediatrics,1,0,69.2,0
2025-11-01,11,Pulse Oximeter,General,10,7,77.9,0
2025-11-01,11,Pulse Oximeter,Emergency,10,8,83.4,0
2025-11-01,11,Pulse Oximeter,Orthopedics,10,9,96.8,0
2025-11-01,11,Pulse Oximeter,Pediatrics,10,9,90.8,0
2025-11-02,11,Ventilator,Surgery,3,2,78.1,0
2025-11-02,11,Ventilator,Emergency,3,2,80.3,1
2025-11-02,11,Ventilator,Neurology,3,2,79.0,0
2025-11-02,11,Ventilator,Orthopedics,3,2,83.6,0
2025-11-02,11,Ventilator,ICU,3,2,83.3,0
2025-11-02,11,Ventilator,Pediatrics,3,2,72.7,0
2025-11-02,11,ECG Monitor,Maternity,5,3,72.2,0
2025-11-02,11,ECG Monitor,Pediatrics,5,3,67.4,0
2025-11-02,11,ECG Monitor,ICU,5,4,85.9,0
2025-11-02,11,Infusion Pump,Maternity,8,7,99.0,0
2025-11-02,11,Infusion Pump,Cardiology,8,7,91.5,0
2025-11-02,11,Infusion Pump,Oncology,8,7,87.9,0
2025-11-02,11,Infusion Pump,ICU,8,7,88.8,1
2025-11-02,11,Infusion Pump,Orthopedics,8,7,91.2,0
2025-11-02,11,Defibrillator,Pediatrics,2,0,41.4,0
2025-11-02,11,Defibrillator,Orthopedics,2,0,45.9,0
2025-11-02,11,Defibrillator,ICU,2,0,43.4,0
2025-11-02,11,Defibrillator,Oncology,2,0,45.8,0
2025-11-02,11,Defibrillator,Maternity,2,0,43.8,0
2025-11-02,11,Defibrillator,Surgery,2,0,43.8,0
2025-11-02,11,Ultrasound,Cardiology,1,0,68.1,0
2025-11-02,11,Ultrasound,Pediatrics,1,0,77.4,0
2025-11-02,11,Ultrasound,Orthopedics,1,0,78.2,0
2025-11-02,11,Pulse Oximeter,Neurology,10,9,99.0,0
2025-11-02,11,Pulse Oximeter,ICU,10,9,93.4,0
2025-11-02,11,Pulse Oximeter,Oncology,10,9,92.0,0
2025-11-03,11,Ventilator,General,3,2,86.3,0
2025-11-03,11,Ventilator,Emergency,3,2,90.4,0
2025-11-03,11,Ventilator,Neurology,3,2,78.9,0
2025-11-03,11,Ventilator,ICU,3,2,73.7,0
2025-11-03,11,ECG Monitor,Orthopedics,5,3,62.9,0
2025-11-03,11,ECG Monitor,Cardiology,5,3,75.8,0
2025-11-03,11,ECG Monitor,Pediatrics,5,4,83.5,0
2025-11-03,11,ECG Monitor,Oncology,5,3,78.0,0
2025-11-03,11,ECG Monitor,Surgery,5,4,84.3,0
2025-11-03,11,Infusion Pump,ICU,8,7,96.0,0
2025-11-03,11,Infusion Pump,Neurology,8,7,99.0,0
2025-11-03,11,Infusion Pump,Cardiology,8,7,94.8,0
2025-11-03,11,Infusion Pump,General,8,7,93.7,0
2025-11-03,11,Defibrillator,Surgery,2,0,40.8,0
2025-11-03,11,Defibrillator,Orthopedics,2,0,49.5,0
2025-11-03,11,Defibrillator,Oncology,2,0,38.6,0
2025-11-03,11,Defibrillator,Cardiology,2,0,40.6,0
2025-11-03,11,Defibrillator,ICU,2,1,55.1,0
2025-11-03,11,Defibrillator,Maternity,2,1,52.4,0
2025-11-03,11,Ultrasound,Pediatrics,1,0,77.3,0
2025-11-03,11,Ultrasound,Orthopedics,1,0,68.9,1
2025-11-03,11,Ultrasound,General,1,0,68.8,0
2025-11-03,11,Ultrasound,Maternity,1,0,75.8,0
2025-11-03,11,Ultrasound,Cardiology,1,0,66.8,0
2025-11-03,11,Ultrasound,Oncology,1,0,77.7,0
2025-11-03,11,Pulse Oximeter,Surgery,10,7,74.7,0
2025-11-03,11,Pulse Oximeter,ICU,10,8,84.8,0
2025-11-03,11,Pulse Oximeter,Neurology,10,8,85.6,0
2025-11-04,11,Ventilator,Surgery,3,2,75.4,0
2025-11-04,11,Ventilator,ICU,3,2,88.4,0
2025-11-04,11,Ventilator,Orthopedics,3,2,80.7,0
2025-11-04,11,Ventilator,Maternity,3,2,82.0,0
2025-11-04,11,ECG Monitor,Surgery,5,3,66.9,0
2025-11-04,11,ECG Monitor,ICU,5,3,79.4,0
2025-11-04,11,ECG Monitor,General,5,3,72.7,0
2025-11-04,11,ECG Monitor,Neurology,5,3,79.5,0
2025-11-04,11,Infusion Pump,Surgery,8,6,79.9,0
2025-11-04,11,Infusion Pump,Maternity,8,6,83.6,0
2025-11-04,11,Infusion Pump,Oncology,8,7,91.0,0
2025-11-04,11,Infusion Pump,Neurology,8,7,98.1,0
2025-11-04,11,Infusion Pump,ICU,8,7,99.0,0
2025-11-04,11,Infusion Pump,Emergency,8,7,97.4,0
2025-11-04,11,Defibrillator,Surgery,2,1,59.8,0
2025-11-04,11,Defibrillator,Neurology,2,0,38.4,0
2025-11-04,11,Defibrillator,Cardiology,2,0,45.4,0
2025-11-04,11,Ultrasound,Neurology,1,0,66.7,0
2025-11-04,11,Ultrasound,Oncology,1,0,71.8,0
2025-11-04,11,Ultrasound,Surgery,1,0,78.0,0
2025-11-04,11,Ultrasound,Maternity,1,0,70.9,0
2025-11-04,11,Ultrasound,General,1,0,72.3,0
2025-11-04,11,Ultrasound,Orthopedics,1,0,76.2,0
2025-11-04,11,Pulse Oximeter,Pediatrics,10,8,85.9,0
2025-11-04,11,Pulse Oximeter,Surgery,10,8,85.7,0
2025-11-04,11,Pulse Oximeter,ICU,10,9,93.1,0
2025-11-04,11,Pulse Oximeter,Orthopedics,10,8,86.0,0
2025-11-04,11,Pulse Oximeter,Oncology,10,9,94.6,0
2025-11-04,11,Pulse Oximeter,General,10,8,83.0,0
2025-11-05,11,Ventilator,Emergency,3,2,92.6,0
2025-11-05,11,Ventilator,Maternity,3,2,88.2,0
2025-11-05,11,Ventilator,Cardiology,3,2,84.2,0
2025-11-05,11,Ventilator,Oncology,3,2,80.2,0
2025-11-05,11,Ventilator,Neurology,3,2,73.5,0
2025-11-05,11,ECG Monitor,Maternity,5,4,84.8,0
2025-11-05,11,ECG Monitor,General,5,3,71.0,0
2025-11-05,11,ECG Monitor,Orthopedics,5,3,66.9,0
2025-11-05,11,Infusion Pump,ICU,8,6,82.1,0
2025-11-05,11,Infusion Pump,Surgery,8,7,94.2,0
2025-11-05,11,Infusion Pump,Maternity,8,7,89.2,0
2025-11-05,11,Infusion Pump,Cardiology,8,7,99.0,0
2025-11-05,11,Defibrillator,Maternity,2,0,43.8,0
2025-11-05,11,Defibrillator,Pediatrics,2,0,45.7,0
2025-11-05,11,Defibrillator,Orthopedics,2,0,46.0,0
2025-11-05,11,Ultrasound,Neurology,1,0,70.1,0
2025-11-05,11,Ultrasound,Emergency,1,0,80.6,0
2025-11-05,11,Ultrasound,General,1,0,76.3,0
2025-11-05,11,Ultrasound,Oncology,1,0,66.4,0
2025-11-05,11,Ultrasound,Maternity,1,0,70.5,1
2025-11-05,11,Pulse Oximeter,Cardiology,10,7,75.7,0
2025-11-05,11,Pulse Oximeter,Maternity,10,9,90.5,0
2025-11-05,11,Pulse Oximeter,Emergency,10,8,85.5,0
2025-11-05,11,Pulse Oximeter,ICU,10,9,92.2,0
2025-11-05,11,Pulse Oximeter,Neurology,10,7,74.0,0
2025-11-06,11,Ventilator,ICU,3,2,81.9,0
2025-11-06,11,Ventilator,Orthopedics,3,2,84.8,0
2025-11-06,11,Ventilator,General,3,2,82.3,0
2025-11-06,11,Ventilator,Oncology,3,2,93.1,0
2025-11-06,11,Ventilator,Neurology,3,2,86.5,0
2025-11-06,11,Ventilator,Emergency,3,2,87.4,0
2025-11-06,11,ECG Monitor,General,5,4,84.0,0
2025-11-06,11,ECG Monitor,Pediatrics,5,4,81.6,0
2025-11-06,11,ECG Monitor,ICU,5,3,76.6,0
2025-11-06,11,ECG Monitor,Maternity,5,3,68.3,0
2025-11-06,11,Infusion Pump,Emergency,8,6,86.5,1
2025-11-06,11,Infusion Pump,Neurology,8,7,95.4,0
2025-11-06,11,Infusion Pump,General,8,6,86.1,0
2025-11-06,11,Defibrillator,Cardiology,2,0,34.8,0
2025-11-06,11,Defibrillator,Pediatrics,2,1,52.7,0
2025-11-06,11,Defibrillator,Maternity,2,0,49.9,0
2025-11-06,11,Defibrillator,Oncology,2,0,49.7,0
2025-11-06,11,Defibrillator,ICU,2,1,52.5,0
2025-11-06,11,Defibrillator,Surgery,2,0,41.0,0
2025-11-06,11,Ultrasound,Surgery,1,0,62.2,0
2025-11-06,11,Ultrasound,Cardiology,1,0,68.2,1
2025-11-06,11,Ultrasound,Orthopedics,1,0,70.5,0
2025-11-06,11,Pulse Oximeter,Pediatrics,10,7,77.0,0
2025-11-06,11,Pulse Oximeter,Surgery,10,8,82.3,0
2025-11-06,11,Pulse Oximeter,Orthopedics,10,8,84.8,0
2025-11-06,11,Pulse Oximeter,Maternity,10,8,89.4,0
2025-11-06,11,Pulse Oximeter,Cardiology,10,9,99.0,0
2025-11-06,11,Pulse Oximeter,ICU,10,8,87.2,0
2025-11-07,11,Ventilator,General,3,2,87.1,0
2025-11-07,11,Ventilator,Emergency,3,2,75.0,0
2025-11-07,11,Ventilator,Neurology,3,2,73.4,0
2025-11-07,11,Ventilator,Maternity,3,2,78.2,0
2025-11-07,11,ECG Monitor,Orthopedics,5,3,75.7,0
2025-11-07,11,ECG Monitor,Maternity,5,3,73.8,0
2025-11-07,11,ECG Monitor,Cardiology,5,3,69.9,0
2025-11-07,11,ECG Monitor,Neurology,5,3,63.0,0
2025-11-07,11,ECG Monitor,Emergency,5,3,69.3,0
2025-11-07,11,ECG Monitor,Pediatrics,5,3,72.6,0
2025-11-07,11,Infusion Pump,Pediatrics,8,7,97.2,0
2025-11-07,11,Infusion Pump,Maternity,8,7,95.7,0
2025-11-07,11,Infusion Pump,Oncology,8,7,91.8,0
2025-11-07,11,Defibrillator,Emergency,2,1,56.3,0
2025-11-07,11,Defibrillator,Neurology,2,1,55.7,0
2025-11-07,11,Defibrillator,General,2,0,42.6,0
2025-11-07,11,Defibrillator,Cardiology,2,0,35.8,0
2025-11-07,11,Defibrillator,Oncology,2,0,46.1,0
2025-11-07,11,Defibrillator,Orthopedics,2,0,47.4,0
2025-11-07,11,Ultrasound,General,1,0,68.8,0
2025-11-07,11,Ultrasound,Surgery,1,0,65.7,0
2025-11-07,11,Ultrasound,Emergency,1,0,75.2,0
2025-11-07,11,Ultrasound,Oncology,1,0,66.6,0
2025-11-07,11,Ultrasound,Pediatrics,1,0,78.6,0
2025-11-07,11,Ultrasound,Maternity,1,0,60.1,0
2025-11-07,11,Pulse Oximeter,Pediatrics,10,8,87.2,0
2025-11-07,11,Pulse Oximeter,Surgery,10,8,88.1,0
2025-11-07,11,Pulse Oximeter,Emergency,10,7,75.4,1
2025-11-07,11,Pulse Oximeter,Cardiology,10,8,81.5,0
2025-11-07,11,Pulse Oximeter,Neurology,10,7,79.5,0
2025-11-07,11,Pulse Oximeter,General,10,9,92.6,0
2025-11-08,11,Ventilator,Oncology,3,2,84.5,0
2025-11-08,11,Ventilator,General,3,2,85.8,0
2025-11-08,11,Ventilator,Neurology,3,2,85.3,0
2025-11-08,11,Ventilator,Pediatrics,3,2,83.9,0
2025-11-08,11,Ventilator,Orthopedics,3,2,76.2,0
2025-11-08,11,Ventilator,Cardiology,3,2,78.3,0
2025-11-08,11,ECG Monitor,Neurology,5,4,91.1,1
2025-11-08,11,ECG Monitor,Orthopedics,5,3,70.2,0
2025-11-08,11,ECG Monitor,Oncology,5,2,54.1,0
2025-11-08,11,ECG Monitor,Maternity,5,3,71.5,0
2025-11-08,11,ECG Monitor,General,5,3,68.5,0
2025-11-08,11,Infusion Pump,ICU,8,7,93.8,0
2025-11-08,11,Infusion Pump,General,8,7,92.0,0
2025-11-08,11,Infusion Pump,Neurology,8,6,83.6,0
2025-11-08,11,Infusion Pump,Orthopedics,8,7,96.4,0
2025-11-08,11,Infusion Pump,Oncology,8,6,76.1,1
2025-11-08,11,Defibrillator,ICU,2,0,38.7,0
2025-11-08,11,Defibrillator,Neurology,2,1,59.6,0
2025-11-08,11,Defibrillator,Maternity,2,0,40.7,0
2025-11-08,11,Defibrillator,Surgery,2,0,44.8,0
2025-11-08,11,Defibrillator,Orthopedics,2,0,45.5,1
2025-11-08,11,Defibrillator,Pediatrics,2,0,43.1,0
2025-11-08,11,Ultrasound,Cardiology,1,0,56.8,0
2025-11-08,11,Ultrasound,Oncology,1,0,64.3,0
2025-11-08,11,Ultrasound,Neurology,1,0,75.2,0
2025-11-08,11,Ultrasound,Emergency,1,0,73.3,0
2025-11-08,11,Ultrasound,Surgery,1,0,71.3,0
2025-11-08,11,Ultrasound,Maternity,1,0,64.0,0
2025-11-08,11,Pulse Oximeter,Pediatrics,10,8,86.8,0
2025-11-08,11,Pulse Oximeter,Cardiology,10,8,86.4,0
2025-11-08,11,Pulse Oximeter,Surgery,10,8,88.6,0
2025-11-08,11,Pulse Oximeter,Oncology,10,8,87.1,0
2025-11-08,11,Pulse Oximeter,Orthopedics,10,9,99.0,1
2025-11-09,11,Ventilator,Oncology,3,2,84.9,0
2025-11-09,11,Ventilator,General,3,2,78.9,0
2025-11-09,11,Ventilator,Cardiology,3,2,73.3,0
2025-11-09,11,ECG Monitor,ICU,5,3,77.9,0
2025-11-09,11,ECG Monitor,Surgery,5,3,75.4,0
2025-11-09,11,ECG Monitor,General,5,4,80.3,0
2025-11-09,11,Infusion Pump,Surgery,8,7,95.4,0
2025-11-09,11,Infusion Pump,Pediatrics,8,6,84.2,0
2025-11-09,11,Infusion Pump,General,8,7,88.4,0
2025-11-09,11,Infusion Pump,Oncology,8,7,95.1,0
2025-11-09,11,Infusion Pump,Cardiology,8,6,85.8,0
2025-11-09,11,Defibrillator,Cardiology,2,0,47.4,0
2025-11-09,11,Defibrillator,Surgery,2,1,55.3,0
2025-11-09,11,Defibrillator,ICU,2,0,36.0,0
2025-11-09,11,Defibrillator,Orthopedics,2,0,46.9,0
2025-11-09,11,Defibrillator,Oncology,2,0,40.5,0
2025-11-09,11,Ultrasound,Maternity,1,0,73.4,0
2025-11-09,11,Ultrasound,Pediatrics,1,0,60.8,0
2025-11-09,11,Ultrasound,ICU,1,0,59.1,0
2025-11-09,11,Ultrasound,Emergency,1,0,65.5,0
2025-11-09,11,Ultrasound,Orthopedics,1,0,77.3,0
2025-11-09,11,Pulse Oximeter,General,10,9,96.1,0
2025-11-09,11,Pulse Oximeter,Surgery,10,8,81.3,0
2025-11-09,11,Pulse Oximeter,Oncology,10,9,90.8,0
2025-11-09,11,Pulse Oximeter,Cardiology,10,8,82.7,0
2025-11-09,11,Pulse Oximeter,Pediatrics,10,8,89.8,0
2025-11-09,11,Pulse Oximeter,Maternity,10,9,94.8,0
2025-11-10,11,Ventilator,Neurology,3,2,79.5,0
2025-11-10,11,Ventilator,General,3,2,88.2,0
2025-11-10,11,Ventilator,Orthopedics,3,2,82.0,1
2025-11-10,11,Ventilator,Oncology,3,2,86.5,0
2025-11-10,11,ECG Monitor,Surgery,5,4,86.3,0
2025-11-10,11,ECG Monitor,Pediatrics,5,3,75.5,0
2025-11-10,11,ECG Monitor,Emergency,5,3,67.6,0
2025-11-10,11,ECG Monitor,Neurology,5,3,67.9,0
2025-11-10,11,ECG Monitor,General,5,3,71.0,0
2025-11-10,11,ECG Monitor,Oncology,5,4,88.6,0
2025-11-10,11,Infusion Pump,Surgery,8,6,78.8,0
2025-11-10,11,Infusion Pump,Pediatrics,8,6,84.6,0
2025-11-10,11,Infusion Pump,Emergency,8,7,95.0,0
2025-11-10,11,Infusion Pump,Cardiology,8,7,91.4,0
2025-11-10,11,Infusion Pump,General,8,6,81.7,0
2025-11-10,11,Defibrillator,Orthopedics,2,1,56.9,0
2025-11-10,11,Defibrillator,Cardiology,2,1,56.7,0
2025-11-10,11,Defibrillator,Pediatrics,2,0,48.7,0
2025-11-10,11,Defibrillator,Surgery,2,1,53.2,1
2025-11-10,11,Defibrillator,Maternity,2,1,55.4,0
2025-11-10,11,Defibrillator,ICU,2,1,53.9,1
2025-11-10,11,Ultrasound,Maternity,1,0,66.3,0
2025-11-10,11,Ultrasound,Cardiology,1,0,67.2,0
2025-11-10,11,Ultrasound,Neurology,1,0,56.2,0
2025-11-10,11,Pulse Oximeter,General,10,9,93.2,0
2025-11-10,11,Pulse Oximeter,Neurology,10,9,91.6,0
2025-11-10,11,Pulse Oximeter,Cardiology,10,8,83.4,0
2025-11-10,11,Pulse Oximeter,Surgery,10,8,87.3,0
2025-11-11,11,Ventilator,General,3,2,83.6,0
2025-11-11,11,Ventilator,Maternity,3,2,76.9,0
2025-11-11,11,Ventilator,Pediatrics,3,2,77.6,0
2025-11-11,11,Ventilator,Surgery,3,2,78.6,0
2025-11-11,11,Ventilator,Orthopedics,3,2,77.7,0
2025-11-11,11,ECG Monitor,Pediatrics,5,3,67.5,0
2025-11-11,11,ECG Monitor,Oncology,5,4,83.2,0
2025-11-11,11,ECG Monitor,Orthopedics,5,2,58.6,0
2025-11-11,11,ECG Monitor,Neurology,5,3,77.7,0
2025-11-11,11,Infusion Pump,ICU,8,7,97.7,0
2025-11-11,11,Infusion Pump,Oncology,8,6,85.0,0
2025-11-11,11,Infusion Pump,Pediatrics,8,7,99.0,0
2025-11-11,11,Infusion Pump,Neurology,8,7,95.5,0
2025-11-11,11,Infusion Pump,Orthopedics,8,7,96.0,0
2025-11-11,11,Defibrillator,Maternity,2,0,43.7,0
2025-11-11,11,Defibrillator,Oncology,2,0,46.3,0
2025-11-11,11,Defibrillator,ICU,2,0,42.3,0
2025-11-11,11,Ultrasound,Pediatrics,1,0,83.6,0
2025-11-11,11,Ultrasound,Oncology,1,0,56.8,0
2025-11-11,11,Ultrasound,Emergency,1,0,75.3,0
2025-11-11,11,Ultrasound,General,1,0,75.2,0
2025-11-11,11,Ultrasound,Maternity,1,0,66.6,0
2025-11-11,11,Ultrasound,Cardiology,1,0,64.2,0
2025-11-11,11,Pulse Oximeter,Maternity,10,8,85.6,0
2025-11-11,11,Pulse Oximeter,Emergency,10,7,78.9,0
2025-11-11,11,Pulse Oximeter,Oncology,10,7,79.8,0
2025-11-11,11,Pulse Oximeter,Cardiology,10,7,79.9,0
2025-11-12,11,Ventilator,Neurology,3,2,75.1,0
2025-11-12,11,Ventilator,Oncology,3,2,88.3,0
2025-11-12,11,Ventilator,Cardiology,3,2,84.2,0
2025-11-12,11,ECG Monitor,Oncology,5,3,79.0,0
2025-11-12,11,ECG Monitor,Pediatrics,5,3,73.2,0
2025-11-12,11,ECG Monitor,Orthopedics,5,4,80.3,0
2025-11-12,11,Infusion Pump,ICU,8,7,93.7,0
2025-11-12,11,Infusion Pump,General,8,7,96.6,0
2025-11-12,11,Infusion Pump,Pediatrics,8,6,84.8,0
2025-11-12,11,Infusion Pump,Orthopedics,8,7,98.1,0
2025-11-12,11,Infusion Pump,Oncology,8,7,90.4,0
2025-11-12,11,Infusion Pump,Neurology,8,7,99.0,0
2025-11-12,11,Defibrillator,Emergency,2,0,46.7,0
2025-11-12,11,Defibrillator,ICU,2,0,39.7,0
2025-11-12,11,Defibrillator,Pediatrics,2,1,55.1,0
2025-11-12,11,Defibrillator,Orthopedics,2,0,43.5,0
2025-11-12,11,Defibrillator,Neurology,2,0,46.5,0
2025-11-12,11,Ultrasound,ICU,1,0,55.4,0
2025-11-12,11,Ultrasound,Pediatrics,1,0,81.9,0
2025-11-12,11,Ultrasound,Orthopedics,1,0,71.7,0
2025-11-12,11,Pulse Oximeter,Cardiology,10,8,85.9,0
2025-11-12,11,Pulse Oximeter,Orthopedics,10,8,88.9,1
2025-11-12,11,Pulse Oximeter,Neurology,10,8,87.1,0
2025-11-12,11,Pulse Oximeter,Pediatrics,10,9,90.5,1
2025-11-13,11,Ventilator,Oncology,3,2,82.9,1
2025-11-13,11,Ventilator,Cardiology,3,2,84.9,0
2025-11-13,11,Ventilator,Surgery,3,2,75.5,0
2025-11-13,11,ECG Monitor,ICU,5,3,76.2,0
2025-11-13,11,ECG Monitor,General,5,4,80.8,0
2025-11-13,11,ECG Monitor,Pediatrics,5,3,71.7,0
2025-11-13,11,Infusion Pump,Pediatrics,8,7,99.0,0
2025-11-13,11,Infusion Pump,General,8,7,92.1,0
2025-11-13,11,Infusion Pump,Surgery,8,7,92.9,0
2025-11-13,11,Infusion Pump,Maternity,8,6,87.2,0
2025-11-13,11,Infusion Pump,Neurology,8,7,89.6,0
2025-11-13,11,Infusion Pump,Cardiology,8,7,98.1,0
2025-11-13,11,Defibrillator,Orthopedics,2,0,42.8,0
2025-11-13,11,Defibrillator,Oncology,2,0,44.7,0
2025-11-13,11,Defibrillator,Pediatrics,2,1,54.9,0
2025-11-13,11,Defibrillator,Neurology,2,0,40.6,0
2025-11-13,11,Defibrillator,Surgery,2,1,55.1,0
2025-11-13,11,Ultrasound,Neurology,1,0,71.7,0
2025-11-13,11,Ultrasound,Cardiology,1,0,66.8,0
2025-11-13,11,Ultrasound,Maternity,1,0,69.4,0
2025-11-13,11,Ultrasound,Pediatrics,1,0,65.9,0
2025-11-13,11,Pulse Oximeter,Cardiology,10,6,69.9,0
2025-11-13,11,Pulse Oximeter,General,10,8,83.4,0
2025-11-13,11,Pulse Oximeter,ICU,10,9,90.8,0
2025-11-13,11,Pulse Oximeter,Neurology,10,7,78.7,0
2025-11-14,11,Ventilator,General,3,2,85.9,0
2025-11-14,11,Ventilator,Pediatrics,3,2,73.3,0
2025-11-14,11,Ventilator,Cardiology,3,2,79.2,0
2025-11-14,11,ECG Monitor,Cardiology,5,3,72.6,0
2025-11-14,11,ECG Monitor,Pediatrics,5,3,62.1,0
2025-11-14,11,ECG Monitor,Emergency,5,3,68.4,0
2025-11-14,11,Infusion Pump,ICU,8,7,99.0,0
2025-11-14,11,Infusion Pump,Cardiology,8,7,95.6,0
2025-11-14,11,Infusion Pump,Orthopedics,8,7,94.3,0
2025-11-14,11,Infusion Pump,Oncology,8,7,94.2,0
2025-11-14,11,Infusion Pump,Pediatrics,8,7,99.0,0
2025-11-14,11,Defibrillator,Cardiology,2,1,53.7,0
2025-11-14,11,Defibrillator,Neurology,2,0,44.7,0
2025-11-14,11,Defibrillator,General,2,0,45.3,0
2025-11-14,11,Defibrillator,Maternity,2,0,49.9,0
2025-11-14,11,Defibrillator,Emergency,2,0,47.3,0
2025-11-14,11,Ultrasound,Orthopedics,1,0,76.4,0
2025-11-14,11,Ultrasound,Pediatrics,1,0,75.7,0
2025-11-14,11,Ultrasound,ICU,1,0,65.0,0
2025-11-14,11,Pulse Oximeter,Oncology,10,9,99.0,0
2025-11-14,11,Pulse Oximeter,Neurology,10,9,90.6,0
2025-11-14,11,Pulse Oximeter,Orthopedics,10,8,81.0,1
2025-11-14,11,Pulse Oximeter,Emergency,10,8,81.3,0
2025-11-14,11,Pulse Oximeter,ICU,10,7,73.6,0
2025-11-14,11,Pulse Oximeter,Cardiology,10,8,80.2,0
2025-11-15,11,Ventilator,ICU,3,2,71.8,0
2025-11-15,11,Ventilator,Cardiology,3,2,87.4,0
2025-11-15,11,Ventilator,Surgery,3,1,62.5,0
2025-11-15,11,Ventilator,Maternity,3,2,84.5,0
2025-11-15,11,Ventilator,Pediatrics,3,2,86.7,0
2025-11-15,11,ECG Monitor,Neurology,5,4,82.3,0
2025-11-15,11,ECG Monitor,Emergency,5,4,81.5,0
2025-11-15,11,ECG Monitor,Maternity,5,4,80.1,0
2025-11-15,11,Infusion Pump,Neurology,8,7,95.8,0
2025-11-15,11,Infusion Pump,Pediatrics,8,7,87.6,0
2025-11-15,11,Infusion Pump,Surgery,8,7,95.8,0
2025-11-15,11,Infusion Pump,Cardiology,8,6,86.4,0
2025-11-15,11,Defibrillator,Pediatrics,2,0,39.0,0
2025-11-15,11,Defibrillator,Emergency,2,0,41.1,0
2025-11-15,11,Defibrillator,Cardiology,2,0,47.1,0
2025-11-15,11,Ultrasound,Emergency,1,0,82.8,0
2025-11-15,11,Ultrasound,General,1,0,70.2,0
2025-11-15,11,Ultrasound,ICU,1,0,62.8,0
2025-11-15,11,Ultrasound,Cardiology,1,0,63.3,0
2025-11-15,11,Ultrasound,Oncology,1,0,66.5,0
2025-11-15,11,Ultrasound,Orthopedics,1,0,69.7,0
2025-11-15,11,Pulse Oximeter,General,10,8,84.2,0
2025-11-15,11,Pulse Oximeter,Oncology,10,8,83.5,0
2025-11-15,11,Pulse Oximeter,Pediatrics,10,9,90.7,0
2025-11-15,11,Pulse Oximeter,Orthopedics,10,7,79.8,0
2025-11-15,11,Pulse Oximeter,Surgery,10,7,79.8,0
2025-11-16,11,Ventilator,General,3,2,71.4,0
2025-11-16,11,Ventilator,ICU,3,2,93.1,0
2025-11-16,11,Ventilator,Pediatrics,3,2,77.1,0
2025-11-16,11,Ventilator,Orthopedics,3,2,82.8,0
2025-11-16,11,Ventilator,Cardiology,3,2,77.5,0
2025-11-16,11,ECG Monitor,ICU,5,3,72.7,0
2025-11-16,11,ECG Monitor,Maternity,5,4,81.0,1
2025-11-16,11,ECG Monitor,Surgery,5,3,72.0,0
2025-11-16,11,Infusion Pump,Maternity,8,6,83.5,0
2025-11-16,11,Infusion Pump,Pediatrics,8,6,81.3,0
2025-11-16,11,Infusion Pump,Cardiology,8,7,99.0,0
2025-11-16,11,Infusion Pump,Emergency,8,6,85.6,0
2025-11-16,11,Infusion Pump,Surgery,8,5,73.3,0
2025-11-16,11,Defibrillator,General,2,0,41.9,0
2025-11-16,11,Defibrillator,Neurology,2,0,36.0,0
2025-11-16,11,Defibrillator,Cardiology,2,0,45.5,0
2025-11-16,11,Defibrillator,Emergency,2,0,36.6,0
2025-11-16,11,Ultrasound,Surgery,1,0,77.6,0
2025-11-16,11,Ultrasound,General,1,0,67.1,0
2025-11-16,11,Ultrasound,Maternity,1,0,62.9,0
2025-11-16,11,Ultrasound,Oncology,1,0,71.7,0
2025-11-16,11,Pulse Oximeter,Emergency,10,8,84.1,0
2025-11-16,11,Pulse Oximeter,Maternity,10,8,83.6,0
2025-11-16,11,Pulse Oximeter,General,10,7,78.8,0
2025-11-16,11,Pulse Oximeter,Oncology,10,8,83.6,0
2025-11-16,11,Pulse Oximeter,Pediatrics,10,7,79.9,0
2025-11-16,11,Pulse Oximeter,Orthopedics,10,9,99.0,0
2025-11-17,11,Ventilator,Neurology,3,2,87.6,0
2025-11-17,11,Ventilator,Surgery,3,1,66.0,0
2025-11-17,11,Ventilator,Cardiology,3,2,76.9,0
2025-11-17,11,Ventilator,General,3,2,80.0,0
2025-11-17,11,Ventilator,Orthopedics,3,2,82.2,0
2025-11-17,11,Ventilator,Pediatrics,3,2,93.5,0
2025-11-17,11,ECG Monitor,Neurology,5,2,59.6,0
2025-11-17,11,ECG Monitor,Emergency,5,3,74.7,0
2025-11-17,11,ECG Monitor,ICU,5,3,73.4,0
2025-11-17,11,ECG Monitor,General,5,3,67.4,0
2025-11-17,11,Infusion Pump,Cardiology,8,7,99.0,0
2025-11-17,11,Infusion Pump,Orthopedics,8,6,81.9,0
2025-11-17,11,Infusion Pump,Emergency,8,7,93.4,0
2025-11-17,11,Defibrillator,General,2,1,61.7,0
2025-11-17,11,Defibrillator,ICU,2,0,36.1,0
2025-11-17,11,Defibrillator,Oncology,2,0,30.4,0
2025-11-17,11,Defibrillator,Orthopedics,2,0,45.2,0
2025-11-17,11,Defibrillator,Cardiology,2,1,50.5,0
2025-11-17,11,Ultrasound,Maternity,1,0,65.8,0
2025-11-17,11,Ultrasound,Oncology,1,0,60.5,0
2025-11-17,11,Ultrasound,General,1,0,74.4,0
2025-11-17,11,Pulse Oximeter,ICU,10,8,82.9,0
2025-11-17,11,Pulse Oximeter,Cardiology,10,8,81.7,0
2025-11-17,11,Pulse Oximeter,Surgery,10,9,97.5,1
2025-11-17,11,Pulse Oximeter,Oncology,10,7,72.6,0
2025-11-17,11,Pulse Oximeter,Orthopedics,10,6,69.2,0
2025-11-18,11,Ventilator,Oncology,3,2,91.9,0
2025-11-18,11,Ventilator,Surgery,3,2,70.7,0
2025-11-18,11,Ventilator,Pediatrics,3,2,78.7,0
2025-11-18,11,Ventilator,Neurology,3,2,83.6,0
2025-11-18,11,Ventilator,Orthopedics,3,2,82.3,0
2025-11-18,11,Ventilator,General,3,2,81.2,0
2025-11-18,11,ECG Monitor,Orthopedics,5,4,83.9,0
2025-11-18,11,ECG Monitor,Surgery,5,3,77.3,0
2025-11-18,11,ECG Monitor,Neurology,5,3,70.8,0
2025-11-18,11,Infusion Pump,Emergency,8,7,88.5,0
2025-11-18,11,Infusion Pump,Neurology,8,7,94.2,0
2025-11-18,11,Infusion Pump,Orthopedics,8,6,86.9,0
2025-11-18,11,Defibrillator,Emergency,2,0,47.9,0
2025-11-18,11,Defibrillator,General,2,1,50.6,0
2025-11-18,11,Defibrillator,Cardiology,2,0,48.7,0
2025-11-18,11,Defibrillator,Pediatrics,2,0,35.0,0
2025-11-18,11,Defibrillator,Orthopedics,2,1,51.5,0
2025-11-18,11,Ultrasound,Cardiology,1,0,64.6,0
2025-11-18,11,Ultrasound,Oncology,1,0,76.6,0
2025-11-18,11,Ultrasound,Maternity,1,0,60.6,0
2025-11-18,11,Pulse Oximeter,Neurology,10,8,87.5,0
2025-11-18,11,Pulse Oximeter,Pediatrics,10,7,75.1,0
2025-11-18,11,Pulse Oximeter,Surgery,10,7,80.0,0
2025-11-18,11,Pulse Oximeter,Orthopedics,10,9,91.8,0
2025-11-18,11,Pulse Oximeter,Emergency,10,8,89.9,1
2025-11-18,11,Pulse Oximeter,Cardiology,10,7,70.6,0
2025-11-19,11,Ventilator,Neurology,3,2,80.5,0
2025-11-19,11,Ventilator,ICU,3,1,61.7,0
2025-11-19,11,Ventilator,Maternity,3,2,82.9,0
2025-11-19,11,Ventilator,Cardiology,3,2,72.9,0
2025-11-19,11,ECG Monitor,Maternity,5,3,75.4,1
2025-11-19,11,ECG Monitor,Surgery,5,3,69.4,0
2025-11-19,11,ECG Monitor,ICU,5,3,73.1,1
2025-11-19,11,ECG Monitor,Cardiology,5,3,79.3,0
2025-11-19,11,ECG Monitor,Emergency,5,3,71.9,0
2025-11-19,11,ECG Monitor,Orthopedics,5,3,79.6,0
2025-11-19,11,Infusion Pump,Surgery,8,7,88.3,0
2025-11-19,11,Infusion Pump,Oncology,8,7,95.9,1
2025-11-19,11,Infusion Pump,Emergency,8,6,87.4,0
2025-11-19,11,Defibrillator,Surgery,2,0,41.0,0
2025-11-19,11,Defibrillator,Orthopedics,2,1,52.4,0
2025-11-19,11,Defibrillator,Maternity,2,1,51.2,0
2025-11-19,11,Defibrillator,Cardiology,2,1,53.3,0
2025-11-19,11,Defibrillator,ICU,2,0,43.0,0
2025-11-19,11,Defibrillator,Emergency,2,0,43.1,0
2025-11-19,11,Ultrasound,Emergency,1,0,64.1,0
2025-11-19,11,Ultrasound,ICU,1,0,80.2,0
2025-11-19,11,Ultrasound,Maternity,1,0,62.3,0
2025-11-19,11,Ultrasound,Orthopedics,1,0,55.4,0
2025-11-19,11,Ultrasound,Surgery,1,0,65.6,0
2025-11-19,11,Ultrasound,Pediatrics,1,0,69.7,0
2025-11-19,11,Pulse Oximeter,General,10,8,81.6,0
2025-11-19,11,Pulse Oximeter,Pediatrics,10,7,70.2,0
2025-11-19,11,Pulse Oximeter,Surgery,10,8,87.8,0
2025-11-19,11,Pulse Oximeter,Neurology,10,8,84.3,0
2025-11-19,11,Pulse Oximeter,Orthopedics,10,8,84.6,0
2025-11-20,11,Ventilator,Oncology,3,2,72.0,0
2025-11-20,11,Ventilator,Emergency,3,2,68.7,0
2025-11-20,11,Ventilator,ICU,3,2,74.9,0
2025-11-20,11,Ventilator,Surgery,3,2,77.3,1
2025-11-20,11,Ventilator,Maternity,3,2,80.9,0
2025-11-20,11,Ventilator,Orthopedics,3,2,88.8,1
2025-11-20,11,ECG Monitor,Surgery,5,3,74.9,0
2025-11-20,11,ECG Monitor,Maternity,5,3,75.9,0
2025-11-20,11,ECG Monitor,Neurology,5,3,76.7,0
2025-11-20,11,Infusion Pump,Oncology,8,6,76.0,0
2025-11-20,11,Infusion Pump,General,8,6,85.6,0
2025-11-20,11,Infusion Pump,Surgery,8,7,97.7,0
2025-11-20,11,Infusion Pump,Maternity,8,7,94.0,0
2025-11-20,11,Infusion Pump,Orthopedics,8,7,99.0,0
2025-11-20,11,Infusion Pump,Cardiology,8,6,87.5,0
2025-11-20,11,Defibrillator,Oncology,2,0,40.9,0
2025-11-20,11,Defibrillator,ICU,2,0,38.0,0
2025-11-20,11,Defibrillator,Surgery,2,0,42.4,0
2025-11-20,11,Defibrillator,Neurology,2,0,45.6,1
2025-11-20,11,Defibrillator,Maternity,2,0,41.5,0
2025-11-20,11,Defibrillator,General,2,0,44.2,1
2025-11-20,11,Ultrasound,Orthopedics,1,0,72.2,0
2025-11-20,11,Ultrasound,Emergency,1,0,70.4,0
2025-11-20,11,Ultrasound,Pediatrics,1,0,82.5,0
2025-11-20,11,Pulse Oximeter,Oncology,10,8,86.5,0
2025-11-20,11,Pulse Oximeter,Maternity,10,8,85.5,0
2025-11-20,11,Pulse Oximeter,General,10,8,80.4,0
2025-11-20,11,Pulse Oximeter,Surgery,10,9,90.2,0
2025-11-20,11,Pulse Oximeter,Neurology,10,7,74.0,0
2025-11-21,11,Ventilator,Orthopedics,3,2,81.8,0
2025-11-21,11,Ventilator,Surgery,3,2,77.8,0
2025-11-21,11,Ventilator,Emergency,3,2,74.6,0
2025-11-21,11,Ventilator,Neurology,3,2,75.9,0
2025-11-21,11,Ventilator,General,3,2,86.3,0
2025-11-21,11,ECG Monitor,Neurology,5,3,71.2,0
2025-11-21,11,ECG Monitor,Emergency,5,3,69.7,0
2025-11-21,11,ECG Monitor,Oncology,5,4,81.8,0
2025-11-21,11,ECG Monitor,General,5,4,86.8,0
2025-11-21,11,Infusion Pump,Orthopedics,8,7,96.6,0
2025-11-21,11,Infusion Pump,General,8,7,94.6,0
2025-11-21,11,Infusion Pump,Maternity,8,7,94.0,0
2025-11-21,11,Infusion Pump,Neurology,8,7,89.8,0
2025-11-21,11,Infusion Pump,ICU,8,6,81.8,0
2025-11-21,11,Defibrillator,Maternity,2,0,42.4,0
2025-11-21,11,Defibrillator,Surgery,2,0,45.7,0
2025-11-21,11,Defibrillator,Orthopedics,2,0,33.7,0
2025-11-21,11,Ultrasound,General,1,0,72.4,0
2025-11-21,11,Ultrasound,Pediatrics,1,0,65.6,0
2025-11-21,11,Ultrasound,Maternity,1,0,64.2,0
2025-11-21,11,Ultrasound,Orthopedics,1,0,56.6,0
2025-11-21,11,Ultrasound,ICU,1,0,65.1,0
2025-11-21,11,Ultrasound,Emergency,1,0,82.6,0
2025-11-21,11,Pulse Oximeter,General,10,8,80.4,0
2025-11-21,11,Pulse Oximeter,Oncology,10,8,80.5,0
2025-11-21,11,Pulse Oximeter,Emergency,10,8,83.6,0
2025-11-21,11,Pulse Oximeter,Maternity,10,8,81.1,0
2025-11-21,11,Pulse Oximeter,Pediatrics,10,8,89.8,0
2025-11-21,11,Pulse Oximeter,Orthopedics,10,9,93.3,0
2025-11-22,11,Ventilator,Cardiology,3,2,74.3,0
2025-11-22,11,Ventilator,Neurology,3,2,91.0,0
2025-11-22,11,Ventilator,Orthopedics,3,2,82.1,0
2025-11-22,11,Ventilator,Surgery,3,2,89.0,0
2025-11-22,11,Ventilator,Maternity,3,2,79.0,0
2025-11-22,11,Ventilator,ICU,3,2,78.7,0
2025-11-22,11,ECG Monitor,Orthopedics,5,3,78.1,0
2025-11-22,11,ECG Monitor,General,5,4,89.2,0
2025-11-22,11,ECG Monitor,Cardiology,5,3,79.4,0
2025-11-22,11,Infusion Pump,Emergency,8,7,99.0,0
2025-11-22,11,Infusion Pump,Surgery,8,7,97.4,0
2025-11-22,11,Infusion Pump,Cardiology,8,6,78.9,0
2025-11-22,11,Infusion Pump,Pediatrics,8,7,99.0,0
2025-11-22,11,Infusion Pump,Oncology,8,7,88.8,0
2025-11-22,11,Infusion Pump,Neurology,8,7,97.5,0
2025-11-22,11,Defibrillator,Oncology,2,1,62.6,0
2025-11-22,11,Defibrillator,ICU,2,0,38.9,0
2025-11-22,11,Defibrillator,Maternity,2,0,38.8,0
2025-11-22,11,Defibrillator,General,2,0,43.6,0
2025-11-22,11,Ultrasound,Cardiology,1,0,55.1,0
2025-11-22,11,Ultrasound,Emergency,1,0,66.4,0
2025-11-22,11,Ultrasound,Maternity,1,0,69.3,0
2025-11-22,11,Ultrasound,Orthopedics,1,0,64.7,0
2025-11-22,11,Pulse Oximeter,Cardiology,10,7,79.6,0
2025-11-22,11,Pulse Oximeter,Surgery,10,9,97.0,0
2025-11-22,11,Pulse Oximeter,Orthopedics,10,7,79.2,0
2025-11-22,11,Pulse Oximeter,ICU,10,7,74.1,0
2025-11-22,11,Pulse Oximeter,Maternity,10,9,92.6,0
2025-11-22,11,Pulse Oximeter,General,10,6,67.6,0
2025-11-23,11,Ventilator,Surgery,3,2,79.0,0
2025-11-23,11,Ventilator,ICU,3,2,69.8,0
2025-11-23,11,Ventilator,General,3,2,80.5,0
2025-11-23,11,Ventilator,Orthopedics,3,2,81.3,0
2025-11-23,11,Ventilator,Neurology,3,2,82.1,0
2025-11-23,11,Ventilator,Cardiology,3,2,80.8,0
2025-11-23,11,ECG Monitor,Oncology,5,3,74.8,0
2025-11-23,11,ECG Monitor,ICU,5,4,92.9,0
2025-11-23,11,ECG Monitor,Surgery,5,3,65.7,0
2025-11-23,11,ECG Monitor,Emergency,5,3,79.2,0
2025-11-23,11,ECG Monitor,Maternity,5,3,67.4,0
2025-11-23,11,Infusion Pump,Cardiology,8,7,94.7,0
2025-11-23,11,Infusion Pump,Surgery,8,7,92.3,0
2025-11-23,11,Infusion Pump,Neurology,8,7,90.2,0
2025-11-23,11,Defibrillator,Oncology,2,0,46.3,0
2025-11-23,11,Defibrillator,Emergency,2,1,50.9,0
2025-11-23,11,Defibrillator,ICU,2,0,37.6,0
2025-11-23,11,Defibrillator,Maternity,2,0,45.2,0
2025-11-23,11,Defibrillator,General,2,0,38.0,0
2025-11-23,11,Defibrillator,Surgery,2,0,40.1,0
2025-11-23,11,Ultrasound,Neurology,1,0,70.6,0
2025-11-23,11,Ultrasound,General,1,0,59.0,0
2025-11-23,11,Ultrasound,ICU,1,0,70.9,0
2025-11-23,11,Ultrasound,Orthopedics,1,0,73.0,0
2025-11-23,11,Pulse Oximeter,General,10,9,93.2,0
2025-11-23,11,Pulse Oximeter,Maternity,10,9,94.7,0
2025-11-23,11,Pulse Oximeter,Oncology,10,8,80.3,0
2025-11-24,11,Ventilator,Oncology,3,2,71.9,0
2025-11-24,11,Ventilator,ICU,3,2,78.9,0
2025-11-24,11,Ventilator,General,3,2,83.5,0
2025-11-24,11,Ventilator,Surgery,3,2,76.5,1
2025-11-24,11,Ventilator,Emergency,3,2,81.3,0
2025-11-24,11,Ventilator,Maternity,3,2,88.9,0
2025-11-24,11,ECG Monitor,Pediatrics,5,3,73.6,0
2025-11-24,11,ECG Monitor,General,5,3,64.9,0
2025-11-24,11,ECG Monitor,Surgery,5,3,75.5,0
2025-11-24,11,ECG Monitor,Emergency,5,3,71.7,0
2025-11-24,11,ECG Monitor,Cardiology,5,2,52.8,0
2025-11-24,11,Infusion Pump,Emergency,8,7,88.9,0
2025-11-24,11,Infusion Pump,Maternity,8,6,85.2,0
2025-11-24,11,Infusion Pump,General,8,6,82.6,0
2025-11-24,11,Infusion Pump,Neurology,8,6,80.2,0
2025-11-24,11,Infusion Pump,Orthopedics,8,7,97.9,0
2025-11-24,11,Defibrillator,Surgery,2,1,59.0,0
2025-11-24,11,Defibrillator,Pediatrics,2,0,35.3,0
2025-11-24,11,Defibrillator,ICU,2,0,49.5,1
2025-11-24,11,Defibrillator,Neurology,2,1,55.6,0
2025-11-24,11,Defibrillator,General,2,0,49.1,0
2025-11-24,11,Defibrillator,Emergency,2,1,56.0,0
2025-11-24,11,Ultrasound,Emergency,1,0,71.2,0
2025-11-24,11,Ultrasound,Maternity,1,0,77.8,0
2025-11-24,11,Ultrasound,Oncology,1,0,80.3,0
2025-11-24,11,Ultrasound,Pediatrics,1,0,74.3,0
2025-11-24,11,Pulse Oximeter,Pediatrics,10,9,99.0,0
2025-11-24,11,Pulse Oximeter,Oncology,10,8,80.5,0
2025-11-24,11,Pulse Oximeter,Orthopedics,10,8,80.0,0
2025-11-24,11,Pulse Oximeter,Emergency,10,8,85.0,0
2025-11-24,11,Pulse Oximeter,General,10,9,99.0,0
2025-11-25,11,Ventilator,General,3,2,91.1,0
2025-11-25,11,Ventilator,Oncology,3,2,85.9,0
2025-11-25,11,Ventilator,Pediatrics,3,2,77.8,0
2025-11-25,11,Ventilator,Cardiology,3,2,88.6,0
2025-11-25,11,Ventilator,Orthopedics,3,2,75.5,0
2025-11-25,11,ECG Monitor,General,5,3,75.7,0
2025-11-25,11,ECG Monitor,Neurology,5,3,61.9,0
2025-11-25,11,ECG Monitor,Surgery,5,3,67.6,0
2025-11-25,11,ECG Monitor,ICU,5,3,71.5,0
2025-11-25,11,ECG Monitor,Pediatrics,5,3,73.6,0
2025-11-25,11,ECG Monitor,Maternity,5,3,71.4,0
2025-11-25,11,Infusion Pump,Neurology,8,7,92.5,0
2025-11-25,11,Infusion Pump,ICU,8,6,85.0,0
2025-11-25,11,Infusion Pump,General,8,6,84.0,0
2025-11-25,11,Infusion Pump,Cardiology,8,6,83.7,0
2025-11-25,11,Defibrillator,General,2,0,44.5,0
2025-11-25,11,Defibrillator,Pediatrics,2,0,39.0,0
2025-11-25,11,Defibrillator,Oncology,2,0,49.6,0
2025-11-25,11,Defibrillator,Orthopedics,2,1,52.1,0
2025-11-25,11,Defibrillator,Maternity,2,1,51.6,0
2025-11-25,11,Ultrasound,Surgery,1,0,72.8,0
2025-11-25,11,Ultrasound,Oncology,1,0,65.9,0
2025-11-25,11,Ultrasound,General,1,0,82.9,0
2025-11-25,11,Ultrasound,ICU,1,0,72.4,0
2025-11-25,11,Pulse Oximeter,Maternity,10,7,76.8,0
2025-11-25,11,Pulse Oximeter,Cardiology,10,8,83.0,0
2025-11-25,11,Pulse Oximeter,Neurology,10,8,89.6,0
2025-11-25,11,Pulse Oximeter,Surgery,10,8,87.9,0
2025-11-25,11,Pulse Oximeter,Emergency,10,9,99.0,0
2025-11-26,11,Ventilator,Oncology,3,2,84.3,0
2025-11-26,11,Ventilator,General,3,2,76.9,0
2025-11-26,11,Ventilator,Surgery,3,2,77.9,0
2025-11-26,11,Ventilator,Pediatrics,3,2,95.3,0
2025-11-26,11,ECG Monitor,Pediatrics,5,3,77.9,0
2025-11-26,11,ECG Monitor,Orthopedics,5,4,83.3,0
2025-11-26,11,ECG Monitor,Neurology,5,3,79.5,0
2025-11-26,11,Infusion Pump,Surgery,8,7,99.0,0
2025-11-26,11,Infusion Pump,ICU,8,6,77.1,0
2025-11-26,11,Infusion Pump,Emergency,8,7,99.0,0
2025-11-26,11,Infusion Pump,Maternity,8,7,92.2,1
2025-11-26,11,Defibrillator,Surgery,2,1,63.8,0
2025-11-26,11,Defibrillator,Oncology,2,1,50.9,0
2025-11-26,11,Defibrillator,Neurology,2,1,63.7,0
2025-11-26,11,Ultrasound,Neurology,1,0,74.4,0
2025-11-26,11,Ultrasound,Surgery,1,0,64.4,0
2025-11-26,11,Ultrasound,Maternity,1,0,64.6,0
2025-11-26,11,Ultrasound,ICU,1,0,66.1,0
2025-11-26,11,Ultrasound,General,1,0,79.0,0
2025-11-26,11,Ultrasound,Oncology,1,0,76.5,0
2025-11-26,11,Pulse Oximeter,Maternity,10,8,88.0,0
2025-11-26,11,Pulse Oximeter,Orthopedics,10,8,83.4,0
2025-11-26,11,Pulse Oximeter,Surgery,10,6,66.6,0
2025-11-26,11,Pulse Oximeter,Pediatrics,10,8,82.0,0
2025-11-26,11,Pulse Oximeter,General,10,9,97.5,0
2025-11-26,11,Pulse Oximeter,Oncology,10,8,89.9,0
2025-11-27,11,Ventilator,ICU,3,2,91.3,0
2025-11-27,11,Ventilator,Orthopedics,3,2,80.7,0
2025-11-27,11,Ventilator,Neurology,3,2,87.0,0
2025-11-27,11,Ventilator,Emergency,3,2,73.9,0
2025-11-27,11,Ventilator,Surgery,3,2,84.0,0
2025-11-27,11,Ventilator,General,3,2,95.6,0
2025-11-27,11,ECG Monitor,Neurology,5,3,70.7,0
2025-11-27,11,ECG Monitor,General,5,3,62.1,0
2025-11-27,11,ECG Monitor,Maternity,5,3,74.0,1
2025-11-27,11,Infusion Pump,General,8,7,90.4,0
2025-11-27,11,Infusion Pump,Pediatrics,8,7,96.5,0
2025-11-27,11,Infusion Pump,Maternity,8,7,96.7,0
2025-11-27,11,Infusion Pump,Surgery,8,6,84.0,0
2025-11-27,11,Defibrillator,Maternity,2,0,47.4,0
2025-11-27,11,Defibrillator,Oncology,2,1,50.8,1
2025-11-27,11,Defibrillator,Pediatrics,2,0,44.3,0
2025-11-27,11,Defibrillator,Orthopedics,2,1,50.9,0
2025-11-27,11,Ultrasound,General,1,0,73.5,0
2025-11-27,11,Ultrasound,Pediatrics,1,0,76.6,0
2025-11-27,11,Ultrasound,Oncology,1,0,71.0,0
2025-11-27,11,Ultrasound,Neurology,1,0,54.8,0
2025-11-27,11,Pulse Oximeter,Oncology,10,9,96.4,0
2025-11-27,11,Pulse Oximeter,Emergency,10,8,81.4,0
2025-11-27,11,Pulse Oximeter,ICU,10,8,85.2,0
2025-11-28,11,Ventilator,ICU,3,2,81.4,0
2025-11-28,11,Ventilator,Neurology,3,2,90.0,0
2025-11-28,11,Ventilator,Emergency,3,2,89.7,0
2025-11-28,11,ECG Monitor,Cardiology,5,3,69.4,0
2025-11-28,11,ECG Monitor,Pediatrics,5,3,77.4,0
2025-11-28,11,ECG Monitor,Neurology,5,3,61.6,0
2025-11-28,11,ECG Monitor,ICU,5,3,61.9,0
2025-11-28,11,ECG Monitor,Oncology,5,4,85.6,0
2025-11-28,11,ECG Monitor,Surgery,5,3,75.3,0
2025-11-28,11,Infusion Pump,ICU,8,7,99.0,0
2025-11-28,11,Infusion Pump,Cardiology,8,7,91.6,0
2025-11-28,11,Infusion Pump,Oncology,8,6,84.4,1
2025-11-28,11,Infusion Pump,Neurology,8,6,86.4,0
2025-11-28,11,Defibrillator,Emergency,2,0,46.0,0
2025-11-28,11,Defibrillator,General,2,0,42.0,0
2025-11-28,11,Defibrillator,Neurology,2,1,51.6,0
2025-11-28,11,Defibrillator,ICU,2,1,51.5,0
2025-11-28,11,Defibrillator,Cardiology,2,0,46.9,0
2025-11-28,11,Defibrillator,Orthopedics,2,1,55.1,0
2025-11-28,11,Ultrasound,Oncology,1,0,82.7,0
2025-11-28,11,Ultrasound,Surgery,1,0,73.2,0
2025-11-28,11,Ultrasound,Emergency,1,0,67.8,0
2025-11-28,11,Ultrasound,Maternity,1,0,71.0,0
2025-11-28,11,Pulse Oximeter,ICU,10,9,91.1,0
2025-11-28,11,Pulse Oximeter,Maternity,10,8,85.3,0
2025-11-28,11,Pulse Oximeter,Neurology,10,7,78.3,0
2025-11-28,11,Pulse Oximeter,Pediatrics,10,9,99.0,0
2025-11-28,11,Pulse Oximeter,Emergency,10,9,91.7,0
2025-11-29,11,Ventilator,Orthopedics,3,2,82.4,0
2025-11-29,11,Ventilator,General,3,2,89.7,1
2025-11-29,11,Ventilator,Oncology,3,2,85.6,0
2025-11-29,11,Ventilator,Surgery,3,2,77.9,0
2025-11-29,11,Ventilator,Neurology,3,2,76.9,0
2025-11-29,11,ECG Monitor,ICU,5,4,82.2,0
2025-11-29,11,ECG Monitor,Orthopedics,5,4,81.1,0
2025-11-29,11,ECG Monitor,Oncology,5,4,80.5,0
2025-11-29,11,ECG Monitor,Emergency,5,3,79.9,0
2025-11-29,11,ECG Monitor,Cardiology,5,3,68.2,0
2025-11-29,11,Infusion Pump,ICU,8,7,92.1,0
2025-11-29,11,Infusion Pump,Orthopedics,8,7,90.0,0
2025-11-29,11,Infusion Pump,Surgery,8,7,94.4,0
2025-11-29,11,Infusion Pump,Oncology,8,7,96.3,0
2025-11-29,11,Infusion Pump,Pediatrics,8,7,97.1,0
2025-11-29,11,Infusion Pump,Neurology,8,7,93.4,0
2025-11-29,11,Defibrillator,General,2,0,38.9,0
2025-11-29,11,Defibrillator,Maternity,2,0,32.2,0
2025-11-29,11,Defibrillator,Cardiology,2,1,57.4,0
2025-11-29,11,Ultrasound,Neurology,1,0,62.5,0
2025-11-29,11,Ultrasound,Cardiology,1,0,75.1,1
2025-11-29,11,Ultrasound,Surgery,1,0,69.0,0
2025-11-29,11,Ultrasound,Pediatrics,1,0,57.7,0
2025-11-29,11,Ultrasound,General,1,0,48.1,0
2025-11-29,11,Pulse Oximeter,General,10,8,85.2,0
2025-11-29,11,Pulse Oximeter,Orthopedics,10,8,86.9,0
2025-11-29,11,Pulse Oximeter,Maternity,10,9,92.7,0
2025-11-30,11,Ventilator,Surgery,3,2,80.7,0
2025-11-30,11,Ventilator,Emergency,3,2,76.1,0
2025-11-30,11,Ventilator,ICU,3,1,59.5,0
2025-11-30,11,ECG Monitor,Cardiology,5,3,72.1,0
2025-11-30,11,ECG Monitor,Neurology,5,3,73.7,0
2025-11-30,11,ECG Monitor,General,5,3,73.0,0
2025-11-30,11,ECG Monitor,Emergency,5,3,74.8,0
2025-11-30,11,ECG Monitor,Pediatrics,5,3,73.4,0
2025-11-30,11,ECG Monitor,Oncology,5,3,72.5,0
2025-11-30,11,Infusion Pump,Cardiology,8,7,96.9,0
2025-11-30,11,Infusion Pump,Pediatrics,8,6,87.0,0
2025-11-30,11,Infusion Pump,Emergency,8,7,95.1,0
2025-11-30,11,Defibrillator,Neurology,2,1,52.8,0
2025-11-30,11,Defibrillator,General,2,0,43.9,0
2025-11-30,11,Defibrillator,Cardiology,2,1,50.3,0
2025-11-30,11,Defibrillator,Pediatrics,2,1,54.0,0
2025-11-30,11,Defibrillator,Maternity,2,0,43.5,0
2025-11-30,11,Defibrillator,Oncology,2,1,54.9,0
2025-11-30,11,Ultrasound,Oncology,1,0,69.4,1
2025-11-30,11,Ultrasound,Maternity,1,0,75.3,0
2025-11-30,11,Ultrasound,Cardiology,1,0,72.5,0
2025-11-30,11,Ultrasound,Orthopedics,1,0,63.9,0
2025-11-30,11,Pulse Oximeter,Neurology,10,9,99.0,0
2025-11-30,11,Pulse Oximeter,Oncology,10,8,87.7,0
2025-11-30,11,Pulse Oximeter,Orthopedics,10,8,83.4,0
2025-11-30,11,Pulse Oximeter,Cardiology,10,8,81.2,0
2025-11-30,11,Pulse Oximeter,Emergency,10,8,82.0,0
2025-11-30,11,Pulse Oximeter,Surgery,10,9,90.4,0
2025-12-01,12,Ventilator,Orthopedics,3,2,84.1,0
2025-12-01,12,Ventilator,Surgery,3,2,82.8,0
2025-12-01,12,Ventilator,ICU,3,2,70.1,1
2025-12-01,12,Ventilator,Maternity,3,2,85.6,0
2025-12-01,12,Ventilator,Oncology,3,2,71.3,0
2025-12-01,12,ECG Monitor,Orthopedics,5,3,77.3,0
2025-12-01,12,ECG Monitor,Pediatrics,5,3,71.0,0
2025-12-01,12,ECG Monitor,Emergency,5,3,69.4,0
2025-12-01,12,Infusion Pump,Oncology,8,7,99.0,0
2025-12-01,12,Infusion Pump,ICU,8,7,87.7,0
2025-12-01,12,Infusion Pump,Orthopedics,8,7,89.7,0
2025-12-01,12,Infusion Pump,General,8,7,92.7,0
2025-12-01,12,Infusion Pump,Neurology,8,7,97.9,0
2025-12-01,12,Defibrillator,Emergency,2,0,41.7,0
2025-12-01,12,Defibrillator,Cardiology,2,1,56.0,0
2025-12-01,12,Defibrillator,Maternity,2,0,32.6,0
2025-12-01,12,Defibrillator,Neurology,2,0,39.5,0
2025-12-01,12,Ultrasound,Oncology,1,0,69.1,0
2025-12-01,12,Ultrasound,General,1,0,75.4,1
2025-12-01,12,Ultrasound,Cardiology,1,0,69.9,0
2025-12-01,12,Pulse Oximeter,Surgery,10,8,88.5,0
2025-12-01,12,Pulse Oximeter,Pediatrics,10,8,86.4,0
2025-12-01,12,Pulse Oximeter,Oncology,10,7,74.7,0
2025-12-01,12,Pulse Oximeter,Emergency,10,9,98.0,1
2025-12-01,12,Pulse Oximeter,Cardiology,10,9,94.6,0
2025-12-01,12,Pulse Oximeter,Orthopedics,10,7,78.9,0
2025-12-02,12,Ventilator,Emergency,3,2,81.4,0
2025-12-02,12,Ventilator,Surgery,3,2,74.1,0
2025-12-02,12,Ventilator,Oncology,3,2,78.8,0
2025-12-02,12,Ventilator,General,3,2,80.7,0
2025-12-02,12,ECG Monitor,General,5,3,70.9,0
2025-12-02,12,ECG Monitor,Orthopedics,5,4,81.3,0
2025-12-02,12,ECG Monitor,Emergency,5,3,72.7,0
2025-12-02,12,ECG Monitor,Maternity,5,3,73.2,0
2025-12-02,12,Infusion Pump,Orthopedics,8,7,96.5,0
2025-12-02,12,Infusion Pump,Cardiology,8,7,99.0,0
2025-12-02,12,Infusion Pump,Neurology,8,7,99.0,0
2025-12-02,12,Infusion Pump,Maternity,8,7,90.4,0
2025-12-02,12,Infusion Pump,Surgery,8,7,97.5,0
2025-12-02,12,Infusion Pump,Emergency,8,7,91.2,0
2025-12-02,12,Defibrillator,Emergency,2,1,53.9,0
2025-12-02,12,Defibrillator,General,2,0,46.9,0
2025-12-02,12,Defibrillator,Surgery,2,0,44.8,0
2025-12-02,12,Defibrillator,Pediatrics,2,0,45.6,0
2025-12-02,12,Defibrillator,Cardiology,2,1,54.1,0
2025-12-02,12,Defibrillator,ICU,2,1,50.5,0
2025-12-02,12,Ultrasound,Orthopedics,1,0,75.5,0
2025-12-02,12,Ultrasound,General,1,0,84.5,1
2025-12-02,12,Ultrasound,Oncology,1,0,68.4,0
2025-12-02,12,Pulse Oximeter,ICU,10,8,84.5,0
2025-12-02,12,Pulse Oximeter,Neurology,10,8,81.8,0
2025-12-02,12,Pulse Oximeter,Cardiology,10,9,93.6,0
2025-12-02,12,Pulse Oximeter,Pediatrics,10,9,92.0,0
2025-12-03,12,Ventilator,Cardiology,3,2,79.2,0
2025-12-03,12,Ventilator,Pediatrics,3,2,77.9,0
2025-12-03,12,Ventilator,Oncology,3,2,87.9,0
2025-12-03,12,ECG Monitor,Orthopedics,5,3,63.7,0
2025-12-03,12,ECG Monitor,Neurology,5,3,72.1,0
2025-12-03,12,ECG Monitor,Surgery,5,4,83.8,0
2025-12-03,12,ECG Monitor,Cardiology,5,3,77.8,0
2025-12-03,12,ECG Monitor,Oncology,5,3,64.0,0
2025-12-03,12,ECG Monitor,Emergency,5,3,70.0,0
2025-12-03,12,Infusion Pump,Maternity,8,6,86.7,0
2025-12-03,12,Infusion Pump,Orthopedics,8,6,80.7,0
2025-12-03,12,Infusion Pump,Surgery,8,7,91.6,0
2025-12-03,12,Infusion Pump,Cardiology,8,7,99.0,0
2025-12-03,12,Defibrillator,Maternity,2,0,47.2,0
2025-12-03,12,Defibrillator,Surgery,2,1,53.7,1
2025-12-03,12,Defibrillator,ICU,2,1,55.3,0
2025-12-03,12,Ultrasound,ICU,1,0,81.1,0
2025-12-03,12,Ultrasound,Pediatrics,1,0,70.8,0
2025-12-03,12,Ultrasound,Emergency,1,0,85.7,0
2025-12-03,12,Ultrasound,Orthopedics,1,0,76.2,0
2025-12-03,12,Pulse Oximeter,ICU,10,7,76.0,0
2025-12-03,12,Pulse Oximeter,Orthopedics,10,8,83.5,0
2025-12-03,12,Pulse Oximeter,General,10,7,78.6,0
2025-12-03,12,Pulse Oximeter,Neurology,10,9,93.1,0
2025-12-04,12,Ventilator,Neurology,3,2,73.6,0
2025-12-04,12,Ventilator,Maternity,3,2,75.1,1
2025-12-04,12,Ventilator,Cardiology,3,2,93.4,0
2025-12-04,12,Ventilator,Pediatrics,3,2,76.2,0
2025-12-04,12,ECG Monitor,General,5,3,72.9,0
2025-12-04,12,ECG Monitor,Pediatrics,5,4,81.9,0
2025-12-04,12,ECG Monitor,ICU,5,3,71.1,1
2025-12-04,12,Infusion Pump,Neurology,8,6,86.8,0
2025-12-04,12,Infusion Pump,General,8,7,92.7,0
2025-12-04,12,Infusion Pump,Oncology,8,6,84.5,0
2025-12-04,12,Infusion Pump,Cardiology,8,7,99.0,0
2025-12-04,12,Defibrillator,Neurology,2,1,54.2,0
2025-12-04,12,Defibrillator,Maternity,2,0,39.1,0
2025-12-04,12,Defibrillator,Pediatrics,2,1,53.9,0
2025-12-04,12,Defibrillator,ICU,2,1,50.9,0
2025-12-04,12,Defibrillator,General,2,1,51.4,0
2025-12-04,12,Defibrillator,Orthopedics,2,0,41.8,0
2025-12-04,12,Ultrasound,Neurology,1,0,82.2,0
2025-12-04,12,Ultrasound,Orthopedics,1,0,54.5,0
2025-12-04,12,Ultrasound,Pediatrics,1,0,63.9,0
2025-12-04,12,Ultrasound,ICU,1,0,67.1,0
2025-12-04,12,Ultrasound,Oncology,1,0,73.4,0
2025-12-04,12,Ultrasound,Maternity,1,0,70.9,0
2025-12-04,12,Pulse Oximeter,Cardiology,10,8,89.2,0
2025-12-04,12,Pulse Oximeter,ICU,10,9,90.1,0
2025-12-04,12,Pulse Oximeter,General,10,9,95.9,0
2025-12-04,12,Pulse Oximeter,Surgery,10,7,79.6,0
2025-12-04,12,Pulse Oximeter,Maternity,10,8,83.7,0
2025-12-04,12,Pulse Oximeter,Emergency,10,9,91.6,0
2025-12-05,12,Ventilator,Cardiology,3,2,82.2,0
2025-12-05,12,Ventilator,Maternity,3,2,85.3,0
2025-12-05,12,Ventilator,Orthopedics,3,2,79.1,0
2025-12-05,12,Ventilator,Emergency,3,2,79.6,0
2025-12-05,12,Ventilator,Oncology,3,2,94.0,0
2025-12-05,12,Ventilator,Neurology,3,2,81.2,0
2025-12-05,12,ECG Monitor,Cardiology,5,4,85.2,0
2025-12-05,12,ECG Monitor,Surgery,5,3,72.2,0
2025-12-05,12,ECG Monitor,Neurology,5,4,86.0,0
2025-12-05,12,Infusion Pump,Orthopedics,8,7,89.6,0
2025-12-05,12,Infusion Pump,Cardiology,8,7,99.0,0
2025-12-05,12,Infusion Pump,Neurology,8,7,99.0,0
2025-12-05,12,Defibrillator,ICU,2,0,43.9,0
2025-12-05,12,Defibrillator,Pediatrics,2,0,44.7,0
2025-12-05,12,Defibrillator,Orthopedics,2,0,34.3,0
2025-12-05,12,Defibrillator,Cardiology,2,1,54.6,1
2025-12-05,12,Defibrillator,General,2,1,53.5,0
2025-12-05,12,Ultrasound,Maternity,1,0,64.5,0
2025-12-05,12,Ultrasound,Pediatrics,1,0,48.7,0
2025-12-05,12,Ultrasound,General,1,0,61.1,0
2025-12-05,12,Ultrasound,Neurology,1,0,78.2,0
2025-12-05,12,Ultrasound,Cardiology,1,0,68.3,0
2025-12-05,12,Pulse Oximeter,Oncology,10,8,82.9,0
2025-12-05,12,Pulse Oximeter,Emergency,10,9,97.7,0
2025-12-05,12,Pulse Oximeter,ICU,10,8,88.9,0
2025-12-05,12,Pulse Oximeter,Maternity,10,9,94.1,0
2025-12-05,12,Pulse Oximeter,Cardiology,10,8,89.5,0
2025-12-05,12,Pulse Oximeter,Surgery,10,7,75.6,0
2025-12-06,12,Ventilator,ICU,3,2,73.6,0
2025-12-06,12,Ventilator,Cardiology,3,2,73.3,0
2025-12-06,12,Ventilator,Emergency,3,2,81.0,0
2025-12-06,12,Ventilator,Neurology,3,2,92.4,0
2025-12-06,12,ECG Monitor,Oncology,5,3,73.8,0
2025-12-06,12,ECG Monitor,Emergency,5,4,81.8,0
2025-12-06,12,ECG Monitor,Neurology,5,3,73.6,0
2025-12-06,12,ECG Monitor,Pediatrics,5,3,63.4,0
2025-12-06,12,ECG Monitor,Cardiology,5,3,75.3,0
2025-12-06,12,ECG Monitor,Maternity,5,4,80.1,0
2025-12-06,12,Infusion Pump,Surgery,8,7,89.1,0
2025-12-06,12,Infusion Pump,Orthopedics,8,6,86.2,1
2025-12-06,12,Infusion Pump,Neurology,8,7,94.8,1
2025-12-06,12,Infusion Pump,ICU,8,7,99.0,0
2025-12-06,12,Infusion Pump,Emergency,8,7,99.0,0
2025-12-06,12,Defibrillator,Maternity,2,0,44.2,0
2025-12-06,12,Defibrillator,General,2,0,39.7,1
2025-12-06,12,Defibrillator,Emergency,2,0,30.6,0
2025-12-06,12,Defibrillator,Neurology,2,0,41.8,0
2025-12-06,12,Defibrillator,Orthopedics,2,0,45.6,0
2025-12-06,12,Defibrillator,Pediatrics,2,0,45.9,0
2025-12-06,12,Ultrasound,Maternity,1,0,66.5,0
2025-12-06,12,Ultrasound,Surgery,1,0,63.4,1
2025-12-06,12,Ultrasound,Cardiology,1,0,61.1,0
2025-12-06,12,Ultrasound,Oncology,1,0,80.6,0
2025-12-06,12,Ultrasound,ICU,1,0,67.4,0
2025-12-06,12,Pulse Oximeter,Pediatrics,10,8,80.2,0
2025-12-06,12,Pulse Oximeter,Surgery,10,8,88.4,0
2025-12-06,12,Pulse Oximeter,Emergency,10,8,88.5,1
2025-12-06,12,Pulse Oximeter,Neurology,10,8,85.0,0
2025-12-07,12,Ventilator,General,3,2,75.2,0
2025-12-07,12,Ventilator,Maternity,3,2,78.6,0
2025-12-07,12,Ventilator,Cardiology,3,2,85.6,0
2025-12-07,12,Ventilator,Neurology,3,2,75.1,0
2025-12-07,12,Ventilator,Pediatrics,3,2,86.8,0
2025-12-07,12,ECG Monitor,Cardiology,5,4,83.3,0
2025-12-07,12,ECG Monitor,Neurology,5,4,81.4,0
2025-12-07,12,ECG Monitor,Orthopedics,5,3,75.2,0
2025-12-07,12,ECG Monitor,Oncology,5,3,72.5,0
2025-12-07,12,Infusion Pump,Pediatrics,8,6,86.6,1
2025-12-07,12,Infusion Pump,Emergency,8,5,73.9,0
2025-12-07,12,Infusion Pump,ICU,8,7,99.0,0
2025-12-07,12,Infusion Pump,Orthopedics,8,7,96.5,0
2025-12-07,12,Infusion Pump,Maternity,8,7,93.8,0
2025-12-07,12,Defibrillator,Surgery,2,0,48.5,0
2025-12-07,12,Defibrillator,Emergency,2,0,47.8,0
2025-12-07,12,Defibrillator,ICU,2,0,48.1,0
2025-12-07,12,Ultrasound,Oncology,1,0,72.3,0
2025-12-07,12,Ultrasound,Surgery,1,0,65.1,0
2025-12-07,12,Ultrasound,Cardiology,1,0,76.2,0
2025-12-07,12,Pulse Oximeter,General,10,9,98.7,0
2025-12-07,12,Pulse Oximeter,Cardiology,10,9,90.6,0
2025-12-07,12,Pulse Oximeter,Oncology,10,8,87.8,0
2025-12-08,12,Ventilator,Orthopedics,3,2,90.6,0
2025-12-08,12,Ventilator,Neurology,3,2,87.7,0
2025-12-08,12,Ventilator,Surgery,3,2,84.7,0
2025-12-08,12,Ventilator,Oncology,3,2,86.4,0
2025-12-08,12,Ventilator,General,3,2,81.2,0
2025-12-08,12,ECG Monitor,Pediatrics,5,4,85.1,0
2025-12-08,12,ECG Monitor,Cardiology,5,4,82.6,0
2025-12-08,12,ECG Monitor,Surgery,5,3,76.8,0
2025-12-08,12,Infusion Pump,Oncology,8,6,85.5,0
2025-12-08,12,Infusion Pump,ICU,8,6,83.1,0
2025-12-08,12,Infusion Pump,Orthopedics,8,6,85.6,0
2025-12-08,12,Infusion Pump,Emergency,8,6,81.7,0
2025-12-08,12,Infusion Pump,Surgery,8,7,93.3,0
2025-12-08,12,Defibrillator,Maternity,2,0,34.8,0
2025-12-08,12,Defibrillator,Neurology,2,0,35.4,0
2025-12-08,12,Defibrillator,Orthopedics,2,1,53.3,0
2025-12-08,12,Ultrasound,General,1,0,78.5,0
2025-12-08,12,Ultrasound,ICU,1,0,68.4,0
2025-12-08,12,Ultrasound,Emergency,1,0,70.5,0
2025-12-08,12,Ultrasound,Cardiology,1,0,67.5,0
2025-12-08,12,Pulse Oximeter,Maternity,10,9,94.4,0
2025-12-08,12,Pulse Oximeter,Cardiology,10,8,87.2,0
2025-12-08,12,Pulse Oximeter,Neurology,10,8,87.3,0
2025-12-08,12,Pulse Oximeter,ICU,10,8,83.7,0
2025-12-08,12,Pulse Oximeter,Emergency,10,8,89.6,0
2025-12-09,12,Ventilator,Maternity,3,2,80.7,0
2025-12-09,12,Ventilator,Pediatrics,3,2,91.8,0
2025-12-09,12,Ventilator,Surgery,3,2,93.6,0
2025-12-09,12,Ventilator,Neurology,3,2,83.8,0
2025-12-09,12,ECG Monitor,Neurology,5,3,72.8,0
2025-12-09,12,ECG Monitor,ICU,5,3,73.7,0
2025-12-09,12,ECG Monitor,Emergency,5,4,82.5,0
2025-12-09,12,ECG Monitor,Maternity,5,4,80.2,0
2025-12-09,12,Infusion Pump,ICU,8,7,88.6,0
2025-12-09,12,Infusion Pump,Maternity,8,6,83.7,0
2025-12-09,12,Infusion Pump,Emergency,8,7,99.0,0
2025-12-09,12,Infusion Pump,Surgery,8,7,88.0,0
2025-12-09,12,Infusion Pump,Orthopedics,8,5,69.6,0
2025-12-09,12,Infusion Pump,Cardiology,8,7,91.1,0
2025-12-09,12,Defibrillator,Cardiology,2,1,51.8,0
2025-12-09,12,Defibrillator,Orthopedics,2,1,52.5,0
2025-12-09,12,Defibrillator,General,2,0,49.8,0
2025-12-09,12,Ultrasound,Surgery,1,0,82.6,0
2025-12-09,12,Ultrasound,Cardiology,1,0,72.9,0
2025-12-09,12,Ultrasound,General,1,0,66.6,0
2025-12-09,12,Ultrasound,Neurology,1,0,67.4,0
2025-12-09,12,Ultrasound,Emergency,1,0,75.6,0
2025-12-09,12,Pulse Oximeter,Orthopedics,10,8,87.5,0
2025-12-09,12,Pulse Oximeter,ICU,10,8,82.0,0
2025-12-09,12,Pulse Oximeter,Surgery,10,9,93.3,0
2025-12-10,12,Ventilator,Oncology,3,2,73.9,1
2025-12-10,12,Ventilator,Orthopedics,3,2,81.7,0
2025-12-10,12,Ventilator,Surgery,3,2,85.2,0
2025-12-10,12,ECG Monitor,Maternity,5,3,74.9,0
2025-12-10,12,ECG Monitor,ICU,5,3,79.1,0
2025-12-10,12,ECG Monitor,Pediatrics,5,3,70.0,0
2025-12-10,12,Infusion Pump,Cardiology,8,6,80.2,0
2025-12-10,12,Infusion Pump,Emergency,8,7,99.0,0
2025-12-10,12,Infusion Pump,Surgery,8,7,99.0,0
2025-12-10,12,Infusion Pump,Pediatrics,8,7,99.0,0
2025-12-10,12,Defibrillator,Cardiology,2,0,47.6,0
2025-12-10,12,Defibrillator,Emergency,2,1,51.1,0
2025-12-10,12,Defibrillator,Orthopedics,2,0,37.8,0
2025-12-10,12,Defibrillator,General,2,0,46.8,0
2025-12-10,12,Ultrasound,Cardiology,1,0,80.7,0
2025-12-10,12,Ultrasound,Orthopedics,1,0,68.6,0
2025-12-10,12,Ultrasound,ICU,1,0,70.4,0
2025-12-10,12,Ultrasound,Maternity,1,0,80.2,0
2025-12-10,12,Ultrasound,Pediatrics,1,0,64.9,0
2025-12-10,12,Ultrasound,Neurology,1,0,67.9,0
2025-12-10,12,Pulse Oximeter,Pediatrics,10,9,91.4,0
2025-12-10,12,Pulse Oximeter,ICU,10,7,79.9,0
2025-12-10,12,Pulse Oximeter,Surgery,10,8,82.2,0
2025-12-11,12,Ventilator,ICU,3,2,86.4,0
2025-12-11,12,Ventilator,Neurology,3,2,73.6,0
2025-12-11,12,Ventilator,Orthopedics,3,2,82.8,0
2025-12-11,12,ECG Monitor,Oncology,5,3,68.6,1
2025-12-11,12,ECG Monitor,Pediatrics,5,3,75.9,0
2025-12-11,12,ECG Monitor,Orthopedics,5,3,68.3,0
2025-12-11,12,ECG Monitor,General,5,4,80.6,0
2025-12-11,12,Infusion Pump,General,8,6,85.0,0
2025-12-11,12,Infusion Pump,Emergency,8,7,94.4,0
2025-12-11,12,Infusion Pump,Pediatrics,8,7,94.4,0
2025-12-11,12,Infusion Pump,ICU,8,7,99.0,0
2025-12-11,12,Infusion Pump,Maternity,8,7,89.1,0
2025-12-11,12,Defibrillator,Maternity,2,0,49.3,0
2025-12-11,12,Defibrillator,Surgery,2,1,55.1,0
2025-12-11,12,Defibrillator,Emergency,2,1,51.7,0
2025-12-11,12,Defibrillator,Orthopedics,2,0,43.0,1
2025-12-11,12,Ultrasound,Neurology,1,0,76.4,0
2025-12-11,12,Ultrasound,Emergency,1,0,57.0,0
2025-12-11,12,Ultrasound,Oncology,1,0,85.7,0
2025-12-11,12,Ultrasound,Orthopedics,1,0,60.2,0
2025-12-11,12,Pulse Oximeter,Surgery,10,8,86.6,0
2025-12-11,12,Pulse Oximeter,Neurology,10,8,89.5,0
2025-12-11,12,Pulse Oximeter,Cardiology,10,8,89.6,0
2025-12-11,12,Pulse Oximeter,General,10,9,97.3,0
2025-12-11,12,Pulse Oximeter,Emergency,10,9,94.9,0
2025-12-12,12,Ventilator,Neurology,3,2,77.6,0
2025-12-12,12,Ventilator,Surgery,3,2,89.2,0
2025-12-12,12,Ventilator,ICU,3,2,81.0,0
2025-12-12,12,ECG Monitor,Cardiology,5,3,78.6,0
2025-12-12,12,ECG Monitor,Neurology,5,3,66.4,0
2025-12-12,12,ECG Monitor,Orthopedics,5,4,80.4,0
2025-12-12,12,ECG Monitor,General,5,3,68.6,0
2025-12-12,12,ECG Monitor,Oncology,5,4,81.1,0
2025-12-12,12,Infusion Pump,General,8,7,95.3,0
2025-12-12,12,Infusion Pump,Maternity,8,7,95.9,0
2025-12-12,12,Infusion Pump,Neurology,8,7,88.1,0
2025-12-12,12,Infusion Pump,Pediatrics,8,7,95.6,0
2025-12-12,12,Infusion Pump,Orthopedics,8,7,93.9,1
2025-12-12,12,Infusion Pump,ICU,8,7,92.8,0
2025-12-12,12,Defibrillator,General,2,0,45.5,0
2025-12-12,12,Defibrillator,Surgery,2,1,56.2,0
2025-12-12,12,Defibrillator,Cardiology,2,1,64.9,0
2025-12-12,12,Ultrasound,Maternity,1,0,71.5,0
2025-12-12,12,Ultrasound,Pediatrics,1,0,82.8,0
2025-12-12,12,Ultrasound,Orthopedics,1,0,65.2,0
2025-12-12,12,Ultrasound,General,1,0,64.6,0
2025-12-12,12,Pulse Oximeter,Surgery,10,8,89.5,0
2025-12-12,12,Pulse Oximeter,Pediatrics,10,9,91.1,0
2025-12-12,12,Pulse Oximeter,Maternity,10,7,74.3,0
2025-12-12,12,Pulse Oximeter,Orthopedics,10,8,86.7,0
2025-12-12,12,Pulse Oximeter,General,10,9,99.0,0
2025-12-13,12,Ventilator,Orthopedics,3,2,73.8,0
2025-12-13,12,Ventilator,Emergency,3,2,76.6,0
2025-12-13,12,Ventilator,Neurology,3,2,81.4,0
2025-12-13,12,Ventilator,Oncology,3,2,80.1,0
2025-12-13,12,Ventilator,Maternity,3,2,87.6,1
2025-12-13,12,Ventilator,Surgery,3,2,86.8,0
2025-12-13,12,ECG Monitor,ICU,5,3,79.7,0
2025-12-13,12,ECG Monitor,Oncology,5,3,77.8,0
2025-12-13,12,ECG Monitor,General,5,4,80.6,0
2025-12-13,12,ECG Monitor,Maternity,5,3,74.5,0
2025-12-13,12,ECG Monitor,Neurology,5,3,69.4,1
2025-12-13,12,ECG Monitor,Orthopedics,5,3,78.3,0
2025-12-13,12,Infusion Pump,Neurology,8,7,98.6,0
2025-12-13,12,Infusion Pump,ICU,8,7,89.6,0
2025-12-13,12,Infusion Pump,General,8,7,92.3,0
2025-12-13,12,Infusion Pump,Maternity,8,7,94.5,0
2025-12-13,12,Infusion Pump,Cardiology,8,6,84.2,0
2025-12-13,12,Defibrillator,Emergency,2,0,43.6,0
2025-12-13,12,Defibrillator,Surgery,2,0,46.9,0
2025-12-13,12,Defibrillator,Oncology,2,0,30.1,0
2025-12-13,12,Defibrillator,General,2,0,45.9,0
2025-12-13,12,Defibrillator,ICU,2,0,44.7,0
2025-12-13,12,Ultrasound,Neurology,1,0,67.5,0
2025-12-13,12,Ultrasound,Orthopedics,1,0,74.0,0
2025-12-13,12,Ultrasound,Oncology,1,0,76.1,0
2025-12-13,12,Ultrasound,Emergency,1,0,78.0,0
2025-12-13,12,Ultrasound,General,1,0,72.5,0
2025-12-13,12,Ultrasound,Surgery,1,0,64.1,0
2025-12-13,12,Pulse Oximeter,Oncology,10,7,78.3,0
2025-12-13,12,Pulse Oximeter,Neurology,10,8,81.9,0
2025-12-13,12,Pulse Oximeter,Pediatrics,10,9,96.0,0
2025-12-13,12,Pulse Oximeter,Cardiology,10,8,89.4,0
2025-12-14,12,Ventilator,Cardiology,3,2,79.9,0
2025-12-14,12,Ventilator,Neurology,3,2,84.5,0
2025-12-14,12,Ventilator,General,3,2,75.5,0
2025-12-14,12,ECG Monitor,Emergency,5,3,74.3,0
2025-12-14,12,ECG Monitor,General,5,3,74.9,0
2025-12-14,12,ECG Monitor,Neurology,5,3,73.5,0
2025-12-14,12,ECG Monitor,Surgery,5,3,74.7,0
2025-12-14,12,ECG Monitor,Pediatrics,5,4,86.3,0
2025-12-14,12,ECG Monitor,Orthopedics,5,3,79.5,0
2025-12-14,12,Infusion Pump,General,8,7,90.4,0
2025-12-14,12,Infusion Pump,Emergency,8,7,94.1,0
2025-12-14,12,Infusion Pump,ICU,8,7,96.5,0
2025-12-14,12,Infusion Pump,Surgery,8,7,89.3,0
2025-12-14,12,Defibrillator,Surgery,2,0,43.0,0
2025-12-14,12,Defibrillator,Neurology,2,1,51.8,0
2025-12-14,12,Defibrillator,General,2,1,55.7,0
2025-12-14,12,Ultrasound,Orthopedics,1,0,74.6,0
2025-12-14,12,Ultrasound,Neurology,1,0,77.6,0
2025-12-14,12,Ultrasound,Cardiology,1,0,74.7,0
2025-12-14,12,Ultrasound,Pediatrics,1,0,76.5,0
2025-12-14,12,Ultrasound,Emergency,1,0,61.3,0
2025-12-14,12,Pulse Oximeter,Cardiology,10,8,82.5,0
2025-12-14,12,Pulse Oximeter,Pediatrics,10,8,83.7,0
2025-12-14,12,Pulse Oximeter,Orthopedics,10,7,79.3,0
2025-12-14,12,Pulse Oximeter,General,10,8,85.9,0
2025-12-14,12,Pulse Oximeter,Surgery,10,9,99.0,0
2025-12-15,12,Ventilator,Maternity,3,2,93.5,0
2025-12-15,12,Ventilator,General,3,2,75.5,0
2025-12-15,12,Ventilator,Oncology,3,2,88.6,0
2025-12-15,12,ECG Monitor,Emergency,5,3,72.5,0
2025-12-15,12,ECG Monitor,ICU,5,4,84.7,0
2025-12-15,12,ECG Monitor,Oncology,5,3,71.5,0
2025-12-15,12,ECG Monitor,Cardiology,5,3,70.0,0
2025-12-15,12,ECG Monitor,Orthopedics,5,4,87.1,0
2025-12-15,12,ECG Monitor,Pediatrics,5,4,85.2,0
2025-12-15,12,Infusion Pump,Surgery,8,7,93.0,0
2025-12-15,12,Infusion Pump,Oncology,8,7,96.2,0
2025-12-15,12,Infusion Pump,ICU,8,7,95.9,0
2025-12-15,12,Defibrillator,Maternity,2,0,47.3,0
2025-12-15,12,Defibrillator,Orthopedics,2,0,35.8,0
2025-12-15,12,Defibrillator,Pediatrics,2,1,56.0,0
2025-12-15,12,Defibrillator,Emergency,2,0,46.0,0
2025-12-15,12,Defibrillator,Oncology,2,0,39.0,1
2025-12-15,12,Defibrillator,Cardiology,2,0,33.7,0
2025-12-15,12,Ultrasound,Orthopedics,1,0,72.6,0
2025-12-15,12,Ultrasound,Neurology,1,0,73.6,0
2025-12-15,12,Ultrasound,Maternity,1,0,74.2,0
2025-12-15,12,Ultrasound,Oncology,1,0,69.5,0
2025-12-15,12,Ultrasound,General,1,0,67.2,0
2025-12-15,12,Pulse Oximeter,Orthopedics,10,8,86.1,0
2025-12-15,12,Pulse Oximeter,Neurology,10,9,95.0,0
2025-12-15,12,Pulse Oximeter,Oncology,10,8,86.0,0
2025-12-15,12,Pulse Oximeter,General,10,8,86.7,0
2025-12-15,12,Pulse Oximeter,Maternity,10,9,99.0,0
2025-12-16,12,Ventilator,Surgery,3,2,75.6,1
2025-12-16,12,Ventilator,Oncology,3,2,72.8,0
2025-12-16,12,Ventilator,Cardiology,3,2,71.8,0
2025-12-16,12,Ventilator,Maternity,3,2,81.2,0
2025-12-16,12,Ventilator,ICU,3,2,79.3,0
2025-12-16,12,ECG Monitor,Surgery,5,3,67.6,0
2025-12-16,12,ECG Monitor,Oncology,5,3,72.5,0
2025-12-16,12,ECG Monitor,Cardiology,5,4,83.0,0
2025-12-16,12,ECG Monitor,ICU,5,3,75.2,0
2025-12-16,12,ECG Monitor,General,5,3,76.8,0
2025-12-16,12,ECG Monitor,Neurology,5,3,69.2,0
2025-12-16,12,Infusion Pump,General,8,6,75.8,0
2025-12-16,12,Infusion Pump,Maternity,8,7,95.6,0
2025-12-16,12,Infusion Pump,Oncology,8,6,81.7,0
2025-12-16,12,Defibrillator,Cardiology,2,0,45.4,1
2025-12-16,12,Defibrillator,Neurology,2,0,39.5,0
2025-12-16,12,Defibrillator,General,2,0,46.5,0
2025-12-16,12,Ultrasound,Cardiology,1,0,73.5,0
2025-12-16,12,Ultrasound,Emergency,1,0,69.4,1
2025-12-16,12,Ultrasound,Neurology,1,0,69.3,0
2025-12-16,12,Pulse Oximeter,Oncology,10,8,83.8,0
2025-12-16,12,Pulse Oximeter,Cardiology,10,9,98.7,0
2025-12-16,12,Pulse Oximeter,ICU,10,7,77.5,0
2025-12-16,12,Pulse Oximeter,General,10,9,93.0,0
2025-12-17,12,Ventilator,ICU,3,2,72.5,0
2025-12-17,12,Ventilator,Pediatrics,3,2,74.4,0
2025-12-17,12,Ventilator,General,3,2,75.1,1
2025-12-17,12,ECG Monitor,General,5,3,79.7,0
2025-12-17,12,ECG Monitor,Cardiology,5,3,72.7,0
2025-12-17,12,ECG Monitor,Pediatrics,5,3,74.3,0
2025-12-17,12,ECG Monitor,Oncology,5,3,65.8,0
2025-12-17,12,Infusion Pump,Oncology,8,6,81.5,0
2025-12-17,12,Infusion Pump,Emergency,8,7,89.3,0
2025-12-17,12,Infusion Pump,Neurology,8,7,95.8,0
2025-12-17,12,Infusion Pump,General,8,7,91.0,0
2025-12-17,12,Infusion Pump,Surgery,8,6,84.6,0
2025-12-17,12,Defibrillator,Neurology,2,0,46.2,0
2025-12-17,12,Defibrillator,ICU,2,0,49.0,0
2025-12-17,12,Defibrillator,Maternity,2,0,48.3,0
2025-12-17,12,Ultrasound,ICU,1,0,73.6,0
2025-12-17,12,Ultrasound,General,1,0,68.6,0
2025-12-17,12,Ultrasound,Emergency,1,0,67.6,0
2025-12-17,12,Ultrasound,Cardiology,1,0,65.5,0
2025-12-17,12,Pulse Oximeter,Pediatrics,10,8,84.3,0
2025-12-17,12,Pulse Oximeter,ICU,10,7,73.1,0
2025-12-17,12,Pulse Oximeter,Emergency,10,8,89.0,0
2025-12-17,12,Pulse Oximeter,Maternity,10,8,84.7,0
2025-12-17,12,Pulse Oximeter,Surgery,10,7,79.4,1
2025-12-17,12,Pulse Oximeter,Neurology,10,9,90.2,0
2025-12-18,12,Ventilator,Cardiology,3,2,75.0,0
2025-12-18,12,Ventilator,ICU,3,2,84.8,0
2025-12-18,12,Ventilator,Oncology,3,2,79.9,0
2025-12-18,12,Ventilator,Pediatrics,3,2,91.2,1
2025-12-18,12,Ventilator,Orthopedics,3,2,80.7,0
2025-12-18,12,ECG Monitor,Orthopedics,5,4,88.9,0
2025-12-18,12,ECG Monitor,Emergency,5,4,82.1,0
2025-12-18,12,ECG Monitor,Neurology,5,3,70.7,0
2025-12-18,12,Infusion Pump,General,8,7,99.0,0
2025-12-18,12,Infusion Pump,Surgery,8,7,98.5,0
2025-12-18,12,Infusion Pump,ICU,8,7,98.3,0
2025-12-18,12,Infusion Pump,Emergency,8,7,88.3,0
2025-12-18,12,Infusion Pump,Cardiology,8,7,96.1,0
2025-12-18,12,Defibrillator,Pediatrics,2,0,47.2,0
2025-12-18,12,Defibrillator,Maternity,2,1,53.2,0
2025-12-18,12,Defibrillator,Oncology,2,0,44.1,0
2025-12-18,12,Ultrasound,Surgery,1,0,66.5,0
2025-12-18,12,Ultrasound,Cardiology,1,0,58.0,0
2025-12-18,12,Ultrasound,Maternity,1,0,67.1,0
2025-12-18,12,Ultrasound,Emergency,1,0,75.2,0
2025-12-18,12,Ultrasound,ICU,1,0,68.3,0
2025-12-18,12,Pulse Oximeter,Maternity,10,8,83.0,0
2025-12-18,12,Pulse Oximeter,Oncology,10,9,92.2,0
2025-12-18,12,Pulse Oximeter,Surgery,10,8,82.3,0
2025-12-18,12,Pulse Oximeter,General,10,9,97.0,0
2025-12-18,12,Pulse Oximeter,ICU,10,8,87.2,0
2025-12-19,12,Ventilator,Surgery,3,2,84.3,0
2025-12-19,12,Ventilator,Oncology,3,2,89.2,0
2025-12-19,12,Ventilator,Cardiology,3,2,79.8,1
2025-12-19,12,ECG Monitor,Surgery,5,4,82.5,0
2025-12-19,12,ECG Monitor,Neurology,5,3,64.2,0
2025-12-19,12,ECG Monitor,Emergency,5,3,69.0,0
2025-12-19,12,Infusion Pump,Maternity,8,7,99.0,0
2025-12-19,12,Infusion Pump,Orthopedics,8,7,89.9,0
2025-12-19,12,Infusion Pump,ICU,8,7,94.1,0
2025-12-19,12,Infusion Pump,Surgery,8,6,79.1,0
2025-12-19,12,Infusion Pump,General,8,7,89.7,0
2025-12-19,12,Defibrillator,Neurology,2,0,47.1,0
2025-12-19,12,Defibrillator,General,2,0,39.3,0
2025-12-19,12,Defibrillator,Maternity,2,1,56.2,0
2025-12-19,12,Defibrillator,Pediatrics,2,0,36.7,0
2025-12-19,12,Ultrasound,Oncology,1,0,65.3,1
2025-12-19,12,Ultrasound,Emergency,1,0,54.5,0
2025-12-19,12,Ultrasound,Pediatrics,1,0,73.9,0
2025-12-19,12,Ultrasound,Orthopedics,1,0,84.1,0
2025-12-19,12,Ultrasound,Maternity,1,0,69.3,0
2025-12-19,12,Pulse Oximeter,Cardiology,10,8,85.3,0
2025-12-19,12,Pulse Oximeter,General,10,8,89.7,0
2025-12-19,12,Pulse Oximeter,Neurology,10,8,82.2,0
2025-12-19,12,Pulse Oximeter,Emergency,10,6,68.9,0
2025-12-19,12,Pulse Oximeter,Oncology,10,7,79.6,0
2025-12-20,12,Ventilator,ICU,3,2,81.7,0
2025-12-20,12,Ventilator,Pediatrics,3,2,78.9,1
2025-12-20,12,Ventilator,Maternity,3,2,77.1,0
2025-12-20,12,Ventilator,Surgery,3,2,77.9,0
2025-12-20,12,Ventilator,Emergency,3,2,95.0,0
2025-12-20,12,ECG Monitor,Maternity,5,3,70.7,0
2025-12-20,12,ECG Monitor,Neurology,5,3,63.4,0
2025-12-20,12,ECG Monitor,Pediatrics,5,3,70.2,0
2025-12-20,12,ECG Monitor,ICU,5,4,83.7,0
2025-12-20,12,ECG Monitor,Surgery,5,3,72.2,0
2025-12-20,12,ECG Monitor,Cardiology,5,4,86.9,0
2025-12-20,12,Infusion Pump,Emergency,8,7,92.7,0
2025-12-20,12,Infusion Pump,ICU,8,7,97.7,0
2025-12-20,12,Infusion Pump,Oncology,8,7,94.6,0
2025-12-20,12,Defibrillator,Maternity,2,0,40.9,0
2025-12-20,12,Defibrillator,General,2,0,32.0,0
2025-12-20,12,Defibrillator,ICU,2,0,42.6,0
2025-12-20,12,Ultrasound,Maternity,1,0,61.8,0
2025-12-20,12,Ultrasound,Surgery,1,0,62.8,0
2025-12-20,12,Ultrasound,ICU,1,0,69.8,0
2025-12-20,12,Ultrasound,Emergency,1,0,67.8,0
2025-12-20,12,Ultrasound,General,1,0,69.1,0
2025-12-20,12,Ultrasound,Neurology,1,0,62.0,1
2025-12-20,12,Pulse Oximeter,Orthopedics,10,9,99.0,0
2025-12-20,12,Pulse Oximeter,Cardiology,10,8,84.1,0
2025-12-20,12,Pulse Oximeter,Surgery,10,8,87.3,0
2025-12-21,12,Ventilator,Surgery,3,2,70.0,0
2025-12-21,12,Ventilator,General,3,2,85.0,0
2025-12-21,12,Ventilator,Emergency,3,2,88.9,0
2025-12-21,12,Ventilator,Maternity,3,2,72.4,0
2025-12-21,12,Ventilator,Oncology,3,2,82.2,0
2025-12-21,12,ECG Monitor,General,5,4,81.9,0
2025-12-21,12,ECG Monitor,Orthopedics,5,3,62.6,0
2025-12-21,12,ECG Monitor,Cardiology,5,3,77.6,0
2025-12-21,12,ECG Monitor,Oncology,5,3,72.8,0
2025-12-21,12,Infusion Pump,ICU,8,5,75.0,0
2025-12-21,12,Infusion Pump,Pediatrics,8,7,96.7,0
2025-12-21,12,Infusion Pump,General,8,7,92.8,0
2025-12-21,12,Defibrillator,Neurology,2,0,44.9,0
2025-12-21,12,Defibrillator,Orthopedics,2,0,49.2,0
2025-12-21,12,Defibrillator,Surgery,2,0,48.7,0
2025-12-21,12,Ultrasound,Neurology,1,0,56.6,0
2025-12-21,12,Ultrasound,ICU,1,0,63.9,0
2025-12-21,12,Ultrasound,Surgery,1,0,65.5,0
2025-12-21,12,Ultrasound,Pediatrics,1,0,69.9,0
2025-12-21,12,Ultrasound,Cardiology,1,0,77.2,0
2025-12-21,12,Ultrasound,Maternity,1,0,71.6,0
2025-12-21,12,Pulse Oximeter,Surgery,10,8,85.2,0
2025-12-21,12,Pulse Oximeter,Neurology,10,7,75.8,0
2025-12-21,12,Pulse Oximeter,Orthopedics,10,9,99.0,0
2025-12-21,12,Pulse Oximeter,Maternity,10,9,97.5,0
2025-12-22,12,Ventilator,Orthopedics,3,2,77.1,0
2025-12-22,12,Ventilator,General,3,2,82.7,1
2025-12-22,12,Ventilator,Oncology,3,2,80.8,1
2025-12-22,12,ECG Monitor,Oncology,5,4,80.2,0
2025-12-22,12,ECG Monitor,Surgery,5,4,84.5,0
2025-12-22,12,ECG Monitor,General,5,4,80.6,0
2025-12-22,12,ECG Monitor,Maternity,5,3,65.3,0
2025-12-22,12,Infusion Pump,Oncology,8,7,95.6,0
2025-12-22,12,Infusion Pump,Pediatrics,8,7,90.4,0
2025-12-22,12,Infusion Pump,ICU,8,6,79.4,0
2025-12-22,12,Defibrillator,Pediatrics,2,1,54.7,0
2025-12-22,12,Defibrillator,Orthopedics,2,0,39.8,0
2025-12-22,12,Defibrillator,Emergency,2,1,56.3,0
2025-12-22,12,Defibrillator,General,2,0,33.9,0
2025-12-22,12,Defibrillator,ICU,2,0,46.8,0
2025-12-22,12,Defibrillator,Maternity,2,1,63.5,0
2025-12-22,12,Ultrasound,Neurology,1,0,78.7,0
2025-12-22,12,Ultrasound,General,1,0,65.3,0
2025-12-22,12,Ultrasound,ICU,1,0,74.8,0
2025-12-22,12,Pulse Oximeter,Surgery,10,9,97.4,0
2025-12-22,12,Pulse Oximeter,General,10,9,94.3,0
2025-12-22,12,Pulse Oximeter,Emergency,10,9,95.0,0
2025-12-22,12,Pulse Oximeter,Pediatrics,10,8,83.6,0
2025-12-22,12,Pulse Oximeter,ICU,10,7,73.9,0
2025-12-22,12,Pulse Oximeter,Maternity,10,8,84.6,0
2025-12-23,12,Ventilator,Surgery,3,2,82.6,0
2025-12-23,12,Ventilator,Cardiology,3,2,82.4,0
2025-12-23,12,Ventilator,ICU,3,2,72.8,0
2025-12-23,12,Ventilator,Emergency,3,2,69.1,0
2025-12-23,12,Ventilator,Oncology,3,2,81.5,0
2025-12-23,12,Ventilator,Neurology,3,2,68.8,0
2025-12-23,12,ECG Monitor,Neurology,5,4,84.5,0
2025-12-23,12,ECG Monitor,ICU,5,3,74.4,0
2025-12-23,12,ECG Monitor,Emergency,5,3,68.1,0
2025-12-23,12,ECG Monitor,Cardiology,5,4,85.4,0
2025-12-23,12,ECG Monitor,General,5,4,82.1,0
2025-12-23,12,Infusion Pump,Emergency,8,6,85.6,0
2025-12-23,12,Infusion Pump,Pediatrics,8,6,81.4,0
2025-12-23,12,Infusion Pump,Neurology,8,7,89.5,0
2025-12-23,12,Infusion Pump,Cardiology,8,7,96.8,0
2025-12-23,12,Infusion Pump,Orthopedics,8,7,96.2,0
2025-12-23,12,Defibrillator,Maternity,2,0,49.6,0
2025-12-23,12,Defibrillator,Orthopedics,2,0,45.5,0
2025-12-23,12,Defibrillator,General,2,0,48.5,0
2025-12-23,12,Defibrillator,ICU,2,0,43.6,0
2025-12-23,12,Defibrillator,Emergency,2,0,50.0,0
2025-12-23,12,Defibrillator,Neurology,2,0,36.2,0
2025-12-23,12,Ultrasound,Pediatrics,1,0,58.6,0
2025-12-23,12,Ultrasound,General,1,0,77.7,0
2025-12-23,12,Ultrasound,Oncology,1,0,61.5,0
2025-12-23,12,Ultrasound,Cardiology,1,0,69.0,0
2025-12-23,12,Ultrasound,Emergency,1,0,73.7,0
2025-12-23,12,Pulse Oximeter,Emergency,10,7,77.7,0
2025-12-23,12,Pulse Oximeter,ICU,10,7,78.7,0
2025-12-23,12,Pulse Oximeter,Surgery,10,9,96.9,0
2025-12-23,12,Pulse Oximeter,Cardiology,10,8,88.9,0
2025-12-24,12,Ventilator,ICU,3,2,87.4,0
2025-12-24,12,Ventilator,Pediatrics,3,2,81.8,0
2025-12-24,12,Ventilator,Surgery,3,2,71.9,1
2025-12-24,12,ECG Monitor,Surgery,5,3,75.1,0
2025-12-24,12,ECG Monitor,ICU,5,3,79.7,0
2025-12-24,12,ECG Monitor,Cardiology,5,4,80.9,0
2025-12-24,12,Infusion Pump,Surgery,8,7,98.6,0
2025-12-24,12,Infusion Pump,Pediatrics,8,7,99.0,0
2025-12-24,12,Infusion Pump,General,8,7,98.7,0
2025-12-24,12,Infusion Pump,Neurology,8,7,99.0,0
2025-12-24,12,Infusion Pump,ICU,8,7,99.0,0
2025-12-24,12,Infusion Pump,Emergency,8,6,84.4,0
2025-12-24,12,Defibrillator,Orthopedics,2,1,51.4,0
2025-12-24,12,Defibrillator,Pediatrics,2,0,43.0,0
2025-12-24,12,Defibrillator,Emergency,2,0,45.3,0
2025-12-24,12,Defibrillator,Neurology,2,0,37.9,0
2025-12-24,12,Defibrillator,Maternity,2,0,31.9,0
2025-12-24,12,Ultrasound,Cardiology,1,0,65.7,0
2025-12-24,12,Ultrasound,ICU,1,0,61.5,0
2025-12-24,12,Ultrasound,Pediatrics,1,0,69.1,0
2025-12-24,12,Ultrasound,Orthopedics,1,0,68.3,0
2025-12-24,12,Pulse Oximeter,ICU,10,8,80.5,0
2025-12-24,12,Pulse Oximeter,General,10,9,99.0,0
2025-12-24,12,Pulse Oximeter,Orthopedics,10,8,86.9,0
2025-12-24,12,Pulse Oximeter,Oncology,10,9,92.8,0
2025-12-24,12,Pulse Oximeter,Neurology,10,7,78.0,0
2025-12-25,12,Ventilator,Neurology,3,2,85.2,0
2025-12-25,12,Ventilator,Cardiology,3,2,77.1,0
2025-12-25,12,Ventilator,Orthopedics,3,2,82.8,0
2025-12-25,12,Ventilator,Oncology,3,2,87.3,0
2025-12-25,12,Ventilator,Emergency,3,2,73.9,0
2025-12-25,12,Ventilator,Maternity,3,2,72.9,0
2025-12-25,12,ECG Monitor,General,5,3,65.7,0
2025-12-25,12,ECG Monitor,Pediatrics,5,4,83.4,0
2025-12-25,12,ECG Monitor,Maternity,5,3,75.9,0
2025-12-25,12,ECG Monitor,Emergency,5,3,76.8,0
2025-12-25,12,ECG Monitor,Oncology,5,3,74.1,0
2025-12-25,12,Infusion Pump,Neurology,8,7,91.2,0
2025-12-25,12,Infusion Pump,ICU,8,7,92.5,0
2025-12-25,12,Infusion Pump,Maternity,8,7,99.0,0
2025-12-25,12,Infusion Pump,Surgery,8,7,99.0,0
2025-12-25,12,Infusion Pump,General,8,7,94.0,0
2025-12-25,12,Infusion Pump,Cardiology,8,7,99.0,0
2025-12-25,12,Defibrillator,Pediatrics,2,1,53.9,0
2025-12-25,12,Defibrillator,Surgery,2,1,54.0,0
2025-12-25,12,Defibrillator,Emergency,2,1,50.6,0
2025-12-25,12,Ultrasound,Neurology,1,0,73.0,0
2025-12-25,12,Ultrasound,General,1,0,65.5,0
2025-12-25,12,Ultrasound,Cardiology,1,0,63.1,0
2025-12-25,12,Ultrasound,Surgery,1,0,74.1,0
2025-12-25,12,Ultrasound,Orthopedics,1,0,70.8,0
2025-12-25,12,Pulse Oximeter,Oncology,10,9,96.2,1
2025-12-25,12,Pulse Oximeter,Pediatrics,10,8,80.4,0
2025-12-25,12,Pulse Oximeter,Cardiology,10,9,97.8,0
2025-12-26,12,Ventilator,General,3,2,79.9,0
2025-12-26,12,Ventilator,Neurology,3,2,78.0,0
2025-12-26,12,Ventilator,Cardiology,3,2,89.4,0
2025-12-26,12,ECG Monitor,Neurology,5,3,72.5,0
2025-12-26,12,ECG Monitor,ICU,5,3,72.2,0
2025-12-26,12,ECG Monitor,Maternity,5,3,76.7,0
2025-12-26,12,ECG Monitor,Surgery,5,3,69.0,0
2025-12-26,12,Infusion Pump,Oncology,8,6,87.2,0
2025-12-26,12,Infusion Pump,Neurology,8,7,98.2,0
2025-12-26,12,Infusion Pump,Emergency,8,7,88.3,0
2025-12-26,12,Infusion Pump,Surgery,8,6,86.6,0
2025-12-26,12,Infusion Pump,General,8,7,89.6,0
2025-12-26,12,Defibrillator,Pediatrics,2,1,50.0,0
2025-12-26,12,Defibrillator,Emergency,2,0,41.7,0
2025-12-26,12,Defibrillator,General,2,1,51.1,0
2025-12-26,12,Defibrillator,Surgery,2,1,50.5,0
2025-12-26,12,Defibrillator,Neurology,2,0,48.3,0
2025-12-26,12,Ultrasound,Pediatrics,1,0,80.6,0
2025-12-26,12,Ultrasound,Neurology,1,0,80.0,0
2025-12-26,12,Ultrasound,Maternity,1,0,58.4,0
2025-12-26,12,Ultrasound,Cardiology,1,0,69.5,1
2025-12-26,12,Ultrasound,General,1,0,72.5,0
2025-12-26,12,Ultrasound,Oncology,1,0,65.6,0
2025-12-26,12,Pulse Oximeter,ICU,10,8,81.4,0
2025-12-26,12,Pulse Oximeter,Orthopedics,10,8,83.7,0
2025-12-26,12,Pulse Oximeter,Emergency,10,7,79.9,0
2025-12-26,12,Pulse Oximeter,Oncology,10,8,84.4,0
2025-12-27,12,Ventilator,ICU,3,2,83.8,0
2025-12-27,12,Ventilator,Cardiology,3,2,76.5,0
2025-12-27,12,Ventilator,General,3,2,77.0,0
2025-12-27,12,Ventilator,Surgery,3,2,80.9,0
2025-12-27,12,Ventilator,Maternity,3,2,76.6,0
2025-12-27,12,ECG Monitor,General,5,3,68.8,0
2025-12-27,12,ECG Monitor,ICU,5,3,67.4,0
2025-12-27,12,ECG Monitor,Surgery,5,3,66.4,0
2025-12-27,12,ECG Monitor,Orthopedics,5,3,79.7,0
2025-12-27,12,ECG Monitor,Oncology,5,3,62.8,0
2025-12-27,12,ECG Monitor,Cardiology,5,3,74.9,0
2025-12-27,12,Infusion Pump,ICU,8,7,95.6,0
2025-12-27,12,Infusion Pump,General,8,7,97.1,0
2025-12-27,12,Infusion Pump,Surgery,8,7,88.0,0
2025-12-27,12,Infusion Pump,Maternity,8,7,92.9,0
2025-12-27,12,Infusion Pump,Cardiology,8,7,96.2,0
2025-12-27,12,Defibrillator,Cardiology,2,1,57.7,0
2025-12-27,12,Defibrillator,Neurology,2,1,59.6,0
2025-12-27,12,Defibrillator,Oncology,2,0,46.1,0
2025-12-27,12,Defibrillator,Maternity,2,1,51.3,0
2025-12-27,12,Defibrillator,Surgery,2,0,29.9,0
2025-12-27,12,Ultrasound,Oncology,1,0,67.5,1
2025-12-27,12,Ultrasound,General,1,0,72.2,0
2025-12-27,12,Ultrasound,Neurology,1,0,64.4,0
2025-12-27,12,Ultrasound,ICU,1,0,74.9,0
2025-12-27,12,Pulse Oximeter,Pediatrics,10,8,85.2,0
2025-12-27,12,Pulse Oximeter,General,10,9,94.5,0
2025-12-27,12,Pulse Oximeter,Oncology,10,7,74.4,0
2025-12-27,12,Pulse Oximeter,Cardiology,10,7,78.3,0
2025-12-28,12,Ventilator,Emergency,3,2,83.1,0
2025-12-28,12,Ventilator,Surgery,3,2,94.7,0
2025-12-28,12,Ventilator,Cardiology,3,2,84.9,0
2025-12-28,12,Ventilator,Orthopedics,3,2,84.5,0
2025-12-28,12,ECG Monitor,Maternity,5,4,84.1,0
2025-12-28,12,ECG Monitor,ICU,5,3,78.9,0
2025-12-28,12,ECG Monitor,Pediatrics,5,2,58.9,0
2025-12-28,12,ECG Monitor,General,5,4,83.1,0
2025-12-28,12,Infusion Pump,Cardiology,8,7,96.1,0
2025-12-28,12,Infusion Pump,General,8,7,96.3,0
2025-12-28,12,Infusion Pump,Emergency,8,7,99.0,0
2025-12-28,12,Defibrillator,ICU,2,0,32.8,0
2025-12-28,12,Defibrillator,Pediatrics,2,1,53.1,0
2025-12-28,12,Defibrillator,General,2,0,49.2,0
2025-12-28,12,Ultrasound,Orthopedics,1,0,66.4,0
2025-12-28,12,Ultrasound,Emergency,1,0,67.4,0
2025-12-28,12,Ultrasound,General,1,0,60.5,0
2025-12-28,12,Ultrasound,Pediatrics,1,0,69.8,0
2025-12-28,12,Ultrasound,ICU,1,0,66.7,0
2025-12-28,12,Pulse Oximeter,Emergency,10,9,95.5,0
2025-12-28,12,Pulse Oximeter,Maternity,10,8,84.0,0
2025-12-28,12,Pulse Oximeter,Orthopedics,10,8,86.6,0
2025-12-28,12,Pulse Oximeter,Oncology,10,8,88.1,0
2025-12-28,12,Pulse Oximeter,Neurology,10,9,94.1,0
2025-12-28,12,Pulse Oximeter,Pediatrics,10,7,79.5,0
2025-12-29,12,Ventilator,Pediatrics,3,2,83.6,0
2025-12-29,12,Ventilator,Oncology,3,2,77.1,0
2025-12-29,12,Ventilator,Neurology,3,2,88.5,0
2025-12-29,12,Ventilator,Cardiology,3,2,80.7,0
2025-12-29,12,ECG Monitor,Oncology,5,3,75.3,0
2025-12-29,12,ECG Monitor,Cardiology,5,3,66.8,0
2025-12-29,12,ECG Monitor,Orthopedics,5,3,66.3,0
2025-12-29,12,ECG Monitor,Surgery,5,3,68.4,0
2025-12-29,12,Infusion Pump,Cardiology,8,7,94.3,0
2025-12-29,12,Infusion Pump,Emergency,8,7,95.7,0
2025-12-29,12,Infusion Pump,General,8,6,86.9,0
2025-12-29,12,Infusion Pump,Pediatrics,8,7,93.1,0
2025-12-29,12,Infusion Pump,Maternity,8,6,86.7,0
2025-12-29,12,Infusion Pump,ICU,8,7,97.6,0
2025-12-29,12,Defibrillator,ICU,2,0,38.1,0
2025-12-29,12,Defibrillator,Surgery,2,0,43.3,0
2025-12-29,12,Defibrillator,Emergency,2,1,54.1,0
2025-12-29,12,Defibrillator,Maternity,2,0,42.0,0
2025-12-29,12,Ultrasound,ICU,1,0,74.2,0
2025-12-29,12,Ultrasound,Pediatrics,1,0,65.1,0
2025-12-29,12,Ultrasound,Neurology,1,0,63.1,0
2025-12-29,12,Ultrasound,General,1,0,72.0,0
2025-12-29,12,Pulse Oximeter,Emergency,10,9,94.3,0
2025-12-29,12,Pulse Oximeter,Pediatrics,10,9,96.1,0
2025-12-29,12,Pulse Oximeter,General,10,9,91.7,0
2025-12-29,12,Pulse Oximeter,Cardiology,10,8,83.2,0
2025-12-30,12,Ventilator,Maternity,3,2,85.4,0
2025-12-30,12,Ventilator,ICU,3,2,85.0,0
2025-12-30,12,Ventilator,Neurology,3,2,82.8,0
2025-12-30,12,Ventilator,Emergency,3,2,77.7,1
2025-12-30,12,Ventilator,Cardiology,3,2,70.9,0
2025-12-30,12,Ventilator,Pediatrics,3,2,81.6,0
2025-12-30,12,ECG Monitor,Oncology,5,3,62.6,0
2025-12-30,12,ECG Monitor,ICU,5,3,70.4,0
2025-12-30,12,ECG Monitor,Pediatrics,5,3,64.0,0
2025-12-30,12,ECG Monitor,Surgery,5,3,61.9,0
2025-12-30,12,ECG Monitor,Cardiology,5,3,75.4,0
2025-12-30,12,ECG Monitor,Maternity,5,3,72.7,0
2025-12-30,12,Infusion Pump,ICU,8,7,96.7,0
2025-12-30,12,Infusion Pump,Neurology,8,6,77.8,0
2025-12-30,12,Infusion Pump,Maternity,8,7,93.2,0
2025-12-30,12,Infusion Pump,Emergency,8,6,79.4,0
2025-12-30,12,Defibrillator,General,2,0,38.8,0
2025-12-30,12,Defibrillator,Emergency,2,1,54.0,1
2025-12-30,12,Defibrillator,Pediatrics,2,0,44.2,0
2025-12-30,12,Defibrillator,Orthopedics,2,0,33.8,0
2025-12-30,12,Ultrasound,Neurology,1,0,76.0,0
2025-12-30,12,Ultrasound,Emergency,1,0,63.4,0
2025-12-30,12,Ultrasound,Surgery,1,0,75.3,1
2025-12-30,12,Ultrasound,Cardiology,1,0,58.7,0
2025-12-30,12,Pulse Oximeter,Neurology,10,8,82.0,0
2025-12-30,12,Pulse Oximeter,Emergency,10,8,87.3,0
2025-12-30,12,Pulse Oximeter,Surgery,10,8,86.6,0
2025-12-30,12,Pulse Oximeter,Orthopedics,10,9,90.3,0
2025-12-30,12,Pulse Oximeter,Cardiology,10,8,87.1,0
2025-12-31,12,Ventilator,Neurology,3,2,73.2,0
2025-12-31,12,Ventilator,Oncology,3,2,81.5,0
2025-12-31,12,Ventilator,ICU,3,2,73.8,1
2025-12-31,12,Ventilator,Cardiology,3,2,80.9,0
2025-12-31,12,Ventilator,Pediatrics,3,2,75.9,0
2025-12-31,12,Ventilator,Surgery,3,2,71.6,0
2025-12-31,12,ECG Monitor,Emergency,5,3,62.0,0
2025-12-31,12,ECG Monitor,ICU,5,3,71.2,0
2025-12-31,12,ECG Monitor,Neurology,5,3,73.9,0
2025-12-31,12,Infusion Pump,Neurology,8,7,89.0,0
2025-12-31,12,Infusion Pump,Maternity,8,7,88.9,0
2025-12-31,12,Infusion Pump,Surgery,8,7,88.4,0
2025-12-31,12,Defibrillator,Emergency,2,0,42.2,0
2025-12-31,12,Defibrillator,ICU,2,0,43.3,0
2025-12-31,12,Defibrillator,Surgery,2,0,42.2,0
2025-12-31,12,Defibrillator,Cardiology,2,0,46.2,0
2025-12-31,12,Defibrillator,Pediatrics,2,0,38.9,0
2025-12-31,12,Defibrillator,Neurology,2,1,61.8,0
2025-12-31,12,Ultrasound,Emergency,1,0,74.6,0
2025-12-31,12,Ultrasound,Oncology,1,0,62.1,0
2025-12-31,12,Ultrasound,Pediatrics,1,0,63.0,0
2025-12-31,12,Pulse Oximeter,General,10,9,90.3,0
2025-12-31,12,Pulse Oximeter,Orthopedics,10,8,89.9,0
2025-12-31,12,Pulse Oximeter,Emergency,10,8,89.9,0
2025-12-31,12,Pulse Oximeter,Pediatrics,10,8,89.4,0
2025-12-31,12,Pulse Oximeter,ICU,10,8,83.1,0
2025-12-31,12,Pulse Oximeter,Cardiology,10,8,81.9,1
2026-01-01,1,Ventilator,ICU,3,2,88.8,0
2026-01-01,1,Ventilator,Maternity,3,2,69.3,0
2026-01-01,1,Ventilator,Neurology,3,2,75.0,0
2026-01-01,1,ECG Monitor,Oncology,5,3,78.5,1
2026-01-01,1,ECG Monitor,Surgery,5,3,73.2,0
2026-01-01,1,ECG Monitor,General,5,3,77.0,0
2026-01-01,1,ECG Monitor,Maternity,5,3,77.3,0
2026-01-01,1,Infusion Pump,Surgery,8,7,99.0,1
2026-01-01,1,Infusion Pump,Neurology,8,7,99.0,0
2026-01-01,1,Infusion Pump,Pediatrics,8,7,97.8,0
2026-01-01,1,Infusion Pump,Maternity,8,7,96.6,1
2026-01-01,1,Defibrillator,Surgery,2,0,43.6,0
2026-01-01,1,Defibrillator,Maternity,2,0,46.0,0
2026-01-01,1,Defibrillator,Oncology,2,1,52.9,0
2026-01-01,1,Defibrillator,ICU,2,1,54.9,0
2026-01-01,1,Ultrasound,Cardiology,1,0,76.7,1
2026-01-01,1,Ultrasound,Orthopedics,1,0,70.8,0
2026-01-01,1,Ultrasound,ICU,1,0,68.0,0
2026-01-01,1,Ultrasound,Emergency,1,0,75.9,0
2026-01-01,1,Pulse Oximeter,ICU,10,9,91.8,0
2026-01-01,1,Pulse Oximeter,Pediatrics,10,8,83.0,0
2026-01-01,1,Pulse Oximeter,General,10,9,99.0,0
2026-01-01,1,Pulse Oximeter,Emergency,10,9,92.4,0
2026-01-01,1,Pulse Oximeter,Neurology,10,8,82.3,0
2026-01-02,1,Ventilator,Pediatrics,3,2,75.7,0
2026-01-02,1,Ventilator,Surgery,3,2,82.4,0
2026-01-02,1,Ventilator,Cardiology,3,2,72.8,0
2026-01-02,1,Ventilator,Emergency,3,2,81.8,0
2026-01-02,1,Ventilator,Oncology,3,2,96.6,0
2026-01-02,1,ECG Monitor,Pediatrics,5,4,98.4,1
2026-01-02,1,ECG Monitor,Neurology,5,3,78.1,0
2026-01-02,1,ECG Monitor,Emergency,5,4,81.5,0
2026-01-02,1,ECG Monitor,Surgery,5,3,68.0,0
2026-01-02,1,ECG Monitor,ICU,5,3,65.2,0
2026-01-02,1,Infusion Pump,Neurology,8,7,99.0,0
2026-01-02,1,Infusion Pump,Cardiology,8,6,82.6,0
2026-01-02,1,Infusion Pump,Maternity,8,6,81.5,0
2026-01-02,1,Defibrillator,Maternity,2,0,49.6,0
2026-01-02,1,Defibrillator,Cardiology,2,0,48.5,0
2026-01-02,1,Defibrillator,General,2,0,44.0,0
2026-01-02,1,Defibrillator,Emergency,2,0,39.4,0
2026-01-02,1,Defibrillator,Neurology,2,1,52.3,0
2026-01-02,1,Ultrasound,Surgery,1,0,69.1,0
2026-01-02,1,Ultrasound,Maternity,1,0,74.3,1
2026-01-02,1,Ultrasound,Neurology,1,0,76.5,0
2026-01-02,1,Ultrasound,Emergency,1,0,52.5,0
2026-01-02,1,Ultrasound,General,1,0,69.3,0
2026-01-02,1,Pulse Oximeter,Orthopedics,10,9,95.2,0
2026-01-02,1,Pulse Oximeter,Neurology,10,8,82.5,0
2026-01-02,1,Pulse Oximeter,ICU,10,9,96.7,1
2026-01-03,1,Ventilator,Surgery,3,2,82.3,0
2026-01-03,1,Ventilator,Maternity,3,2,74.7,1
2026-01-03,1,Ventilator,Emergency,3,2,82.8,0
2026-01-03,1,Ventilator,ICU,3,2,86.3,0
2026-01-03,1,ECG Monitor,Oncology,5,4,85.0,0
2026-01-03,1,ECG Monitor,Cardiology,5,3,77.0,0
2026-01-03,1,ECG Monitor,ICU,5,3,65.4,0
2026-01-03,1,Infusion Pump,Neurology,8,7,91.1,0
2026-01-03,1,Infusion Pump,Emergency,8,7,91.6,0
2026-01-03,1,Infusion Pump,Surgery,8,7,88.8,0
2026-01-03,1,Infusion Pump,Oncology,8,7,99.0,0
2026-01-03,1,Infusion Pump,Maternity,8,7,88.0,0
2026-01-03,1,Infusion Pump,General,8,7,99.0,0
2026-01-03,1,Defibrillator,Maternity,2,0,48.9,0
2026-01-03,1,Defibrillator,Orthopedics,2,0,49.7,0
2026-01-03,1,Defibrillator,Pediatrics,2,0,43.1,0
2026-01-03,1,Defibrillator,Surgery,2,0,41.0,0
2026-01-03,1,Ultrasound,Pediatrics,1,0,77.2,0
2026-01-03,1,Ultrasound,ICU,1,0,70.8,0
2026-01-03,1,Ultrasound,Maternity,1,0,79.6,0
2026-01-03,1,Ultrasound,Neurology,1,0,72.8,0
2026-01-03,1,Pulse Oximeter,ICU,10,9,92.5,0
2026-01-03,1,Pulse Oximeter,General,10,8,82.8,0
2026-01-03,1,Pulse Oximeter,Oncology,10,9,91.4,0
2026-01-03,1,Pulse Oximeter,Pediatrics,10,8,87.6,0
2026-01-03,1,Pulse Oximeter,Surgery,10,7,78.2,0
2026-01-03,1,Pulse Oximeter,Orthopedics,10,8,86.9,0
2026-01-04,1,Ventilator,ICU,3,2,80.1,0
2026-01-04,1,Ventilator,Maternity,3,2,77.0,0
2026-01-04,1,Ventilator,Surgery,3,2,76.7,0
2026-01-04,1,Ventilator,Oncology,3,2,81.5,0
2026-01-04,1,ECG Monitor,Oncology,5,3,66.8,0
2026-01-04,1,ECG Monitor,Cardiology,5,4,80.1,0
2026-01-04,1,ECG Monitor,ICU,5,3,63.6,0
2026-01-04,1,ECG Monitor,General,5,3,74.0,0
2026-01-04,1,ECG Monitor,Pediatrics,5,4,86.0,0
2026-01-04,1,ECG Monitor,Orthopedics,5,4,80.5,0
2026-01-04,1,Infusion Pump,Maternity,8,7,93.8,0
2026-01-04,1,Infusion Pump,Pediatrics,8,6,86.2,0
2026-01-04,1,Infusion Pump,General,8,7,93.8,0
2026-01-04,1,Infusion Pump,Surgery,8,7,99.0,0
2026-01-04,1,Infusion Pump,Emergency,8,7,97.9,0
2026-01-04,1,Infusion Pump,Oncology,8,6,85.4,0
2026-01-04,1,Defibrillator,Neurology,2,1,50.4,0
2026-01-04,1,Defibrillator,ICU,2,0,42.9,0
2026-01-04,1,Defibrillator,Pediatrics,2,0,42.9,1
2026-01-04,1,Defibrillator,Oncology,2,0,48.5,0
2026-01-04,1,Defibrillator,Emergency,2,0,42.0,0
2026-01-04,1,Defibrillator,Orthopedics,2,1,56.7,0
2026-01-04,1,Ultrasound,Maternity,1,0,62.0,0
2026-01-04,1,Ultrasound,ICU,1,0,64.6,0
2026-01-04,1,Ultrasound,General,1,0,85.5,0
2026-01-04,1,Ultrasound,Cardiology,1,0,73.9,0
2026-01-04,1,Pulse Oximeter,General,10,9,97.0,0
2026-01-04,1,Pulse Oximeter,Surgery,10,8,89.6,0
2026-01-04,1,Pulse Oximeter,Pediatrics,10,8,81.5,0
2026-01-04,1,Pulse Oximeter,ICU,10,8,85.0,0
2026-01-04,1,Pulse Oximeter,Cardiology,10,9,90.1,0
2026-01-04,1,Pulse Oximeter,Oncology,10,8,85.1,0
2026-01-05,1,Ventilator,Oncology,3,2,79.3,0
2026-01-05,1,Ventilator,Emergency,3,2,78.9,0
2026-01-05,1,Ventilator,Orthopedics,3,2,83.7,0
2026-01-05,1,Ventilator,Surgery,3,2,88.6,0
2026-01-05,1,ECG Monitor,Surgery,5,3,75.1,0
2026-01-05,1,ECG Monitor,Cardiology,5,4,80.8,0
2026-01-05,1,ECG Monitor,Maternity,5,3,75.0,0
2026-01-05,1,ECG Monitor,Orthopedics,5,3,69.1,0
2026-01-05,1,ECG Monitor,Emergency,5,3,78.5,0
2026-01-05,1,ECG Monitor,Pediatrics,5,3,77.8,0
2026-01-05,1,Infusion Pump,Cardiology,8,7,93.7,0
2026-01-05,1,Infusion Pump,Neurology,8,7,91.4,0
2026-01-05,1,Infusion Pump,Surgery,8,6,86.4,0
2026-01-05,1,Infusion Pump,Maternity,8,7,93.1,0
2026-01-05,1,Infusion Pump,Orthopedics,8,7,98.6,0
2026-01-05,1,Defibrillator,Surgery,2,0,48.8,0
2026-01-05,1,Defibrillator,Emergency,2,0,49.3,0
2026-01-05,1,Defibrillator,Oncology,2,0,47.1,0
2026-01-05,1,Defibrillator,Neurology,2,1,55.3,0
2026-01-05,1,Defibrillator,General,2,0,47.6,0
2026-01-05,1,Defibrillator,Orthopedics,2,0,43.4,0
2026-01-05,1,Ultrasound,Emergency,1,0,66.1,0
2026-01-05,1,Ultrasound,Maternity,1,0,67.4,0
2026-01-05,1,Ultrasound,Neurology,1,0,75.6,0
2026-01-05,1,Ultrasound,Orthopedics,1,0,66.9,0
2026-01-05,1,Ultrasound,ICU,1,0,69.9,0
2026-01-05,1,Pulse Oximeter,Cardiology,10,8,89.7,1
2026-01-05,1,Pulse Oximeter,Pediatrics,10,8,87.6,0
2026-01-05,1,Pulse Oximeter,General,10,9,96.7,0
2026-01-05,1,Pulse Oximeter,Surgery,10,8,86.3,0
2026-01-05,1,Pulse Oximeter,ICU,10,8,88.9,0
2026-01-05,1,Pulse Oximeter,Oncology,10,8,85.6,0
2026-01-06,1,Ventilator,Orthopedics,3,2,80.7,0
2026-01-06,1,Ventilator,Emergency,3,2,99.0,0
2026-01-06,1,Ventilator,Surgery,3,2,84.4,0
2026-01-06,1,Ventilator,Pediatrics,3,2,82.2,1
2026-01-06,1,Ventilator,Cardiology,3,2,93.0,1
2026-01-06,1,ECG Monitor,Cardiology,5,3,75.1,0
2026-01-06,1,ECG Monitor,Maternity,5,3,65.5,0
2026-01-06,1,ECG Monitor,General,5,3,74.5,0
2026-01-06,1,Infusion Pump,Oncology,8,7,97.0,0
2026-01-06,1,Infusion Pump,Emergency,8,7,96.6,0
2026-01-06,1,Infusion Pump,General,8,7,99.0,0
2026-01-06,1,Infusion Pump,ICU,8,6,82.5,0
2026-01-06,1,Infusion Pump,Surgery,8,7,99.0,0
2026-01-06,1,Defibrillator,General,2,1,56.6,0
2026-01-06,1,Defibrillator,Pediatrics,2,0,41.9,0
2026-01-06,1,Defibrillator,Orthopedics,2,0,45.6,0
2026-01-06,1,Defibrillator,Emergency,2,0,46.7,0
2026-01-06,1,Defibrillator,Cardiology,2,1,59.9,0
2026-01-06,1,Defibrillator,Neurology,2,0,49.3,0
2026-01-06,1,Ultrasound,Neurology,1,0,64.9,0
2026-01-06,1,Ultrasound,Oncology,1,0,81.4,0
2026-01-06,1,Ultrasound,Maternity,1,0,67.0,0
2026-01-06,1,Ultrasound,Orthopedics,1,0,71.8,0
2026-01-06,1,Pulse Oximeter,ICU,10,8,89.4,0
2026-01-06,1,Pulse Oximeter,Surgery,10,8,83.5,0
2026-01-06,1,Pulse Oximeter,Orthopedics,10,8,86.1,0
2026-01-06,1,Pulse Oximeter,Pediatrics,10,9,94.0,0
2026-01-06,1,Pulse Oximeter,Neurology,10,8,86.6,0
2026-01-07,1,Ventilator,Cardiology,3,2,82.0,0
2026-01-07,1,Ventilator,Neurology,3,2,80.8,0
2026-01-07,1,Ventilator,Pediatrics,3,2,80.3,0
2026-01-07,1,ECG Monitor,Cardiology,5,3,75.8,0
2026-01-07,1,ECG Monitor,ICU,5,3,79.1,0
2026-01-07,1,ECG Monitor,Emergency,5,3,73.7,0
2026-01-07,1,ECG Monitor,Oncology,5,3,73.9,0
2026-01-07,1,Infusion Pump,Emergency,8,6,86.3,0
2026-01-07,1,Infusion Pump,General,8,6,82.7,0
2026-01-07,1,Infusion Pump,Maternity,8,7,97.3,0
2026-01-07,1,Infusion Pump,Oncology,8,7,93.5,0
2026-01-07,1,Infusion Pump,Orthopedics,8,7,95.5,0
2026-01-07,1,Defibrillator,ICU,2,0,44.4,0
2026-01-07,1,Defibrillator,Surgery,2,0,49.4,0
2026-01-07,1,Defibrillator,Maternity,2,1,52.2,0
2026-01-07,1,Defibrillator,General,2,1,57.5,0
2026-01-07,1,Ultrasound,Neurology,1,0,60.0,0
2026-01-07,1,Ultrasound,Maternity,1,0,63.9,0
2026-01-07,1,Ultrasound,Pediatrics,1,0,73.8,0
2026-01-07,1,Ultrasound,Surgery,1,0,64.7,0
2026-01-07,1,Ultrasound,Oncology,1,0,56.8,0
2026-01-07,1,Pulse Oximeter,Neurology,10,7,78.9,0
2026-01-07,1,Pulse Oximeter,ICU,10,8,86.9,0
2026-01-07,1,Pulse Oximeter,Pediatrics,10,6,67.6,0
2026-01-08,1,Ventilator,Neurology,3,2,69.5,0
2026-01-08,1,Ventilator,Maternity,3,2,78.4,0
2026-01-08,1,Ventilator,Emergency,3,2,70.3,0
2026-01-08,1,Ventilator,Orthopedics,3,2,82.9,0
2026-01-08,1,Ventilator,Surgery,3,2,81.1,0
2026-01-08,1,Ventilator,Cardiology,3,1,65.4,0
2026-01-08,1,ECG Monitor,ICU,5,3,77.1,0
2026-01-08,1,ECG Monitor,General,5,4,91.4,1
2026-01-08,1,ECG Monitor,Maternity,5,3,79.0,0
2026-01-08,1,ECG Monitor,Pediatrics,5,4,82.1,0
2026-01-08,1,ECG Monitor,Emergency,5,3,73.5,0
2026-01-08,1,Infusion Pump,Surgery,8,7,96.8,0
2026-01-08,1,Infusion Pump,Pediatrics,8,6,84.4,0
2026-01-08,1,Infusion Pump,Orthopedics,8,6,87.2,0
2026-01-08,1,Infusion Pump,Cardiology,8,7,99.0,0
2026-01-08,1,Infusion Pump,ICU,8,6,85.3,0
2026-01-08,1,Defibrillator,Pediatrics,2,1,56.4,0
2026-01-08,1,Defibrillator,Neurology,2,0,42.8,1
2026-01-08,1,Defibrillator,Maternity,2,0,48.0,1
2026-01-08,1,Defibrillator,Oncology,2,0,44.8,0
2026-01-08,1,Ultrasound,Oncology,1,0,66.6,0
2026-01-08,1,Ultrasound,Neurology,1,0,62.7,0
2026-01-08,1,Ultrasound,Orthopedics,1,0,72.0,0
2026-01-08,1,Ultrasound,Surgery,1,0,63.3,0
2026-01-08,1,Ultrasound,Maternity,1,0,64.7,0
2026-01-08,1,Ultrasound,ICU,1,0,74.8,0
2026-01-08,1,Pulse Oximeter,Neurology,10,7,75.6,0
2026-01-08,1,Pulse Oximeter,Pediatrics,10,7,71.4,0
2026-01-08,1,Pulse Oximeter,General,10,8,88.3,0
2026-01-09,1,Ventilator,Cardiology,3,2,86.2,0
2026-01-09,1,Ventilator,Pediatrics,3,2,68.2,0
2026-01-09,1,Ventilator,Surgery,3,2,85.5,0
2026-01-09,1,Ventilator,Maternity,3,2,84.5,0
2026-01-09,1,ECG Monitor,General,5,3,68.9,0
2026-01-09,1,ECG Monitor,Surgery,5,4,83.6,0
2026-01-09,1,ECG Monitor,Neurology,5,4,83.3,0
2026-01-09,1,ECG Monitor,Maternity,5,3,79.4,0
2026-01-09,1,ECG Monitor,Emergency,5,3,76.5,0
2026-01-09,1,Infusion Pump,Oncology,8,7,96.0,0
2026-01-09,1,Infusion Pump,Cardiology,8,7,93.5,0
2026-01-09,1,Infusion Pump,Neurology,8,7,91.9,0
2026-01-09,1,Infusion Pump,General,8,6,86.6,0
2026-01-09,1,Infusion Pump,Pediatrics,8,7,94.3,0
2026-01-09,1,Infusion Pump,Maternity,8,6,86.4,0
2026-01-09,1,Defibrillator,Neurology,2,0,48.3,0
2026-01-09,1,Defibrillator,Surgery,2,0,38.5,0
2026-01-09,1,Defibrillator,ICU,2,0,43.7,0
2026-01-09,1,Defibrillator,Cardiology,2,0,40.5,0
2026-01-09,1,Defibrillator,General,2,0,38.1,0
2026-01-09,1,Defibrillator,Oncology,2,0,41.8,0
2026-01-09,1,Ultrasound,Surgery,1,0,81.0,0
2026-01-09,1,Ultrasound,Pediatrics,1,0,64.3,0
2026-01-09,1,Ultrasound,Oncology,1,0,66.0,0
2026-01-09,1,Ultrasound,Emergency,1,0,64.9,0
2026-01-09,1,Pulse Oximeter,Oncology,10,8,82.8,0
2026-01-09,1,Pulse Oximeter,Cardiology,10,7,75.3,0
2026-01-09,1,Pulse Oximeter,Emergency,10,9,97.4,0
2026-01-09,1,Pulse Oximeter,Pediatrics,10,9,90.1,0
2026-01-09,1,Pulse Oximeter,Neurology,10,9,97.7,0
2026-01-10,1,Ventilator,ICU,3,2,84.6,0
2026-01-10,1,Ventilator,Oncology,3,2,71.3,0
2026-01-10,1,Ventilator,Neurology,3,2,81.2,0
2026-01-10,1,Ventilator,Maternity,3,2,71.8,0
2026-01-10,1,Ventilator,Orthopedics,3,2,76.1,0
2026-01-10,1,Ventilator,Pediatrics,3,2,80.1,0
2026-01-10,1,ECG Monitor,Cardiology,5,4,86.1,0
2026-01-10,1,ECG Monitor,Oncology,5,3,77.5,0
2026-01-10,1,ECG Monitor,Orthopedics,5,3,69.3,0
2026-01-10,1,ECG Monitor,Maternity,5,3,71.1,0
2026-01-10,1,ECG Monitor,General,5,3,77.5,1
2026-01-10,1,Infusion Pump,Oncology,8,6,85.2,0
2026-01-10,1,Infusion Pump,Pediatrics,8,7,91.4,0
2026-01-10,1,Infusion Pump,ICU,8,7,99.0,0
2026-01-10,1,Defibrillator,Emergency,2,1,51.5,0
2026-01-10,1,Defibrillator,Neurology,2,0,46.0,0
2026-01-10,1,Defibrillator,Cardiology,2,1,54.3,0
2026-01-10,1,Ultrasound,Surgery,1,0,81.7,0
2026-01-10,1,Ultrasound,ICU,1,0,60.4,0
2026-01-10,1,Ultrasound,Emergency,1,0,67.4,0
2026-01-10,1,Ultrasound,Oncology,1,0,63.5,0
2026-01-10,1,Pulse Oximeter,General,10,8,87.9,0
2026-01-10,1,Pulse Oximeter,Cardiology,10,8,82.0,0
2026-01-10,1,Pulse Oximeter,ICU,10,9,99.0,0
2026-01-10,1,Pulse Oximeter,Pediatrics,10,8,87.2,0
2026-01-10,1,Pulse Oximeter,Emergency,10,8,84.7,0
2026-01-11,1,Ventilator,Orthopedics,3,2,74.9,0
2026-01-11,1,Ventilator,Emergency,3,2,87.9,0
2026-01-11,1,Ventilator,Cardiology,3,2,77.2,0
2026-01-11,1,ECG Monitor,Oncology,5,3,65.6,0
2026-01-11,1,ECG Monitor,Maternity,5,3,67.2,0
2026-01-11,1,ECG Monitor,Pediatrics,5,3,74.2,0
2026-01-11,1,ECG Monitor,Emergency,5,3,71.0,0
2026-01-11,1,ECG Monitor,General,5,3,74.4,0
2026-01-11,1,Infusion Pump,Oncology,8,7,92.1,1
2026-01-11,1,Infusion Pump,Neurology,8,7,94.5,0
2026-01-11,1,Infusion Pump,Cardiology,8,7,88.4,0
2026-01-11,1,Defibrillator,Cardiology,2,0,36.7,0
2026-01-11,1,Defibrillator,Maternity,2,1,57.2,0
2026-01-11,1,Defibrillator,Orthopedics,2,0,44.1,0
2026-01-11,1,Ultrasound,Maternity,1,0,71.9,0
2026-01-11,1,Ultrasound,Emergency,1,0,65.6,0
2026-01-11,1,Ultrasound,Pediatrics,1,0,65.3,0
2026-01-11,1,Pulse Oximeter,Orthopedics,10,9,93.5,0
2026-01-11,1,Pulse Oximeter,General,10,8,83.2,0
2026-01-11,1,Pulse Oximeter,Oncology,10,9,94.3,0
2026-01-12,1,Ventilator,Neurology,3,2,74.2,0
2026-01-12,1,Ventilator,General,3,2,78.9,0
2026-01-12,1,Ventilator,Surgery,3,2,80.5,0
2026-01-12,1,ECG Monitor,Cardiology,5,3,71.4,0
2026-01-12,1,ECG Monitor,Oncology,5,3,65.6,0
2026-01-12,1,ECG Monitor,Orthopedics,5,3,65.4,1
2026-01-12,1,ECG Monitor,Neurology,5,3,76.1,0
2026-01-12,1,ECG Monitor,General,5,2,58.9,0
2026-01-12,1,ECG Monitor,Pediatrics,5,3,75.3,0
2026-01-12,1,Infusion Pump,ICU,8,6,81.1,0
2026-01-12,1,Infusion Pump,Surgery,8,7,95.8,0
2026-01-12,1,Infusion Pump,Emergency,8,7,94.4,0
2026-01-12,1,Infusion Pump,Orthopedics,8,7,97.1,0
2026-01-12,1,Defibrillator,Emergency,2,1,54.7,0
2026-01-12,1,Defibrillator,Neurology,2,0,35.3,0
2026-01-12,1,Defibrillator,General,2,1,57.1,0
2026-01-12,1,Defibrillator,Maternity,2,1,57.7,0
2026-01-12,1,Defibrillator,Orthopedics,2,0,43.0,0
2026-01-12,1,Ultrasound,Neurology,1,0,56.3,0
2026-01-12,1,Ultrasound,General,1,0,61.5,0
2026-01-12,1,Ultrasound,Orthopedics,1,0,80.7,0
2026-01-12,1,Ultrasound,Cardiology,1,0,74.6,0
2026-01-12,1,Pulse Oximeter,Pediatrics,10,8,84.6,0
2026-01-12,1,Pulse Oximeter,General,10,7,79.7,0
2026-01-12,1,Pulse Oximeter,Surgery,10,9,97.0,0
2026-01-12,1,Pulse Oximeter,ICU,10,9,91.8,0
2026-01-13,1,Ventilator,General,3,2,78.1,0
2026-01-13,1,Ventilator,Orthopedics,3,2,77.7,0
2026-01-13,1,Ventilator,Oncology,3,2,91.9,0
2026-01-13,1,Ventilator,Emergency,3,2,75.1,0
2026-01-13,1,ECG Monitor,Maternity,5,3,70.9,0
2026-01-13,1,ECG Monitor,Oncology,5,4,82.5,0
2026-01-13,1,ECG Monitor,ICU,5,4,89.0,0
2026-01-13,1,Infusion Pump,Orthopedics,8,7,99.0,0
2026-01-13,1,Infusion Pump,Surgery,8,6,86.4,0
2026-01-13,1,Infusion Pump,Neurology,8,6,85.8,0
2026-01-13,1,Infusion Pump,Maternity,8,7,91.0,0
2026-01-13,1,Defibrillator,Emergency,2,0,48.5,0
2026-01-13,1,Defibrillator,ICU,2,0,28.7,0
2026-01-13,1,Defibrillator,General,2,0,31.8,0
2026-01-13,1,Ultrasound,Pediatrics,1,0,71.8,0
2026-01-13,1,Ultrasound,Cardiology,1,0,75.8,0
2026-01-13,1,Ultrasound,Orthopedics,1,0,68.5,0
2026-01-13,1,Ultrasound,Neurology,1,0,76.0,0
2026-01-13,1,Pulse Oximeter,ICU,10,8,87.3,0
2026-01-13,1,Pulse Oximeter,Surgery,10,7,76.1,0
2026-01-13,1,Pulse Oximeter,Pediatrics,10,9,96.6,0
2026-01-13,1,Pulse Oximeter,Orthopedics,10,7,79.4,0
2026-01-14,1,Ventilator,Maternity,3,2,94.3,0
2026-01-14,1,Ventilator,Surgery,3,2,83.8,1
2026-01-14,1,Ventilator,ICU,3,2,73.6,0
2026-01-14,1,Ventilator,Pediatrics,3,2,81.7,0
2026-01-14,1,Ventilator,Emergency,3,2,85.7,0
2026-01-14,1,Ventilator,Cardiology,3,2,75.4,0
2026-01-14,1,ECG Monitor,Orthopedics,5,3,67.2,0
2026-01-14,1,ECG Monitor,Oncology,5,3,74.6,0
2026-01-14,1,ECG Monitor,Cardiology,5,3,65.7,0
2026-01-14,1,ECG Monitor,Emergency,5,3,78.5,0
2026-01-14,1,ECG Monitor,Pediatrics,5,3,76.9,0
2026-01-14,1,Infusion Pump,Emergency,8,6,86.3,0
2026-01-14,1,Infusion Pump,ICU,8,7,90.3,0
2026-01-14,1,Infusion Pump,Orthopedics,8,7,95.8,0
2026-01-14,1,Infusion Pump,Cardiology,8,7,91.8,0
2026-01-14,1,Infusion Pump,Neurology,8,7,90.0,0
2026-01-14,1,Defibrillator,General,2,0,37.9,0
2026-01-14,1,Defibrillator,Neurology,2,0,49.3,1
2026-01-14,1,Defibrillator,Emergency,2,0,38.4,0
2026-01-14,1,Defibrillator,Maternity,2,0,44.6,0
2026-01-14,1,Defibrillator,Surgery,2,0,49.0,0
2026-01-14,1,Defibrillator,Oncology,2,0,47.3,0
2026-01-14,1,Ultrasound,Cardiology,1,0,67.3,1
2026-01-14,1,Ultrasound,General,1,0,51.3,0
2026-01-14,1,Ultrasound,Surgery,1,0,73.7,0
2026-01-14,1,Ultrasound,Pediatrics,1,0,74.4,0
2026-01-14,1,Ultrasound,Maternity,1,0,75.5,0
2026-01-14,1,Pulse Oximeter,Oncology,10,8,84.4,0
2026-01-14,1,Pulse Oximeter,General,10,8,88.2,0
2026-01-14,1,Pulse Oximeter,Pediatrics,10,7,77.0,0
2026-01-15,1,Ventilator,ICU,3,1,62.7,0
2026-01-15,1,Ventilator,Orthopedics,3,2,89.1,0
2026-01-15,1,Ventilator,Maternity,3,2,80.8,0
2026-01-15,1,Ventilator,Surgery,3,2,73.3,0
2026-01-15,1,ECG Monitor,Cardiology,5,3,65.9,0
2026-01-15,1,ECG Monitor,ICU,5,4,81.9,0
2026-01-15,1,ECG Monitor,Pediatrics,5,3,71.7,0
2026-01-15,1,Infusion Pump,Oncology,8,7,91.8,0
2026-01-15,1,Infusion Pump,Neurology,8,6,86.1,0
2026-01-15,1,Infusion Pump,Orthopedics,8,7,92.7,0
2026-01-15,1,Infusion Pump,Maternity,8,7,90.9,0
2026-01-15,1,Defibrillator,ICU,2,0,34.1,0
2026-01-15,1,Defibrillator,Pediatrics,2,1,54.7,0
2026-01-15,1,Defibrillator,Orthopedics,2,0,39.9,0
2026-01-15,1,Defibrillator,Maternity,2,0,34.4,0
2026-01-15,1,Defibrillator,Cardiology,2,0,45.9,0
2026-01-15,1,Defibrillator,General,2,0,42.3,0
2026-01-15,1,Ultrasound,ICU,1,0,73.1,0
2026-01-15,1,Ultrasound,Surgery,1,0,58.6,0
2026-01-15,1,Ultrasound,Orthopedics,1,0,69.7,0
2026-01-15,1,Ultrasound,Pediatrics,1,0,69.2,0
2026-01-15,1,Ultrasound,Cardiology,1,0,71.3,0
2026-01-15,1,Pulse Oximeter,Emergency,10,8,84.8,0
2026-01-15,1,Pulse Oximeter,Pediatrics,10,9,90.8,0
2026-01-15,1,Pulse Oximeter,Orthopedics,10,7,74.5,0
2026-01-15,1,Pulse Oximeter,Oncology,10,8,89.5,0
2026-01-15,1,Pulse Oximeter,Maternity,10,8,83.0,0
2026-01-15,1,Pulse Oximeter,Surgery,10,8,87.7,0
2026-01-16,1,Ventilator,Emergency,3,2,80.5,0
2026-01-16,1,Ventilator,Neurology,3,2,76.5,0
2026-01-16,1,Ventilator,Cardiology,3,2,83.7,0
2026-01-16,1,Ventilator,Oncology,3,2,75.0,0
2026-01-16,1,Ventilator,Orthopedics,3,2,79.4,0
2026-01-16,1,ECG Monitor,ICU,5,3,63.6,0
2026-01-16,1,ECG Monitor,Orthopedics,5,4,85.7,0
2026-01-16,1,ECG Monitor,Pediatrics,5,3,72.7,0
2026-01-16,1,Infusion Pump,Neurology,8,7,99.0,0
2026-01-16,1,Infusion Pump,Surgery,8,6,76.5,0
2026-01-16,1,Infusion Pump,Maternity,8,6,83.2,0
2026-01-16,1,Infusion Pump,ICU,8,7,92.1,0
2026-01-16,1,Infusion Pump,Oncology,8,6,87.1,0
2026-01-16,1,Infusion Pump,Emergency,8,7,99.0,0
2026-01-16,1,Defibrillator,ICU,2,1,51.3,0
2026-01-16,1,Defibrillator,Neurology,2,0,40.0,0
2026-01-16,1,Defibrillator,Emergency,2,0,46.8,0
2026-01-16,1,Defibrillator,Surgery,2,0,47.2,0
2026-01-16,1,Defibrillator,General,2,0,45.1,0
2026-01-16,1,Defibrillator,Orthopedics,2,0,45.5,0
2026-01-16,1,Ultrasound,Cardiology,1,0,65.6,0
2026-01-16,1,Ultrasound,General,1,0,64.2,0
2026-01-16,1,Ultrasound,Pediatrics,1,0,63.9,0
2026-01-16,1,Ultrasound,Oncology,1,0,56.9,1
2026-01-16,1,Pulse Oximeter,Orthopedics,10,7,80.0,0
2026-01-16,1,Pulse Oximeter,General,10,7,73.3,0
2026-01-16,1,Pulse Oximeter,Pediatrics,10,7,75.2,1
2026-01-16,1,Pulse Oximeter,ICU,10,8,86.8,0
2026-01-17,1,Ventilator,Cardiology,3,2,81.7,0
2026-01-17,1,Ventilator,Surgery,3,2,82.6,0
2026-01-17,1,Ventilator,Neurology,3,2,82.3,0
2026-01-17,1,Ventilator,Emergency,3,2,69.8,0
2026-01-17,1,Ventilator,Oncology,3,2,88.6,0
2026-01-17,1,Ventilator,General,3,2,71.9,0
2026-01-17,1,ECG Monitor,Maternity,5,3,79.1,0
2026-01-17,1,ECG Monitor,ICU,5,3,71.8,0
2026-01-17,1,ECG Monitor,Oncology,5,3,77.1,0
2026-01-17,1,ECG Monitor,Pediatrics,5,3,69.4,0
2026-01-17,1,ECG Monitor,Emergency,5,3,79.0,0
2026-01-17,1,Infusion Pump,Maternity,8,7,91.6,0
2026-01-17,1,Infusion Pump,Oncology,8,7,95.3,1
2026-01-17,1,Infusion Pump,Cardiology,8,7,91.9,0
2026-01-17,1,Defibrillator,Surgery,2,0,45.3,0
2026-01-17,1,Defibrillator,Emergency,2,1,55.5,0
2026-01-17,1,Defibrillator,Neurology,2,0,44.3,0
2026-01-17,1,Defibrillator,Pediatrics,2,0,46.5,0
2026-01-17,1,Defibrillator,Oncology,2,1,54.9,0
2026-01-17,1,Defibrillator,Orthopedics,2,0,43.4,0
2026-01-17,1,Ultrasound,Orthopedics,1,0,47.8,0
2026-01-17,1,Ultrasound,Surgery,1,0,77.3,0
2026-01-17,1,Ultrasound,General,1,0,73.9,0
2026-01-17,1,Ultrasound,ICU,1,0,64.8,0
2026-01-17,1,Ultrasound,Emergency,1,0,65.5,0
2026-01-17,1,Pulse Oximeter,Maternity,10,8,83.2,1
2026-01-17,1,Pulse Oximeter,Emergency,10,7,72.0,0
2026-01-17,1,Pulse Oximeter,Surgery,10,8,85.7,0
2026-01-17,1,Pulse Oximeter,Orthopedics,10,7,77.3,0
2026-01-17,1,Pulse Oximeter,General,10,8,84.4,0
2026-01-18,1,Ventilator,Pediatrics,3,2,83.1,0
2026-01-18,1,Ventilator,Surgery,3,2,82.9,0
2026-01-18,1,Ventilator,Oncology,3,2,90.2,0
2026-01-18,1,Ventilator,Cardiology,3,2,74.0,0
2026-01-18,1,Ventilator,Orthopedics,3,2,87.6,0
2026-01-18,1,ECG Monitor,Neurology,5,3,74.3,0
2026-01-18,1,ECG Monitor,Surgery,5,3,62.2,0
2026-01-18,1,ECG Monitor,Emergency,5,3,72.7,0
2026-01-18,1,ECG Monitor,Oncology,5,4,80.9,0
2026-01-18,1,ECG Monitor,ICU,5,3,78.5,0
2026-01-18,1,ECG Monitor,Orthopedics,5,3,78.1,0
2026-01-18,1,Infusion Pump,Pediatrics,8,7,92.9,0
2026-01-18,1,Infusion Pump,Emergency,8,7,96.6,0
2026-01-18,1,Infusion Pump,Cardiology,8,7,92.1,0
2026-01-18,1,Infusion Pump,Surgery,8,7,99.0,0
2026-01-18,1,Infusion Pump,Neurology,8,7,97.7,0
2026-01-18,1,Infusion Pump,Maternity,8,7,99.0,0
2026-01-18,1,Defibrillator,Neurology,2,0,48.6,0
2026-01-18,1,Defibrillator,General,2,0,46.4,0
2026-01-18,1,Defibrillator,Surgery,2,0,42.3,0
2026-01-18,1,Defibrillator,ICU,2,0,44.0,0
2026-01-18,1,Ultrasound,ICU,1,0,64.9,0
2026-01-18,1,Ultrasound,Cardiology,1,0,70.6,0
2026-01-18,1,Ultrasound,General,1,0,63.2,0
2026-01-18,1,Ultrasound,Emergency,1,0,66.8,0
2026-01-18,1,Ultrasound,Oncology,1,0,63.7,0
2026-01-18,1,Ultrasound,Maternity,1,0,68.7,0
2026-01-18,1,Pulse Oximeter,General,10,8,87.3,0
2026-01-18,1,Pulse Oximeter,Surgery,10,9,92.8,0
2026-01-18,1,Pulse Oximeter,Cardiology,10,8,85.5,0
2026-01-19,1,Ventilator,Maternity,3,2,87.2,0
2026-01-19,1,Ventilator,Emergency,3,2,97.0,0
2026-01-19,1,Ventilator,ICU,3,2,92.6,0
2026-01-19,1,Ventilator,Cardiology,3,2,81.6,0
2026-01-19,1,Ventilator,General,3,2,67.1,1
2026-01-19,1,ECG Monitor,Surgery,5,3,71.9,0
2026-01-19,1,ECG Monitor,Oncology,5,3,63.2,0
2026-01-19,1,ECG Monitor,Pediatrics,5,3,69.5,0
2026-01-19,1,Infusion Pump,Surgery,8,7,88.5,0
2026-01-19,1,Infusion Pump,ICU,8,6,84.8,0
2026-01-19,1,Infusion Pump,Oncology,8,7,89.4,0
2026-01-19,1,Infusion Pump,Neurology,8,7,99.0,0
2026-01-19,1,Infusion Pump,Maternity,8,7,87.7,0
2026-01-19,1,Defibrillator,Pediatrics,2,1,51.6,0
2026-01-19,1,Defibrillator,Maternity,2,0,47.3,0
2026-01-19,1,Defibrillator,Orthopedics,2,0,46.9,0
2026-01-19,1,Defibrillator,Surgery,2,0,46.6,0
2026-01-19,1,Defibrillator,Oncology,2,0,48.7,0
2026-01-19,1,Ultrasound,Neurology,1,0,58.5,0
2026-01-19,1,Ultrasound,Emergency,1,0,83.8,1
2026-01-19,1,Ultrasound,Oncology,1,0,78.5,0
2026-01-19,1,Ultrasound,Cardiology,1,0,66.5,0
2026-01-19,1,Pulse Oximeter,Emergency,10,9,91.9,0
2026-01-19,1,Pulse Oximeter,Surgery,10,7,79.7,0
2026-01-19,1,Pulse Oximeter,Pediatrics,10,8,89.9,0
2026-01-20,1,Ventilator,Maternity,3,2,69.7,0
2026-01-20,1,Ventilator,Emergency,3,2,79.6,0
2026-01-20,1,Ventilator,Neurology,3,2,88.6,0
2026-01-20,1,Ventilator,Oncology,3,2,69.6,1
2026-01-20,1,ECG Monitor,Surgery,5,3,79.0,0
2026-01-20,1,ECG Monitor,Cardiology,5,4,80.2,0
2026-01-20,1,ECG Monitor,Orthopedics,5,3,73.9,0
2026-01-20,1,ECG Monitor,Neurology,5,4,80.6,0
2026-01-20,1,ECG Monitor,Oncology,5,3,70.6,0
2026-01-20,1,Infusion Pump,Surgery,8,7,89.6,0
2026-01-20,1,Infusion Pump,Pediatrics,8,7,96.9,0
2026-01-20,1,Infusion Pump,Neurology,8,7,92.8,0
2026-01-20,1,Infusion Pump,General,8,7,93.2,0
2026-01-20,1,Infusion Pump,Orthopedics,8,7,99.0,0
2026-01-20,1,Defibrillator,Emergency,2,0,46.6,1
2026-01-20,1,Defibrillator,General,2,0,44.6,0
2026-01-20,1,Defibrillator,Pediatrics,2,0,39.5,0
2026-01-20,1,Defibrillator,Maternity,2,0,47.5,0
2026-01-20,1,Defibrillator,Orthopedics,2,1,54.1,0
2026-01-20,1,Ultrasound,Pediatrics,1,0,65.9,0
2026-01-20,1,Ultrasound,General,1,0,71.1,0
2026-01-20,1,Ultrasound,Neurology,1,0,74.2,0
2026-01-20,1,Pulse Oximeter,Emergency,10,8,87.6,0
2026-01-20,1,Pulse Oximeter,Cardiology,10,8,89.9,0
2026-01-20,1,Pulse Oximeter,Surgery,10,7,78.7,0
2026-01-21,1,Ventilator,Oncology,3,2,87.4,0
2026-01-21,1,Ventilator,ICU,3,2,75.3,0
2026-01-21,1,Ventilator,Emergency,3,2,83.5,0
2026-01-21,1,Ventilator,Pediatrics,3,2,77.5,0
2026-01-21,1,ECG Monitor,Neurology,5,3,69.2,0
2026-01-21,1,ECG Monitor,Cardiology,5,4,87.1,0
2026-01-21,1,ECG Monitor,Oncology,5,3,63.4,0
2026-01-21,1,ECG Monitor,Pediatrics,5,3,66.2,0
2026-01-21,1,ECG Monitor,Maternity,5,3,68.6,0
2026-01-21,1,Infusion Pump,Oncology,8,7,95.6,0
2026-01-21,1,Infusion Pump,Cardiology,8,7,93.0,0
2026-01-21,1,Infusion Pump,ICU,8,7,91.6,1
2026-01-21,1,Infusion Pump,Orthopedics,8,6,84.2,0
2026-01-21,1,Defibrillator,Emergency,2,1,50.1,0
2026-01-21,1,Defibrillator,Orthopedics,2,0,42.3,0
2026-01-21,1,Defibrillator,Neurology,2,0,41.7,0
2026-01-21,1,Defibrillator,ICU,2,0,37.6,0
2026-01-21,1,Defibrillator,Maternity,2,0,40.5,0
2026-01-21,1,Defibrillator,Oncology,2,0,45.5,0
2026-01-21,1,Ultrasound,General,1,0,79.8,0
2026-01-21,1,Ultrasound,Emergency,1,0,77.5,0
2026-01-21,1,Ultrasound,Oncology,1,0,53.9,0
2026-01-21,1,Pulse Oximeter,General,10,9,99.0,0
2026-01-21,1,Pulse Oximeter,Maternity,10,7,78.7,0
2026-01-21,1,Pulse Oximeter,Orthopedics,10,9,96.2,0
2026-01-21,1,Pulse Oximeter,ICU,10,8,80.5,0
2026-01-22,1,Ventilator,Maternity,3,2,75.8,0
2026-01-22,1,Ventilator,Pediatrics,3,2,86.4,0
2026-01-22,1,Ventilator,Orthopedics,3,2,73.8,0
2026-01-22,1,Ventilator,Cardiology,3,2,81.1,0
2026-01-22,1,Ventilator,Neurology,3,2,78.3,0
2026-01-22,1,ECG Monitor,Emergency,5,4,90.7,0
2026-01-22,1,ECG Monitor,Surgery,5,3,69.5,0
2026-01-22,1,ECG Monitor,Orthopedics,5,3,72.7,0
2026-01-22,1,ECG Monitor,Neurology,5,4,82.7,0
2026-01-22,1,Infusion Pump,Surgery,8,7,99.0,0
2026-01-22,1,Infusion Pump,Maternity,8,7,89.1,0
2026-01-22,1,Infusion Pump,Pediatrics,8,7,93.6,0
2026-01-22,1,Defibrillator,Neurology,2,1,54.2,0
2026-01-22,1,Defibrillator,Pediatrics,2,0,37.4,0
2026-01-22,1,Defibrillator,Surgery,2,0,45.6,0
2026-01-22,1,Defibrillator,Emergency,2,0,41.2,0
2026-01-22,1,Defibrillator,Cardiology,2,0,46.7,0
2026-01-22,1,Defibrillator,Maternity,2,0,39.9,0
2026-01-22,1,Ultrasound,Cardiology,1,0,66.8,0
2026-01-22,1,Ultrasound,Surgery,1,0,64.0,0
2026-01-22,1,Ultrasound,Maternity,1,0,64.0,0
2026-01-22,1,Ultrasound,Oncology,1,0,73.0,0
2026-01-22,1,Pulse Oximeter,Cardiology,10,9,90.2,0
2026-01-22,1,Pulse Oximeter,Emergency,10,7,74.4,0
2026-01-22,1,Pulse Oximeter,ICU,10,9,99.0,0
2026-01-22,1,Pulse Oximeter,Surgery,10,7,79.9,0
2026-01-22,1,Pulse Oximeter,Orthopedics,10,8,88.4,0
2026-01-22,1,Pulse Oximeter,Oncology,10,8,83.0,0
2026-01-23,1,Ventilator,Cardiology,3,2,76.4,0
2026-01-23,1,Ventilator,Pediatrics,3,1,65.3,0
2026-01-23,1,Ventilator,Orthopedics,3,2,93.7,0
2026-01-23,1,Ventilator,Maternity,3,2,89.2,0
2026-01-23,1,ECG Monitor,Orthopedics,5,3,77.4,1
2026-01-23,1,ECG Monitor,Surgery,5,4,80.8,0
2026-01-23,1,ECG Monitor,Emergency,5,3,68.0,0
2026-01-23,1,ECG Monitor,Oncology,5,3,70.2,0
2026-01-23,1,ECG Monitor,Maternity,5,4,87.9,0
2026-01-23,1,ECG Monitor,General,5,4,83.5,0
2026-01-23,1,Infusion Pump,General,8,7,89.6,0
2026-01-23,1,Infusion Pump,Orthopedics,8,7,94.6,0
2026-01-23,1,Infusion Pump,Neurology,8,7,89.5,0
2026-01-23,1,Infusion Pump,Surgery,8,7,97.6,0
2026-01-23,1,Infusion Pump,Maternity,8,6,77.7,0
2026-01-23,1,Infusion Pump,Pediatrics,8,7,98.2,0
2026-01-23,1,Defibrillator,Neurology,2,0,41.5,0
2026-01-23,1,Defibrillator,Cardiology,2,1,53.4,0
2026-01-23,1,Defibrillator,Pediatrics,2,0,43.3,0
2026-01-23,1,Defibrillator,Surgery,2,0,43.2,0
2026-01-23,1,Defibrillator,Orthopedics,2,1,57.2,0
2026-01-23,1,Defibrillator,ICU,2,0,44.9,0
2026-01-23,1,Ultrasound,Surgery,1,0,63.0,0
2026-01-23,1,Ultrasound,Neurology,1,0,58.3,0
2026-01-23,1,Ultrasound,ICU,1,0,76.6,0
2026-01-23,1,Ultrasound,Cardiology,1,0,72.8,0
2026-01-23,1,Ultrasound,Orthopedics,1,0,70.7,0
2026-01-23,1,Ultrasound,Pediatrics,1,0,67.3,0
2026-01-23,1,Pulse Oximeter,General,10,8,86.0,0
2026-01-23,1,Pulse Oximeter,Oncology,10,8,89.1,0
2026-01-23,1,Pulse Oximeter,Neurology,10,8,85.6,0
2026-01-23,1,Pulse Oximeter,Maternity,10,9,92.0,0
2026-01-23,1,Pulse Oximeter,Emergency,10,7,78.5,0
2026-01-23,1,Pulse Oximeter,Surgery,10,8,89.8,0
2026-01-24,1,Ventilator,ICU,3,2,71.1,0
2026-01-24,1,Ventilator,Neurology,3,2,77.7,0
2026-01-24,1,Ventilator,Cardiology,3,2,82.5,0
2026-01-24,1,Ventilator,Surgery,3,2,80.4,0
2026-01-24,1,Ventilator,Emergency,3,2,77.9,0
2026-01-24,1,ECG Monitor,Maternity,5,3,77.7,1
2026-01-24,1,ECG Monitor,Surgery,5,3,75.3,0
2026-01-24,1,ECG Monitor,Cardiology,5,4,84.5,0
2026-01-24,1,Infusion Pump,General,8,7,96.0,0
2026-01-24,1,Infusion Pump,Pediatrics,8,7,87.5,0
2026-01-24,1,Infusion Pump,Cardiology,8,7,88.6,0
2026-01-24,1,Infusion Pump,Oncology,8,7,96.1,0
2026-01-24,1,Infusion Pump,ICU,8,7,94.9,0
2026-01-24,1,Infusion Pump,Maternity,8,7,99.0,0
2026-01-24,1,Defibrillator,Maternity,2,0,42.6,0
2026-01-24,1,Defibrillator,ICU,2,0,44.9,0
2026-01-24,1,Defibrillator,Emergency,2,1,55.3,0
2026-01-24,1,Ultrasound,Cardiology,1,0,65.0,0
2026-01-24,1,Ultrasound,Neurology,1,0,75.0,0
2026-01-24,1,Ultrasound,General,1,0,70.3,0
2026-01-24,1,Ultrasound,Emergency,1,0,65.2,0
2026-01-24,1,Ultrasound,Surgery,1,0,67.5,0
2026-01-24,1,Ultrasound,Maternity,1,0,64.2,0
2026-01-24,1,Pulse Oximeter,Surgery,10,6,67.8,0
2026-01-24,1,Pulse Oximeter,Orthopedics,10,8,81.9,0
2026-01-24,1,Pulse Oximeter,Neurology,10,9,99.0,0
2026-01-25,1,Ventilator,ICU,3,2,91.0,0
2026-01-25,1,Ventilator,Emergency,3,2,79.2,0
2026-01-25,1,Ventilator,Oncology,3,2,81.8,0
2026-01-25,1,Ventilator,Surgery,3,2,96.8,0
2026-01-25,1,ECG Monitor,Cardiology,5,3,79.9,0
2026-01-25,1,ECG Monitor,Pediatrics,5,3,67.2,0
2026-01-25,1,ECG Monitor,Neurology,5,3,66.4,0
2026-01-25,1,ECG Monitor,Orthopedics,5,3,67.0,1
2026-01-25,1,Infusion Pump,Surgery,8,7,90.6,0
2026-01-25,1,Infusion Pump,ICU,8,7,98.0,0
2026-01-25,1,Infusion Pump,Orthopedics,8,6,86.3,0
2026-01-25,1,Infusion Pump,Maternity,8,6,80.9,0
2026-01-25,1,Defibrillator,Oncology,2,1,51.4,0
2026-01-25,1,Defibrillator,ICU,2,0,32.4,0
2026-01-25,1,Defibrillator,Cardiology,2,0,36.4,0
2026-01-25,1,Ultrasound,Surgery,1,0,72.8,0
2026-01-25,1,Ultrasound,Neurology,1,0,68.8,1
2026-01-25,1,Ultrasound,ICU,1,0,56.9,0
2026-01-25,1,Ultrasound,Emergency,1,0,75.4,0
2026-01-25,1,Pulse Oximeter,Oncology,10,8,86.5,0
2026-01-25,1,Pulse Oximeter,Neurology,10,8,81.8,0
2026-01-25,1,Pulse Oximeter,General,10,8,81.9,0
2026-01-25,1,Pulse Oximeter,Pediatrics,10,8,89.5,0
2026-01-26,1,Ventilator,Emergency,3,2,86.0,0
2026-01-26,1,Ventilator,General,3,2,70.8,0
2026-01-26,1,Ventilator,Pediatrics,3,2,85.9,0
2026-01-26,1,Ventilator,Oncology,3,2,84.7,0
2026-01-26,1,ECG Monitor,Pediatrics,5,3,79.5,0
2026-01-26,1,ECG Monitor,Oncology,5,2,55.9,0
2026-01-26,1,ECG Monitor,Cardiology,5,3,71.3,0
2026-01-26,1,ECG Monitor,Orthopedics,5,3,76.5,0
2026-01-26,1,ECG Monitor,Surgery,5,3,74.4,0
2026-01-26,1,ECG Monitor,Maternity,5,3,63.4,0
2026-01-26,1,Infusion Pump,Emergency,8,7,89.0,0
2026-01-26,1,Infusion Pump,Neurology,8,7,91.0,0
2026-01-26,1,Infusion Pump,ICU,8,7,88.6,0
2026-01-26,1,Infusion Pump,Pediatrics,8,7,99.0,0
2026-01-26,1,Infusion Pump,Maternity,8,6,82.9,0
2026-01-26,1,Defibrillator,Emergency,2,1,66.0,0
2026-01-26,1,Defibrillator,Cardiology,2,0,49.6,0
2026-01-26,1,Defibrillator,Pediatrics,2,0,45.3,0
2026-01-26,1,Defibrillator,Surgery,2,0,34.6,0
2026-01-26,1,Defibrillator,General,2,0,35.9,0
2026-01-26,1,Ultrasound,Neurology,1,0,72.5,0
2026-01-26,1,Ultrasound,Cardiology,1,0,74.5,0
2026-01-26,1,Ultrasound,Emergency,1,0,65.6,0
2026-01-26,1,Ultrasound,Orthopedics,1,0,56.8,0
2026-01-26,1,Pulse Oximeter,General,10,8,82.1,0
2026-01-26,1,Pulse Oximeter,ICU,10,9,91.6,0
2026-01-26,1,Pulse Oximeter,Orthopedics,10,8,84.1,0
2026-01-26,1,Pulse Oximeter,Surgery,10,8,89.3,0
2026-01-26,1,Pulse Oximeter,Oncology,10,8,82.2,0
2026-01-26,1,Pulse Oximeter,Neurology,10,8,81.9,0
2026-01-27,1,Ventilator,Oncology,3,2,80.8,0
2026-01-27,1,Ventilator,Neurology,3,2,82.6,0
2026-01-27,1,Ventilator,Cardiology,3,2,70.3,0
2026-01-27,1,Ventilator,Emergency,3,2,71.5,0
2026-01-27,1,Ventilator,ICU,3,2,80.2,0
2026-01-27,1,Ventilator,Pediatrics,3,2,81.8,0
2026-01-27,1,ECG Monitor,Oncology,5,3,79.1,1
2026-01-27,1,ECG Monitor,Orthopedics,5,3,77.5,0
2026-01-27,1,ECG Monitor,Neurology,5,4,83.6,0
2026-01-27,1,ECG Monitor,Pediatrics,5,4,85.2,1
2026-01-27,1,Infusion Pump,ICU,8,7,91.6,0
2026-01-27,1,Infusion Pump,Cardiology,8,7,99.0,0
2026-01-27,1,Infusion Pump,Surgery,8,7,93.2,0
2026-01-27,1,Defibrillator,Pediatrics,2,1,67.2,0
2026-01-27,1,Defibrillator,General,2,0,45.2,0
2026-01-27,1,Defibrillator,Maternity,2,0,48.1,0
2026-01-27,1,Ultrasound,ICU,1,0,71.7,0
2026-01-27,1,Ultrasound,Neurology,1,0,70.5,0
2026-01-27,1,Ultrasound,Maternity,1,0,67.1,1
2026-01-27,1,Pulse Oximeter,ICU,10,8,86.3,0
2026-01-27,1,Pulse Oximeter,Maternity,10,8,88.3,0
2026-01-27,1,Pulse Oximeter,General,10,9,93.1,0
2026-01-27,1,Pulse Oximeter,Oncology,10,6,69.7,1
2026-01-28,1,Ventilator,General,3,2,86.5,0
2026-01-28,1,Ventilator,Neurology,3,2,79.5,0
2026-01-28,1,Ventilator,Maternity,3,2,78.5,0
2026-01-28,1,Ventilator,Surgery,3,2,70.7,0
2026-01-28,1,Ventilator,Orthopedics,3,2,83.2,0
2026-01-28,1,Ventilator,Pediatrics,3,2,82.9,0
2026-01-28,1,ECG Monitor,Oncology,5,3,64.2,0
2026-01-28,1,ECG Monitor,Emergency,5,4,80.8,0
2026-01-28,1,ECG Monitor,Orthopedics,5,3,63.7,0
2026-01-28,1,Infusion Pump,Neurology,8,7,99.0,0
2026-01-28,1,Infusion Pump,Oncology,8,7,97.3,0
2026-01-28,1,Infusion Pump,Cardiology,8,7,88.3,0
2026-01-28,1,Infusion Pump,General,8,7,99.0,0
2026-01-28,1,Defibrillator,Oncology,2,1,57.0,0
2026-01-28,1,Defibrillator,Pediatrics,2,0,47.6,0
2026-01-28,1,Defibrillator,Emergency,2,0,47.8,0
2026-01-28,1,Defibrillator,Surgery,2,0,44.6,0
2026-01-28,1,Defibrillator,Neurology,2,0,41.3,0
2026-01-28,1,Defibrillator,General,2,1,55.0,0
2026-01-28,1,Ultrasound,ICU,1,0,72.3,0
2026-01-28,1,Ultrasound,Cardiology,1,0,64.1,0
2026-01-28,1,Ultrasound,Maternity,1,0,70.6,0
2026-01-28,1,Ultrasound,Surgery,1,0,70.1,0
2026-01-28,1,Pulse Oximeter,Emergency,10,8,84.4,0
2026-01-28,1,Pulse Oximeter,Pediatrics,10,8,82.7,0
2026-01-28,1,Pulse Oximeter,Cardiology,10,7,76.1,0
2026-01-29,1,Ventilator,Surgery,3,2,68.9,0
2026-01-29,1,Ventilator,Oncology,3,2,82.2,0
2026-01-29,1,Ventilator,General,3,2,74.4,0
2026-01-29,1,Ventilator,Cardiology,3,2,75.7,0
2026-01-29,1,ECG Monitor,General,5,3,75.1,0
2026-01-29,1,ECG Monitor,Oncology,5,4,80.1,0
2026-01-29,1,ECG Monitor,Emergency,5,2,57.0,0
2026-01-29,1,Infusion Pump,Orthopedics,8,7,99.0,0
2026-01-29,1,Infusion Pump,Neurology,8,7,94.6,0
2026-01-29,1,Infusion Pump,ICU,8,7,99.0,0
2026-01-29,1,Infusion Pump,Oncology,8,6,81.6,0
2026-01-29,1,Infusion Pump,Maternity,8,7,88.5,0
2026-01-29,1,Defibrillator,Emergency,2,1,52.3,0
2026-01-29,1,Defibrillator,ICU,2,0,42.4,0
2026-01-29,1,Defibrillator,Oncology,2,1,61.5,0
2026-01-29,1,Ultrasound,Pediatrics,1,0,76.6,0
2026-01-29,1,Ultrasound,ICU,1,0,61.6,0
2026-01-29,1,Ultrasound,Maternity,1,0,74.6,1
2026-01-29,1,Ultrasound,General,1,0,66.1,0
2026-01-29,1,Pulse Oximeter,Maternity,10,9,90.6,0
2026-01-29,1,Pulse Oximeter,Orthopedics,10,8,85.5,0
2026-01-29,1,Pulse Oximeter,General,10,7,71.9,0
2026-01-29,1,Pulse Oximeter,Neurology,10,8,88.1,0
2026-01-29,1,Pulse Oximeter,Cardiology,10,7,76.6,0
2026-01-30,1,Ventilator,Orthopedics,3,2,83.1,0
2026-01-30,1,Ventilator,Neurology,3,2,92.2,0
2026-01-30,1,Ventilator,Cardiology,3,2,90.1,0
2026-01-30,1,Ventilator,General,3,2,81.8,0
2026-01-30,1,ECG Monitor,Surgery,5,3,77.6,0
2026-01-30,1,ECG Monitor,Pediatrics,5,3,68.2,0
2026-01-30,1,ECG Monitor,Emergency,5,3,72.2,0
2026-01-30,1,ECG Monitor,Neurology,5,3,68.0,0
2026-01-30,1,ECG Monitor,ICU,5,3,64.0,0
2026-01-30,1,Infusion Pump,Neurology,8,6,83.9,0
2026-01-30,1,Infusion Pump,Cardiology,8,6,82.7,0
2026-01-30,1,Infusion Pump,Surgery,8,7,95.2,0
2026-01-30,1,Defibrillator,Maternity,2,0,43.4,0
2026-01-30,1,Defibrillator,General,2,0,29.1,0
2026-01-30,1,Defibrillator,Orthopedics,2,0,45.2,0
2026-01-30,1,Defibrillator,Surgery,2,0,48.3,0
2026-01-30,1,Ultrasound,Oncology,1,0,56.3,0
2026-01-30,1,Ultrasound,Orthopedics,1,0,66.3,0
2026-01-30,1,Ultrasound,Pediatrics,1,0,59.2,0
2026-01-30,1,Ultrasound,Maternity,1,0,70.5,0
2026-01-30,1,Ultrasound,ICU,1,0,61.4,0
2026-01-30,1,Ultrasound,Cardiology,1,0,81.5,0
2026-01-30,1,Pulse Oximeter,Neurology,10,8,89.2,0
2026-01-30,1,Pulse Oximeter,Pediatrics,10,9,91.5,0
2026-01-30,1,Pulse Oximeter,Oncology,10,9,99.0,0
2026-01-30,1,Pulse Oximeter,General,10,8,87.7,0
2026-01-31,1,Ventilator,Neurology,3,2,79.9,0
2026-01-31,1,Ventilator,Oncology,3,2,86.3,0
2026-01-31,1,Ventilator,Cardiology,3,2,87.9,0
2026-01-31,1,Ventilator,Surgery,3,2,76.8,0
2026-01-31,1,Ventilator,ICU,3,2,72.8,0
2026-01-31,1,ECG Monitor,Emergency,5,3,73.6,0
2026-01-31,1,ECG Monitor,Orthopedics,5,4,80.4,0
2026-01-31,1,ECG Monitor,Maternity,5,3,79.5,0
2026-01-31,1,ECG Monitor,Surgery,5,3,67.9,0
2026-01-31,1,ECG Monitor,Pediatrics,5,3,67.0,0
2026-01-31,1,Infusion Pump,Surgery,8,6,86.8,0
2026-01-31,1,Infusion Pump,Cardiology,8,7,89.1,1
2026-01-31,1,Infusion Pump,Neurology,8,7,98.3,0
2026-01-31,1,Infusion Pump,General,8,7,95.5,0
2026-01-31,1,Defibrillator,Emergency,2,0,37.2,0
2026-01-31,1,Defibrillator,Maternity,2,0,44.2,0
2026-01-31,1,Defibrillator,Surgery,2,1,53.6,0
2026-01-31,1,Defibrillator,Neurology,2,1,50.6,0
2026-01-31,1,Defibrillator,Orthopedics,2,0,39.3,0
2026-01-31,1,Defibrillator,General,2,1,58.6,0
2026-01-31,1,Ultrasound,Emergency,1,0,80.7,0
2026-01-31,1,Ultrasound,Surgery,1,0,71.3,0
2026-01-31,1,Ultrasound,Oncology,1,0,59.7,0
2026-01-31,1,Ultrasound,Orthopedics,1,0,80.0,0
2026-01-31,1,Ultrasound,Pediatrics,1,0,60.1,0
2026-01-31,1,Pulse Oximeter,Oncology,10,7,77.6,0
2026-01-31,1,Pulse Oximeter,Cardiology,10,8,84.0,0
2026-01-31,1,Pulse Oximeter,Emergency,10,8,88.1,0
2026-01-31,1,Pulse Oximeter,Orthopedics,10,8,81.6,0
2026-01-31,1,Pulse Oximeter,Maternity,10,8,89.7,0
2026-01-31,1,Pulse Oximeter,ICU,10,9,96.6,0
2026-02-01,2,Ventilator,Maternity,3,1,64.3,0
2026-02-01,2,Ventilator,Neurology,3,2,69.5,0
2026-02-01,2,Ventilator,Orthopedics,3,2,69.3,0
2026-02-01,2,Ventilator,Emergency,3,2,68.3,0
2026-02-01,2,Ventilator,Cardiology,3,2,77.6,0
2026-02-01,2,ECG Monitor,Oncology,5,3,70.4,0
2026-02-01,2,ECG Monitor,Neurology,5,3,60.8,0
2026-02-01,2,ECG Monitor,Cardiology,5,3,60.7,0
2026-02-01,2,Infusion Pump,Maternity,8,7,93.7,0
2026-02-01,2,Infusion Pump,ICU,8,6,79.3,0
2026-02-01,2,Infusion Pump,Oncology,8,6,83.4,0
2026-02-01,2,Infusion Pump,General,8,5,74.8,0
2026-02-01,2,Defibrillator,General,2,0,31.0,0
2026-02-01,2,Defibrillator,Pediatrics,2,0,38.0,0
2026-02-01,2,Defibrillator,Emergency,2,0,46.0,0
2026-02-01,2,Defibrillator,Surgery,2,0,30.4,0
2026-02-01,2,Ultrasound,Orthopedics,1,0,63.5,0
2026-02-01,2,Ultrasound,Pediatrics,1,0,57.8,0
2026-02-01,2,Ultrasound,Neurology,1,0,48.8,0
2026-02-01,2,Ultrasound,Oncology,1,0,55.6,0
2026-02-01,2,Ultrasound,Maternity,1,0,67.6,0
2026-02-01,2,Ultrasound,General,1,0,73.9,0
2026-02-01,2,Pulse Oximeter,Surgery,10,8,80.4,0
2026-02-01,2,Pulse Oximeter,Orthopedics,10,6,66.7,0
2026-02-01,2,Pulse Oximeter,ICU,10,7,77.6,0
2026-02-01,2,Pulse Oximeter,Oncology,10,5,57.1,0
2026-02-01,2,Pulse Oximeter,Emergency,10,7,74.3,0
2026-02-01,2,Pulse Oximeter,Maternity,10,7,72.3,0
2026-02-02,2,Ventilator,Pediatrics,3,2,67.6,0
2026-02-02,2,Ventilator,Cardiology,3,2,68.8,0
2026-02-02,2,Ventilator,Orthopedics,3,1,61.2,0
2026-02-02,2,ECG Monitor,ICU,5,2,51.3,0
2026-02-02,2,ECG Monitor,General,5,3,66.8,0
2026-02-02,2,ECG Monitor,Pediatrics,5,3,60.9,0
2026-02-02,2,ECG Monitor,Maternity,5,2,59.0,0
2026-02-02,2,Infusion Pump,General,8,5,74.5,0
2026-02-02,2,Infusion Pump,Surgery,8,5,68.2,0
2026-02-02,2,Infusion Pump,ICU,8,6,80.4,0
2026-02-02,2,Infusion Pump,Emergency,8,5,74.0,0
2026-02-02,2,Defibrillator,Cardiology,2,0,44.9,0
2026-02-02,2,Defibrillator,Neurology,2,0,35.4,0
2026-02-02,2,Defibrillator,Emergency,2,0,43.9,0
2026-02-02,2,Defibrillator,ICU,2,0,43.2,0
2026-02-02,2,Defibrillator,Maternity,2,0,47.2,0
2026-02-02,2,Defibrillator,Pediatrics,2,0,45.5,0
2026-02-02,2,Ultrasound,Cardiology,1,0,63.7,0
2026-02-02,2,Ultrasound,ICU,1,0,59.6,0
2026-02-02,2,Ultrasound,Oncology,1,0,49.7,0
2026-02-02,2,Pulse Oximeter,Oncology,10,7,70.8,0
2026-02-02,2,Pulse Oximeter,Pediatrics,10,7,78.0,0
2026-02-02,2,Pulse Oximeter,Surgery,10,7,74.9,0
2026-02-02,2,Pulse Oximeter,Orthopedics,10,6,68.5,0
2026-02-02,2,Pulse Oximeter,ICU,10,7,75.5,0
2026-02-02,2,Pulse Oximeter,Emergency,10,8,81.9,0
2026-02-03,2,Ventilator,Surgery,3,1,62.1,0
2026-02-03,2,Ventilator,ICU,3,1,64.8,0
2026-02-03,2,Ventilator,Orthopedics,3,2,70.6,0
2026-02-03,2,Ventilator,Emergency,3,2,68.6,0
2026-02-03,2,Ventilator,Neurology,3,1,61.6,0
2026-02-03,2,ECG Monitor,General,5,2,50.1,0
2026-02-03,2,ECG Monitor,Oncology,5,3,63.9,0
2026-02-03,2,ECG Monitor,Pediatrics,5,2,58.7,0
2026-02-03,2,ECG Monitor,Emergency,5,3,65.8,0
2026-02-03,2,ECG Monitor,Cardiology,5,2,54.1,0
2026-02-03,2,ECG Monitor,Neurology,5,3,70.1,0
2026-02-03,2,Infusion Pump,ICU,8,7,88.4,0
2026-02-03,2,Infusion Pump,Orthopedics,8,6,86.9,0
2026-02-03,2,Infusion Pump,Maternity,8,5,73.6,0
2026-02-03,2,Defibrillator,Pediatrics,2,0,42.2,0
2026-02-03,2,Defibrillator,Cardiology,2,0,41.2,0
2026-02-03,2,Defibrillator,Emergency,2,0,44.3,0
2026-02-03,2,Defibrillator,ICU,2,0,38.6,0
2026-02-03,2,Defibrillator,Oncology,2,0,48.6,0
2026-02-03,2,Ultrasound,General,1,0,58.1,0
2026-02-03,2,Ultrasound,Orthopedics,1,0,64.8,0
2026-02-03,2,Ultrasound,Maternity,1,0,65.2,0
2026-02-03,2,Pulse Oximeter,ICU,10,6,67.3,0
2026-02-03,2,Pulse Oximeter,Surgery,10,6,66.4,0
2026-02-03,2,Pulse Oximeter,Oncology,10,8,83.8,0
2026-02-03,2,Pulse Oximeter,General,10,7,75.4,0
2026-02-04,2,Ventilator,Cardiology,3,2,69.7,1
2026-02-04,2,Ventilator,Pediatrics,3,1,65.2,0
2026-02-04,2,Ventilator,Oncology,3,2,77.7,0
2026-02-04,2,Ventilator,Neurology,3,2,66.8,0
2026-02-04,2,ECG Monitor,Surgery,5,2,56.7,0
2026-02-04,2,ECG Monitor,Neurology,5,3,61.6,0
2026-02-04,2,ECG Monitor,Pediatrics,5,3,64.9,0
2026-02-04,2,ECG Monitor,Oncology,5,3,67.1,0
2026-02-04,2,ECG Monitor,Emergency,5,2,57.9,0
2026-02-04,2,Infusion Pump,General,8,6,83.7,0
2026-02-04,2,Infusion Pump,ICU,8,6,83.7,0
2026-02-04,2,Infusion Pump,Emergency,8,6,82.0,0
2026-02-04,2,Infusion Pump,Pediatrics,8,6,79.7,0
2026-02-04,2,Defibrillator,Pediatrics,2,0,39.2,0
2026-02-04,2,Defibrillator,Neurology,2,0,38.1,0
2026-02-04,2,Defibrillator,Oncology,2,0,49.9,0
2026-02-04,2,Defibrillator,Emergency,2,0,40.4,0
2026-02-04,2,Defibrillator,Cardiology,2,0,39.5,0
2026-02-04,2,Defibrillator,Surgery,2,0,40.0,0
2026-02-04,2,Ultrasound,Emergency,1,0,50.4,0
2026-02-04,2,Ultrasound,Orthopedics,1,0,61.8,0
2026-02-04,2,Ultrasound,Neurology,1,0,57.8,0
2026-02-04,2,Pulse Oximeter,Pediatrics,10,6,69.2,0
2026-02-04,2,Pulse Oximeter,Maternity,10,7,75.0,0
2026-02-04,2,Pulse Oximeter,Surgery,10,7,70.5,0
2026-02-05,2,Ventilator,Neurology,3,2,80.6,0
2026-02-05,2,Ventilator,Pediatrics,3,2,77.9,0
2026-02-05,2,Ventilator,ICU,3,2,70.2,0
2026-02-05,2,Ventilator,Surgery,3,2,82.2,0
2026-02-05,2,Ventilator,General,3,2,69.6,0
2026-02-05,2,Ventilator,Oncology,3,2,75.5,0
2026-02-05,2,ECG Monitor,Pediatrics,5,3,66.5,0
2026-02-05,2,ECG Monitor,Surgery,5,3,66.1,0
2026-02-05,2,ECG Monitor,Emergency,5,3,68.7,0
2026-02-05,2,ECG Monitor,Oncology,5,3,70.2,0
2026-02-05,2,Infusion Pump,ICU,8,6,75.7,0
2026-02-05,2,Infusion Pump,Maternity,8,6,82.8,0
2026-02-05,2,Infusion Pump,Neurology,8,6,77.2,0
2026-02-05,2,Infusion Pump,Cardiology,8,6,84.6,0
2026-02-05,2,Defibrillator,Neurology,2,0,41.4,0
2026-02-05,2,Defibrillator,Maternity,2,0,43.0,0
2026-02-05,2,Defibrillator,Orthopedics,2,0,45.5,0
2026-02-05,2,Defibrillator,Cardiology,2,0,32.7,0
2026-02-05,2,Defibrillator,Pediatrics,2,0,49.0,0
2026-02-05,2,Defibrillator,Emergency,2,0,47.8,0
2026-02-05,2,Ultrasound,ICU,1,0,62.0,0
2026-02-05,2,Ultrasound,Emergency,1,0,71.9,0
2026-02-05,2,Ultrasound,General,1,0,61.1,0
2026-02-05,2,Ultrasound,Oncology,1,0,53.0,0
2026-02-05,2,Ultrasound,Surgery,1,0,51.9,0
2026-02-05,2,Ultrasound,Maternity,1,0,49.9,0
2026-02-05,2,Pulse Oximeter,Surgery,10,7,74.5,0
2026-02-05,2,Pulse Oximeter,Maternity,10,8,89.4,0
2026-02-05,2,Pulse Oximeter,Orthopedics,10,7,75.6,0
2026-02-05,2,Pulse Oximeter,Oncology,10,7,72.8,0
2026-02-05,2,Pulse Oximeter,General,10,6,68.8,0
2026-02-05,2,Pulse Oximeter,Pediatrics,10,7,74.6,0
2026-02-06,2,Ventilator,Maternity,3,2,68.5,0
2026-02-06,2,Ventilator,General,3,2,66.8,0
2026-02-06,2,Ventilator,Orthopedics,3,2,73.0,0
2026-02-06,2,Ventilator,Emergency,3,1,62.7,1
2026-02-06,2,Ventilator,Pediatrics,3,2,70.9,0
2026-02-06,2,Ventilator,Surgery,3,2,66.8,0
2026-02-06,2,ECG Monitor,Pediatrics,5,3,67.8,0
2026-02-06,2,ECG Monitor,Maternity,5,3,70.4,0
2026-02-06,2,ECG Monitor,Orthopedics,5,2,57.7,0
2026-02-06,2,Infusion Pump,Orthopedics,8,7,90.0,0
2026-02-06,2,Infusion Pump,Pediatrics,8,6,77.9,0
2026-02-06,2,Infusion Pump,Surgery,8,6,77.7,0
2026-02-06,2,Infusion Pump,General,8,5,72.1,0
2026-02-06,2,Infusion Pump,ICU,8,5,70.4,0
2026-02-06,2,Infusion Pump,Cardiology,8,6,75.0,0
2026-02-06,2,Defibrillator,Maternity,2,0,36.5,0
2026-02-06,2,Defibrillator,Oncology,2,0,48.9,0
2026-02-06,2,Defibrillator,Neurology,2,0,28.4,0
2026-02-06,2,Ultrasound,General,1,0,57.9,0
2026-02-06,2,Ultrasound,Pediatrics,1,0,47.9,1
2026-02-06,2,Ultrasound,Orthopedics,1,0,47.7,0
2026-02-06,2,Ultrasound,ICU,1,0,59.7,0
2026-02-06,2,Pulse Oximeter,Cardiology,10,7,72.1,0
2026-02-06,2,Pulse Oximeter,Neurology,10,7,74.3,1
2026-02-06,2,Pulse Oximeter,Pediatrics,10,6,69.8,0
2026-02-06,2,Pulse Oximeter,Maternity,10,6,61.0,0
2026-02-06,2,Pulse Oximeter,Emergency,10,7,77.6,0
2026-02-07,2,Ventilator,Pediatrics,3,2,72.4,0
2026-02-07,2,Ventilator,Emergency,3,2,78.1,0
2026-02-07,2,Ventilator,Surgery,3,1,56.3,0
2026-02-07,2,Ventilator,ICU,3,1,63.6,1
2026-02-07,2,Ventilator,Cardiology,3,1,59.8,0
2026-02-07,2,ECG Monitor,Emergency,5,3,66.2,0
2026-02-07,2,ECG Monitor,Orthopedics,5,3,65.2,0
2026-02-07,2,ECG Monitor,Oncology,5,3,76.0,0
2026-02-07,2,ECG Monitor,ICU,5,3,65.0,0
2026-02-07,2,ECG Monitor,Pediatrics,5,3,75.1,0
2026-02-07,2,Infusion Pump,Surgery,8,6,81.6,0
2026-02-07,2,Infusion Pump,Neurology,8,7,87.7,1
2026-02-07,2,Infusion Pump,ICU,8,6,86.6,0
2026-02-07,2,Infusion Pump,General,8,6,86.9,0
2026-02-07,2,Infusion Pump,Oncology,8,5,71.5,0
2026-02-07,2,Defibrillator,Maternity,2,1,55.7,0
2026-02-07,2,Defibrillator,Surgery,2,0,42.6,0
2026-02-07,2,Defibrillator,Oncology,2,0,31.8,0
2026-02-07,2,Defibrillator,Cardiology,2,0,43.9,0
2026-02-07,2,Defibrillator,Neurology,2,0,42.6,0
2026-02-07,2,Defibrillator,General,2,0,42.1,0
2026-02-07,2,Ultrasound,General,1,0,67.6,0
2026-02-07,2,Ultrasound,Maternity,1,0,55.5,0
2026-02-07,2,Ultrasound,Emergency,1,0,59.0,0
2026-02-07,2,Ultrasound,Oncology,1,0,41.9,0
2026-02-07,2,Ultrasound,Surgery,1,0,58.8,1
2026-02-07,2,Ultrasound,Cardiology,1,0,56.2,0
2026-02-07,2,Pulse Oximeter,Emergency,10,8,82.2,0
2026-02-07,2,Pulse Oximeter,General,10,7,76.4,0
2026-02-07,2,Pulse Oximeter,ICU,10,7,79.5,0
2026-02-08,2,Ventilator,Oncology,3,2,71.8,0
2026-02-08,2,Ventilator,Cardiology,3,2,82.8,0
2026-02-08,2,Ventilator,Pediatrics,3,1,65.2,0
2026-02-08,2,Ventilator,ICU,3,1,59.1,0
2026-02-08,2,Ventilator,General,3,2,66.7,0
2026-02-08,2,ECG Monitor,Oncology,5,3,72.0,0
2026-02-08,2,ECG Monitor,Cardiology,5,3,67.7,0
2026-02-08,2,ECG Monitor,Surgery,5,2,58.6,0
2026-02-08,2,ECG Monitor,Neurology,5,3,61.2,0
2026-02-08,2,ECG Monitor,Emergency,5,2,57.9,0
2026-02-08,2,ECG Monitor,Pediatrics,5,3,65.0,0
2026-02-08,2,Infusion Pump,Pediatrics,8,6,75.6,0
2026-02-08,2,Infusion Pump,Oncology,8,5,69.9,0
2026-02-08,2,Infusion Pump,Orthopedics,8,5,74.1,0
2026-02-08,2,Defibrillator,Neurology,2,0,39.2,0
2026-02-08,2,Defibrillator,Maternity,2,0,26.1,0
2026-02-08,2,Defibrillator,General,2,0,42.3,0
2026-02-08,2,Defibrillator,Oncology,2,0,38.0,0
2026-02-08,2,Ultrasound,ICU,1,0,64.0,0
2026-02-08,2,Ultrasound,Orthopedics,1,0,56.3,1
2026-02-08,2,Ultrasound,Pediatrics,1,0,69.0,0
2026-02-08,2,Pulse Oximeter,Cardiology,10,7,73.0,0
2026-02-08,2,Pulse Oximeter,Oncology,10,7,73.1,0
2026-02-08,2,Pulse Oximeter,Surgery,10,7,75.1,0
2026-02-08,2,Pulse Oximeter,ICU,10,8,84.6,0
2026-02-08,2,Pulse Oximeter,General,10,8,84.3,0
2026-02-08,2,Pulse Oximeter,Maternity,10,7,70.8,0
2026-02-09,2,Ventilator,Maternity,3,1,57.5,0
2026-02-09,2,Ventilator,Emergency,3,1,65.1,0
2026-02-09,2,Ventilator,General,3,1,63.6,0
2026-02-09,2,Ventilator,Oncology,3,2,72.7,0
2026-02-09,2,Ventilator,Pediatrics,3,1,56.4,0
2026-02-09,2,ECG Monitor,Pediatrics,5,3,61.4,1
2026-02-09,2,ECG Monitor,Orthopedics,5,3,68.8,0
2026-02-09,2,ECG Monitor,Cardiology,5,2,49.3,0
2026-02-09,2,ECG Monitor,Surgery,5,2,56.0,0
2026-02-09,2,Infusion Pump,Orthopedics,8,6,79.9,0
2026-02-09,2,Infusion Pump,Oncology,8,6,79.1,0
2026-02-09,2,Infusion Pump,ICU,8,5,70.2,0
2026-02-09,2,Infusion Pump,Neurology,8,6,86.6,0
2026-02-09,2,Infusion Pump,General,8,6,79.5,0
2026-02-09,2,Infusion Pump,Maternity,8,7,87.9,0
2026-02-09,2,Defibrillator,ICU,2,0,45.1,0
2026-02-09,2,Defibrillator,Cardiology,2,0,32.3,0
2026-02-09,2,Defibrillator,Oncology,2,0,41.8,1
2026-02-09,2,Ultrasound,Surgery,1,0,58.6,0
2026-02-09,2,Ultrasound,Cardiology,1,0,70.0,0
2026-02-09,2,Ultrasound,Neurology,1,0,53.2,0
2026-02-09,2,Ultrasound,Maternity,1,0,57.3,0
2026-02-09,2,Ultrasound,Oncology,1,0,65.5,0
2026-02-09,2,Ultrasound,Emergency,1,0,49.5,0
2026-02-09,2,Pulse Oximeter,Cardiology,10,7,72.7,0
2026-02-09,2,Pulse Oximeter,Surgery,10,8,83.9,1
2026-02-09,2,Pulse Oximeter,ICU,10,8,82.6,0
2026-02-09,2,Pulse Oximeter,Emergency,10,8,80.3,0
2026-02-09,2,Pulse Oximeter,Neurology,10,7,77.2,0
2026-02-10,2,Ventilator,Oncology,3,2,80.4,0
2026-02-10,2,Ventilator,Pediatrics,3,2,79.4,0
2026-02-10,2,Ventilator,ICU,3,1,61.5,0
2026-02-10,2,Ventilator,General,3,2,70.8,1
2026-02-10,2,ECG Monitor,General,5,3,68.1,0
2026-02-10,2,ECG Monitor,Pediatrics,5,2,54.5,0
2026-02-10,2,ECG Monitor,Oncology,5,3,71.7,0
2026-02-10,2,ECG Monitor,Emergency,5,3,67.6,0
2026-02-10,2,ECG Monitor,Cardiology,5,2,53.7,0
2026-02-10,2,Infusion Pump,Oncology,8,6,78.0,0
2026-02-10,2,Infusion Pump,Orthopedics,8,6,80.2,0
2026-02-10,2,Infusion Pump,Cardiology,8,6,82.3,0
2026-02-10,2,Defibrillator,Cardiology,2,0,36.8,0
2026-02-10,2,Defibrillator,Orthopedics,2,0,40.1,0
2026-02-10,2,Defibrillator,ICU,2,0,45.3,0
2026-02-10,2,Defibrillator,Oncology,2,0,41.1,0
2026-02-10,2,Ultrasound,Oncology,1,0,55.9,0
2026-02-10,2,Ultrasound,Cardiology,1,0,75.0,0
2026-02-10,2,Ultrasound,Maternity,1,0,63.0,0
2026-02-10,2,Pulse Oximeter,Pediatrics,10,6,65.3,0
2026-02-10,2,Pulse Oximeter,Oncology,10,8,80.6,0
2026-02-10,2,Pulse Oximeter,Emergency,10,7,77.9,1
2026-02-10,2,Pulse Oximeter,ICU,10,7,78.8,0
2026-02-11,2,Ventilator,Orthopedics,3,2,67.3,0
2026-02-11,2,Ventilator,Surgery,3,2,72.4,0
2026-02-11,2,Ventilator,ICU,3,2,76.0,0
2026-02-11,2,Ventilator,Oncology,3,1,58.9,0
2026-02-11,2,ECG Monitor,Emergency,5,3,65.3,0
2026-02-11,2,ECG Monitor,Maternity,5,3,68.3,0
2026-02-11,2,ECG Monitor,General,5,3,64.8,0
2026-02-11,2,ECG Monitor,Neurology,5,4,85.7,0
2026-02-11,2,ECG Monitor,Cardiology,5,3,67.0,0
2026-02-11,2,ECG Monitor,Orthopedics,5,2,50.7,0
2026-02-11,2,Infusion Pump,Orthopedics,8,5,74.8,0
2026-02-11,2,Infusion Pump,Neurology,8,7,93.4,0
2026-02-11,2,Infusion Pump,Emergency,8,5,70.5,0
2026-02-11,2,Infusion Pump,Oncology,8,6,79.0,0
2026-02-11,2,Infusion Pump,ICU,8,5,69.2,0
2026-02-11,2,Defibrillator,ICU,2,0,42.0,0
2026-02-11,2,Defibrillator,General,2,0,43.3,0
2026-02-11,2,Defibrillator,Cardiology,2,0,45.8,0
2026-02-11,2,Ultrasound,Emergency,1,0,57.1,0
2026-02-11,2,Ultrasound,General,1,0,68.1,0
2026-02-11,2,Ultrasound,Oncology,1,0,56.2,0
2026-02-11,2,Pulse Oximeter,Maternity,10,7,75.7,0
2026-02-11,2,Pulse Oximeter,Oncology,10,8,85.9,0
2026-02-11,2,Pulse Oximeter,ICU,10,7,76.6,0
2026-02-11,2,Pulse Oximeter,Orthopedics,10,6,68.9,0
2026-02-12,2,Ventilator,Maternity,3,2,71.5,0
2026-02-12,2,Ventilator,Cardiology,3,1,60.8,0
2026-02-12,2,Ventilator,Neurology,3,2,79.9,0
2026-02-12,2,Ventilator,Surgery,3,1,61.2,0
2026-02-12,2,ECG Monitor,Cardiology,5,3,71.4,0
2026-02-12,2,ECG Monitor,Pediatrics,5,2,56.0,0
2026-02-12,2,ECG Monitor,Emergency,5,3,66.0,0
2026-02-12,2,Infusion Pump,Oncology,8,7,88.5,0
2026-02-12,2,Infusion Pump,Neurology,8,6,76.5,0
2026-02-12,2,Infusion Pump,General,8,6,78.5,0
2026-02-12,2,Infusion Pump,Cardiology,8,5,63.0,0
2026-02-12,2,Defibrillator,Neurology,2,0,36.8,0
2026-02-12,2,Defibrillator,ICU,2,0,37.8,0
2026-02-12,2,Defibrillator,Pediatrics,2,0,42.7,0
2026-02-12,2,Defibrillator,Oncology,2,0,40.1,0
2026-02-12,2,Defibrillator,Emergency,2,1,53.5,0
2026-02-12,2,Defibrillator,General,2,0,36.0,1
2026-02-12,2,Ultrasound,Orthopedics,1,0,62.1,0
2026-02-12,2,Ultrasound,Surgery,1,0,58.6,0
2026-02-12,2,Ultrasound,ICU,1,0,56.9,0
2026-02-12,2,Ultrasound,Pediatrics,1,0,68.1,0
2026-02-12,2,Ultrasound,Emergency,1,0,62.7,0
2026-02-12,2,Pulse Oximeter,Pediatrics,10,7,72.7,0
2026-02-12,2,Pulse Oximeter,Surgery,10,8,85.1,0
2026-02-12,2,Pulse Oximeter,Oncology,10,7,76.6,0
2026-02-13,2,Ventilator,Pediatrics,3,1,64.2,0
2026-02-13,2,Ventilator,ICU,3,2,69.4,0
2026-02-13,2,Ventilator,Emergency,3,2,69.8,0
2026-02-13,2,Ventilator,Maternity,3,2,69.3,0
2026-02-13,2,Ventilator,Surgery,3,1,60.2,0
2026-02-13,2,ECG Monitor,Emergency,5,2,57.2,0
2026-02-13,2,ECG Monitor,Cardiology,5,3,64.8,0
2026-02-13,2,ECG Monitor,Pediatrics,5,4,82.5,0
2026-02-13,2,ECG Monitor,Neurology,5,3,63.5,0
2026-02-13,2,ECG Monitor,General,5,2,53.6,0
2026-02-13,2,Infusion Pump,Pediatrics,8,6,76.1,0
2026-02-13,2,Infusion Pump,Emergency,8,6,82.6,0
2026-02-13,2,Infusion Pump,Orthopedics,8,5,72.2,0
2026-02-13,2,Infusion Pump,Neurology,8,5,73.2,0
2026-02-13,2,Infusion Pump,ICU,8,5,75.0,0
2026-02-13,2,Infusion Pump,Cardiology,8,7,92.0,0
2026-02-13,2,Defibrillator,Oncology,2,0,33.2,0
2026-02-13,2,Defibrillator,Neurology,2,0,45.5,0
2026-02-13,2,Defibrillator,Emergency,2,0,49.8,0
2026-02-13,2,Defibrillator,Surgery,2,0,32.2,0
2026-02-13,2,Defibrillator,Pediatrics,2,0,38.3,0
2026-02-13,2,Defibrillator,Orthopedics,2,0,35.1,0
2026-02-13,2,Ultrasound,Emergency,1,0,67.0,0
2026-02-13,2,Ultrasound,ICU,1,0,53.6,0
2026-02-13,2,Ultrasound,Orthopedics,1,0,59.2,0
2026-02-13,2,Ultrasound,Oncology,1,0,63.3,0
2026-02-13,2,Ultrasound,Neurology,1,0,62.0,0
2026-02-13,2,Ultrasound,Maternity,1,0,58.5,0
2026-02-13,2,Pulse Oximeter,Orthopedics,10,6,67.1,0
2026-02-13,2,Pulse Oximeter,Emergency,10,8,81.5,0
2026-02-13,2,Pulse Oximeter,Maternity,10,8,87.1,0
2026-02-13,2,Pulse Oximeter,Pediatrics,10,8,80.1,0
2026-02-14,2,Ventilator,Oncology,3,2,70.6,0
2026-02-14,2,Ventilator,Emergency,3,2,76.7,0
2026-02-14,2,Ventilator,Orthopedics,3,2,76.8,0
2026-02-14,2,Ventilator,Maternity,3,2,69.0,1
2026-02-14,2,Ventilator,ICU,3,1,64.0,0
2026-02-14,2,Ventilator,Neurology,3,2,78.4,0
2026-02-14,2,ECG Monitor,ICU,5,3,69.6,0
2026-02-14,2,ECG Monitor,Pediatrics,5,3,75.0,0
2026-02-14,2,ECG Monitor,Oncology,5,3,70.4,0
2026-02-14,2,ECG Monitor,Emergency,5,3,71.7,0
2026-02-14,2,Infusion Pump,Maternity,8,6,80.2,0
2026-02-14,2,Infusion Pump,Surgery,8,6,75.3,0
2026-02-14,2,Infusion Pump,General,8,6,76.6,0
2026-02-14,2,Defibrillator,Emergency,2,0,41.9,0
2026-02-14,2,Defibrillator,Cardiology,2,0,44.3,0
2026-02-14,2,Defibrillator,Maternity,2,1,58.0,0
2026-02-14,2,Ultrasound,Neurology,1,0,73.1,0
2026-02-14,2,Ultrasound,Orthopedics,1,0,58.0,0
2026-02-14,2,Ultrasound,Cardiology,1,0,70.7,0
2026-02-14,2,Pulse Oximeter,Pediatrics,10,6,63.3,0
2026-02-14,2,Pulse Oximeter,Maternity,10,8,81.7,0
2026-02-14,2,Pulse Oximeter,Neurology,10,7,78.6,1
2026-02-14,2,Pulse Oximeter,General,10,6,68.4,0
2026-02-14,2,Pulse Oximeter,Emergency,10,8,81.9,0
2026-02-15,2,Ventilator,ICU,3,2,75.7,0
2026-02-15,2,Ventilator,Maternity,3,1,53.4,0
2026-02-15,2,Ventilator,Neurology,3,2,67.8,0
2026-02-15,2,Ventilator,Orthopedics,3,1,64.6,0
2026-02-15,2,Ventilator,General,3,1,58.3,0
2026-02-15,2,Ventilator,Emergency,3,2,69.2,0
2026-02-15,2,ECG Monitor,Orthopedics,5,3,61.6,0
2026-02-15,2,ECG Monitor,General,5,2,55.9,0
2026-02-15,2,ECG Monitor,Surgery,5,3,64.3,0
2026-02-15,2,ECG Monitor,Neurology,5,3,77.5,0
2026-02-15,2,ECG Monitor,Pediatrics,5,3,65.0,0
2026-02-15,2,Infusion Pump,Maternity,8,6,83.3,0
2026-02-15,2,Infusion Pump,Pediatrics,8,6,78.2,0
2026-02-15,2,Infusion Pump,ICU,8,6,84.9,0
2026-02-15,2,Infusion Pump,Neurology,8,7,88.6,0
2026-02-15,2,Infusion Pump,Orthopedics,8,6,79.5,0
2026-02-15,2,Infusion Pump,General,8,7,87.6,0
2026-02-15,2,Defibrillator,Neurology,2,0,45.7,0
2026-02-15,2,Defibrillator,Emergency,2,0,37.1,0
2026-02-15,2,Defibrillator,Surgery,2,0,26.9,0
2026-02-15,2,Defibrillator,Orthopedics,2,0,38.0,0
2026-02-15,2,Defibrillator,Maternity,2,0,32.9,0
2026-02-15,2,Ultrasound,Emergency,1,0,61.7,0
2026-02-15,2,Ultrasound,ICU,1,0,53.9,0
2026-02-15,2,Ultrasound,Orthopedics,1,0,53.2,0
2026-02-15,2,Pulse Oximeter,Cardiology,10,7,77.6,0
2026-02-15,2,Pulse Oximeter,Surgery,10,7,76.0,0
2026-02-15,2,Pulse Oximeter,General,10,6,68.1,0
2026-02-15,2,Pulse Oximeter,Emergency,10,7,72.5,0
2026-02-15,2,Pulse Oximeter,Orthopedics,10,7,72.5,0
2026-02-15,2,Pulse Oximeter,Maternity,10,7,73.7,0
2026-02-16,2,Ventilator,Orthopedics,3,2,77.3,1
2026-02-16,2,Ventilator,Cardiology,3,1,58.6,0
2026-02-16,2,Ventilator,Oncology,3,1,66.3,0
2026-02-16,2,Ventilator,Maternity,3,1,63.1,0
2026-02-16,2,Ventilator,Surgery,3,2,74.3,1
2026-02-16,2,ECG Monitor,ICU,5,3,60.2,0
2026-02-16,2,ECG Monitor,Surgery,5,3,75.8,0
2026-02-16,2,ECG Monitor,Orthopedics,5,3,61.2,0
2026-02-16,2,ECG Monitor,Cardiology,5,3,67.0,0
2026-02-16,2,Infusion Pump,Emergency,8,6,78.1,0
2026-02-16,2,Infusion Pump,Oncology,8,5,73.4,0
2026-02-16,2,Infusion Pump,Pediatrics,8,5,73.9,0
2026-02-16,2,Defibrillator,General,2,0,41.9,0
2026-02-16,2,Defibrillator,Oncology,2,0,37.3,0
2026-02-16,2,Defibrillator,Orthopedics,2,0,47.2,0
2026-02-16,2,Ultrasound,Surgery,1,0,52.2,0
2026-02-16,2,Ultrasound,Pediatrics,1,0,62.6,0
2026-02-16,2,Ultrasound,ICU,1,0,60.2,0
2026-02-16,2,Ultrasound,Oncology,1,0,63.2,0
2026-02-16,2,Pulse Oximeter,Neurology,10,7,73.6,0
2026-02-16,2,Pulse Oximeter,Oncology,10,7,79.0,0
2026-02-16,2,Pulse Oximeter,Maternity,10,8,80.8,0
2026-02-17,2,Ventilator,Maternity,3,2,76.6,0
2026-02-17,2,Ventilator,Cardiology,3,2,81.8,0
2026-02-17,2,Ventilator,ICU,3,1,62.4,0
2026-02-17,2,Ventilator,Orthopedics,3,2,73.8,0
2026-02-17,2,Ventilator,Pediatrics,3,1,66.5,0
2026-02-17,2,ECG Monitor,ICU,5,2,58.5,0
2026-02-17,2,ECG Monitor,General,5,3,67.3,0
2026-02-17,2,ECG Monitor,Cardiology,5,3,68.1,0
2026-02-17,2,ECG Monitor,Emergency,5,2,56.3,0
2026-02-17,2,Infusion Pump,Pediatrics,8,5,74.9,0
2026-02-17,2,Infusion Pump,General,8,6,82.1,0
2026-02-17,2,Infusion Pump,Surgery,8,7,88.1,0
2026-02-17,2,Defibrillator,ICU,2,0,47.7,0
2026-02-17,2,Defibrillator,Orthopedics,2,0,39.5,0
2026-02-17,2,Defibrillator,General,2,0,36.9,0
2026-02-17,2,Defibrillator,Cardiology,2,0,33.2,0
2026-02-17,2,Defibrillator,Emergency,2,0,45.8,0
2026-02-17,2,Ultrasound,Pediatrics,1,0,64.9,0
2026-02-17,2,Ultrasound,ICU,1,0,57.7,0
2026-02-17,2,Ultrasound,Surgery,1,0,67.7,0
2026-02-17,2,Ultrasound,Emergency,1,0,57.7,0
2026-02-17,2,Ultrasound,Orthopedics,1,0,58.1,0
2026-02-17,2,Ultrasound,Cardiology,1,0,63.9,0
2026-02-17,2,Pulse Oximeter,Emergency,10,7,76.8,0
2026-02-17,2,Pulse Oximeter,Cardiology,10,7,77.7,0
2026-02-17,2,Pulse Oximeter,Oncology,10,6,61.5,0
2026-02-17,2,Pulse Oximeter,Neurology,10,7,72.6,0
2026-02-17,2,Pulse Oximeter,Orthopedics,10,7,77.3,0
2026-02-17,2,Pulse Oximeter,Surgery,10,7,71.1,0
2026-02-18,2,Ventilator,ICU,3,2,75.4,0
2026-02-18,2,Ventilator,Pediatrics,3,2,81.3,0
2026-02-18,2,Ventilator,Oncology,3,1,60.8,0
2026-02-18,2,Ventilator,Maternity,3,1,61.1,0
2026-02-18,2,Ventilator,Surgery,3,1,64.5,0
2026-02-18,2,ECG Monitor,ICU,5,3,76.6,0
2026-02-18,2,ECG Monitor,Surgery,5,4,82.1,0
2026-02-18,2,ECG Monitor,Orthopedics,5,3,62.6,0
2026-02-18,2,Infusion Pump,Pediatrics,8,5,74.2,0
2026-02-18,2,Infusion Pump,Emergency,8,5,66.0,0
2026-02-18,2,Infusion Pump,Oncology,8,6,83.4,0
2026-02-18,2,Infusion Pump,ICU,8,6,82.9,0
2026-02-18,2,Infusion Pump,Cardiology,8,6,85.9,0
2026-02-18,2,Infusion Pump,General,8,6,82.9,0
2026-02-18,2,Defibrillator,Emergency,2,0,34.6,0
2026-02-18,2,Defibrillator,Pediatrics,2,1,52.8,0
2026-02-18,2,Defibrillator,Orthopedics,2,0,41.9,0
2026-02-18,2,Defibrillator,General,2,0,41.4,0
2026-02-18,2,Defibrillator,Maternity,2,0,33.5,0
2026-02-18,2,Defibrillator,Neurology,2,0,46.8,0
2026-02-18,2,Ultrasound,Pediatrics,1,0,50.4,0
2026-02-18,2,Ultrasound,Maternity,1,0,64.0,0
2026-02-18,2,Ultrasound,Emergency,1,0,55.8,0
2026-02-18,2,Ultrasound,Surgery,1,0,69.8,0
2026-02-18,2,Ultrasound,Oncology,1,0,55.7,0
2026-02-18,2,Ultrasound,Neurology,1,0,70.9,0
2026-02-18,2,Pulse Oximeter,Pediatrics,10,7,74.5,0
2026-02-18,2,Pulse Oximeter,Surgery,10,7,75.1,0
2026-02-18,2,Pulse Oximeter,Maternity,10,7,78.1,0
2026-02-19,2,Ventilator,Surgery,3,1,59.8,0
2026-02-19,2,Ventilator,General,3,2,75.3,1
2026-02-19,2,Ventilator,Neurology,3,2,77.5,0
2026-02-19,2,ECG Monitor,Neurology,5,3,70.3,0
2026-02-19,2,ECG Monitor,Pediatrics,5,3,63.5,0
2026-02-19,2,ECG Monitor,Orthopedics,5,3,77.7,0
2026-02-19,2,ECG Monitor,ICU,5,3,66.5,0
2026-02-19,2,Infusion Pump,Emergency,8,6,76.1,0
2026-02-19,2,Infusion Pump,Maternity,8,5,71.6,0
2026-02-19,2,Infusion Pump,Oncology,8,6,77.2,0
2026-02-19,2,Infusion Pump,Neurology,8,6,80.6,0
2026-02-19,2,Infusion Pump,General,8,6,78.7,1
2026-02-19,2,Defibrillator,Surgery,2,0,40.4,0
2026-02-19,2,Defibrillator,Emergency,2,0,45.3,0
2026-02-19,2,Defibrillator,Oncology,2,0,30.6,0
2026-02-19,2,Defibrillator,Pediatrics,2,0,41.7,1
2026-02-19,2,Defibrillator,Neurology,2,0,33.9,0
2026-02-19,2,Defibrillator,Orthopedics,2,1,51.0,0
2026-02-19,2,Ultrasound,Emergency,1,0,70.2,0
2026-02-19,2,Ultrasound,Oncology,1,0,55.6,0
2026-02-19,2,Ultrasound,ICU,1,0,45.2,0
2026-02-19,2,Pulse Oximeter,Orthopedics,10,7,77.8,0
2026-02-19,2,Pulse Oximeter,General,10,7,74.0,0
2026-02-19,2,Pulse Oximeter,Oncology,10,6,62.0,0
2026-02-20,2,Ventilator,Emergency,3,1,59.9,0
2026-02-20,2,Ventilator,Oncology,3,1,62.5,0
2026-02-20,2,Ventilator,Orthopedics,3,1,64.8,0
2026-02-20,2,Ventilator,Pediatrics,3,2,69.0,0
2026-02-20,2,ECG Monitor,Pediatrics,5,2,51.2,0
2026-02-20,2,ECG Monitor,General,5,2,52.8,0
2026-02-20,2,ECG Monitor,Oncology,5,2,59.9,0
2026-02-20,2,ECG Monitor,Cardiology,5,3,68.1,1
2026-02-20,2,Infusion Pump,Oncology,8,6,75.3,0
2026-02-20,2,Infusion Pump,Cardiology,8,6,76.7,0
2026-02-20,2,Infusion Pump,Neurology,8,6,75.2,0
2026-02-20,2,Infusion Pump,Pediatrics,8,6,82.9,0
2026-02-20,2,Defibrillator,Cardiology,2,0,31.1,0
2026-02-20,2,Defibrillator,Orthopedics,2,0,50.0,0
2026-02-20,2,Defibrillator,General,2,0,36.5,0
2026-02-20,2,Defibrillator,Oncology,2,0,37.2,1
2026-02-20,2,Ultrasound,Emergency,1,0,56.3,0
2026-02-20,2,Ultrasound,Surgery,1,0,60.4,0
2026-02-20,2,Ultrasound,Neurology,1,0,50.4,0
2026-02-20,2,Ultrasound,Maternity,1,0,64.6,0
2026-02-20,2,Pulse Oximeter,General,10,7,70.5,0
2026-02-20,2,Pulse Oximeter,Pediatrics,10,6,68.5,0
2026-02-20,2,Pulse Oximeter,Maternity,10,6,67.9,1
2026-02-20,2,Pulse Oximeter,Cardiology,10,7,78.1,0
2026-02-20,2,Pulse Oximeter,Emergency,10,7,79.5,1
2026-02-21,2,Ventilator,Orthopedics,3,1,63.9,0
2026-02-21,2,Ventilator,ICU,3,1,61.1,0
2026-02-21,2,Ventilator,Surgery,3,2,70.8,0
2026-02-21,2,ECG Monitor,Orthopedics,5,3,67.5,0
2026-02-21,2,ECG Monitor,Pediatrics,5,2,59.9,1
2026-02-21,2,ECG Monitor,Neurology,5,3,67.0,0
2026-02-21,2,Infusion Pump,Maternity,8,6,86.0,0
2026-02-21,2,Infusion Pump,Surgery,8,6,75.6,0
2026-02-21,2,Infusion Pump,ICU,8,7,89.6,0
2026-02-21,2,Defibrillator,Maternity,2,0,29.2,0
2026-02-21,2,Defibrillator,Emergency,2,0,43.1,0
2026-02-21,2,Defibrillator,Neurology,2,0,42.4,0
2026-02-21,2,Defibrillator,General,2,0,39.7,0
2026-02-21,2,Defibrillator,Surgery,2,0,42.3,0
2026-02-21,2,Ultrasound,Emergency,1,0,57.9,0
2026-02-21,2,Ultrasound,Orthopedics,1,0,63.1,0
2026-02-21,2,Ultrasound,Neurology,1,0,60.5,0
2026-02-21,2,Ultrasound,Oncology,1,0,50.0,0
2026-02-21,2,Ultrasound,ICU,1,0,51.0,0
2026-02-21,2,Pulse Oximeter,Surgery,10,8,80.5,0
2026-02-21,2,Pulse Oximeter,General,10,8,81.5,0
2026-02-21,2,Pulse Oximeter,Orthopedics,10,7,73.9,0
2026-02-21,2,Pulse Oximeter,Emergency,10,7,79.7,0
2026-02-21,2,Pulse Oximeter,Pediatrics,10,8,85.0,1
2026-02-22,2,Ventilator,Emergency,3,2,69.8,0
2026-02-22,2,Ventilator,Surgery,3,2,75.8,0
2026-02-22,2,Ventilator,ICU,3,2,81.6,0
2026-02-22,2,Ventilator,Orthopedics,3,2,72.9,0
2026-02-22,2,ECG Monitor,Emergency,5,2,53.6,0
2026-02-22,2,ECG Monitor,Orthopedics,5,2,54.6,0
2026-02-22,2,ECG Monitor,Oncology,5,3,72.8,0
2026-02-22,2,Infusion Pump,Cardiology,8,6,87.4,0
2026-02-22,2,Infusion Pump,Neurology,8,6,77.0,0
2026-02-22,2,Infusion Pump,Oncology,8,5,71.5,0
2026-02-22,2,Defibrillator,Oncology,2,0,39.8,0
2026-02-22,2,Defibrillator,Pediatrics,2,0,38.1,0
2026-02-22,2,Defibrillator,ICU,2,0,44.5,0
2026-02-22,2,Ultrasound,Emergency,1,0,72.8,0
2026-02-22,2,Ultrasound,Orthopedics,1,0,57.1,0
2026-02-22,2,Ultrasound,Pediatrics,1,0,59.0,0
2026-02-22,2,Ultrasound,General,1,0,43.9,0
2026-02-22,2,Ultrasound,ICU,1,0,62.1,0
2026-02-22,2,Ultrasound,Neurology,1,0,59.4,0
2026-02-22,2,Pulse Oximeter,Surgery,10,6,69.4,0
2026-02-22,2,Pulse Oximeter,Maternity,10,6,68.4,0
2026-02-22,2,Pulse Oximeter,Neurology,10,7,78.5,0
2026-02-22,2,Pulse Oximeter,Oncology,10,7,77.4,0
2026-02-22,2,Pulse Oximeter,ICU,10,7,72.5,0
2026-02-23,2,Ventilator,Oncology,3,2,71.5,0
2026-02-23,2,Ventilator,Cardiology,3,1,61.8,0
2026-02-23,2,Ventilator,Neurology,3,2,73.6,1
2026-02-23,2,ECG Monitor,Pediatrics,5,3,64.3,0
2026-02-23,2,ECG Monitor,ICU,5,3,63.1,0
2026-02-23,2,ECG Monitor,General,5,3,70.5,0
2026-02-23,2,ECG Monitor,Neurology,5,3,71.8,1
2026-02-23,2,ECG Monitor,Oncology,5,2,56.4,0
2026-02-23,2,ECG Monitor,Surgery,5,3,67.9,0
2026-02-23,2,Infusion Pump,Emergency,8,6,76.5,0
2026-02-23,2,Infusion Pump,Maternity,8,6,87.2,0
2026-02-23,2,Infusion Pump,Neurology,8,6,81.5,0
2026-02-23,2,Infusion Pump,ICU,8,6,77.3,0
2026-02-23,2,Defibrillator,Cardiology,2,0,37.2,0
2026-02-23,2,Defibrillator,Neurology,2,0,32.3,0
2026-02-23,2,Defibrillator,General,2,0,41.5,0
2026-02-23,2,Defibrillator,Surgery,2,0,43.1,0
2026-02-23,2,Defibrillator,Pediatrics,2,0,49.7,0
2026-02-23,2,Defibrillator,Orthopedics,2,0,34.5,0
2026-02-23,2,Ultrasound,Neurology,1,0,54.0,0
2026-02-23,2,Ultrasound,Emergency,1,0,54.5,0
2026-02-23,2,Ultrasound,ICU,1,0,72.5,0
2026-02-23,2,Ultrasound,Cardiology,1,0,63.2,0
2026-02-23,2,Ultrasound,General,1,0,63.6,0
2026-02-23,2,Ultrasound,Maternity,1,0,58.7,0
2026-02-23,2,Pulse Oximeter,Cardiology,10,7,73.5,0
2026-02-23,2,Pulse Oximeter,Neurology,10,6,62.8,0
2026-02-23,2,Pulse Oximeter,Emergency,10,7,78.2,0
2026-02-24,2,Ventilator,Oncology,3,1,61.9,0
2026-02-24,2,Ventilator,Orthopedics,3,1,63.6,0
2026-02-24,2,Ventilator,General,3,2,78.7,0
2026-02-24,2,Ventilator,Pediatrics,3,1,65.2,0
2026-02-24,2,ECG Monitor,Pediatrics,5,3,69.2,0
2026-02-24,2,ECG Monitor,Cardiology,5,3,70.2,0
2026-02-24,2,ECG Monitor,Neurology,5,3,78.3,0
2026-02-24,2,Infusion Pump,Surgery,8,6,83.6,0
2026-02-24,2,Infusion Pump,Maternity,8,5,74.5,0
2026-02-24,2,Infusion Pump,Emergency,8,6,85.8,0
2026-02-24,2,Defibrillator,Cardiology,2,0,47.5,0
2026-02-24,2,Defibrillator,Orthopedics,2,0,44.0,0
2026-02-24,2,Defibrillator,Maternity,2,0,39.2,0
2026-02-24,2,Defibrillator,Pediatrics,2,0,49.0,0
2026-02-24,2,Defibrillator,Neurology,2,0,36.6,0
2026-02-24,2,Defibrillator,ICU,2,0,44.4,0
2026-02-24,2,Ultrasound,ICU,1,0,59.4,0
2026-02-24,2,Ultrasound,Orthopedics,1,0,73.0,0
2026-02-24,2,Ultrasound,Surgery,1,0,54.6,0
2026-02-24,2,Ultrasound,Pediatrics,1,0,55.6,0
2026-02-24,2,Ultrasound,Oncology,1,0,57.9,0
2026-02-24,2,Ultrasound,Maternity,1,0,71.1,0
2026-02-24,2,Pulse Oximeter,Orthopedics,10,6,69.9,0
2026-02-24,2,Pulse Oximeter,Cardiology,10,6,67.9,0
2026-02-24,2,Pulse Oximeter,Maternity,10,8,83.5,0
2026-02-25,2,Ventilator,Maternity,3,1,66.3,0
2026-02-25,2,Ventilator,Surgery,3,2,69.8,0
2026-02-25,2,Ventilator,Pediatrics,3,2,88.3,1
2026-02-25,2,Ventilator,General,3,2,68.3,0
2026-02-25,2,Ventilator,Cardiology,3,1,59.2,1
2026-02-25,2,ECG Monitor,Oncology,5,3,64.6,0
2026-02-25,2,ECG Monitor,Emergency,5,2,55.5,0
2026-02-25,2,ECG Monitor,ICU,5,3,70.0,0
2026-02-25,2,ECG Monitor,Neurology,5,3,76.4,0
2026-02-25,2,ECG Monitor,Orthopedics,5,4,84.4,0
2026-02-25,2,ECG Monitor,General,5,3,67.5,0
2026-02-25,2,Infusion Pump,Surgery,8,5,65.8,1
2026-02-25,2,Infusion Pump,Emergency,8,6,75.3,0
2026-02-25,2,Infusion Pump,Cardiology,8,6,80.3,0
2026-02-25,2,Defibrillator,Maternity,2,0,27.4,0
2026-02-25,2,Defibrillator,Orthopedics,2,0,42.0,1
2026-02-25,2,Defibrillator,Cardiology,2,0,44.0,0
2026-02-25,2,Defibrillator,Pediatrics,2,0,37.6,0
2026-02-25,2,Defibrillator,Emergency,2,0,35.6,0
2026-02-25,2,Ultrasound,Surgery,1,0,63.1,0
2026-02-25,2,Ultrasound,Oncology,1,0,68.7,0
2026-02-25,2,Ultrasound,Orthopedics,1,0,62.8,0
2026-02-25,2,Ultrasound,General,1,0,56.2,0
2026-02-25,2,Pulse Oximeter,Emergency,10,6,65.7,0
2026-02-25,2,Pulse Oximeter,Oncology,10,7,72.1,0
2026-02-25,2,Pulse Oximeter,Maternity,10,6,63.4,0
2026-02-25,2,Pulse Oximeter,Cardiology,10,7,78.2,0
2026-02-25,2,Pulse Oximeter,Pediatrics,10,7,72.6,0
2026-02-26,2,Ventilator,Orthopedics,3,2,68.9,0
2026-02-26,2,Ventilator,ICU,3,2,73.5,0
2026-02-26,2,Ventilator,Pediatrics,3,2,69.8,0
2026-02-26,2,Ventilator,Neurology,3,1,66.4,0
2026-02-26,2,Ventilator,Emergency,3,2,78.3,0
2026-02-26,2,Ventilator,General,3,2,73.0,0
2026-02-26,2,ECG Monitor,Orthopedics,5,2,56.3,0
2026-02-26,2,ECG Monitor,Maternity,5,3,64.1,0
2026-02-26,2,ECG Monitor,Pediatrics,5,3,69.3,0
2026-02-26,2,Infusion Pump,ICU,8,6,83.2,0
2026-02-26,2,Infusion Pump,Orthopedics,8,6,75.6,0
2026-02-26,2,Infusion Pump,Oncology,8,5,64.3,0
2026-02-26,2,Defibrillator,Oncology,2,0,44.1,0
2026-02-26,2,Defibrillator,General,2,0,39.7,0
2026-02-26,2,Defibrillator,Maternity,2,0,49.7,1
2026-02-26,2,Defibrillator,Pediatrics,2,0,35.8,0
2026-02-26,2,Defibrillator,ICU,2,0,31.8,0
2026-02-26,2,Defibrillator,Cardiology,2,0,48.1,0
2026-02-26,2,Ultrasound,Cardiology,1,0,58.1,0
2026-02-26,2,Ultrasound,Orthopedics,1,0,59.0,0
2026-02-26,2,Ultrasound,Emergency,1,0,68.1,0
2026-02-26,2,Pulse Oximeter,Oncology,10,8,82.7,0
2026-02-26,2,Pulse Oximeter,Neurology,10,6,66.2,1
2026-02-26,2,Pulse Oximeter,Cardiology,10,8,86.1,0
2026-02-26,2,Pulse Oximeter,Orthopedics,10,6,66.0,0
2026-02-26,2,Pulse Oximeter,Emergency,10,8,82.1,0
2026-02-27,2,Ventilator,Maternity,3,2,75.9,0
2026-02-27,2,Ventilator,Neurology,3,2,84.5,0
2026-02-27,2,Ventilator,Surgery,3,1,66.7,0
2026-02-27,2,ECG Monitor,ICU,5,2,52.1,0
2026-02-27,2,ECG Monitor,Neurology,5,3,63.3,0
2026-02-27,2,ECG Monitor,Maternity,5,4,84.4,0
2026-02-27,2,ECG Monitor,Orthopedics,5,2,56.6,0
2026-02-27,2,ECG Monitor,Oncology,5,3,67.4,0
2026-02-27,2,Infusion Pump,Maternity,8,5,71.8,0
2026-02-27,2,Infusion Pump,General,8,5,72.7,0
2026-02-27,2,Infusion Pump,Pediatrics,8,6,77.9,1
2026-02-27,2,Defibrillator,Emergency,2,0,46.9,0
2026-02-27,2,Defibrillator,Oncology,2,0,37.2,0
2026-02-27,2,Defibrillator,Maternity,2,0,25.6,0
2026-02-27,2,Defibrillator,ICU,2,1,52.2,0
2026-02-27,2,Defibrillator,Cardiology,2,0,23.3,0
2026-02-27,2,Ultrasound,General,1,0,69.0,0
2026-02-27,2,Ultrasound,Orthopedics,1,0,61.0,0
2026-02-27,2,Ultrasound,Neurology,1,0,61.8,0
2026-02-27,2,Ultrasound,ICU,1,0,64.1,0
2026-02-27,2,Ultrasound,Cardiology,1,0,69.0,0
2026-02-27,2,Pulse Oximeter,Orthopedics,10,8,81.9,0
2026-02-27,2,Pulse Oximeter,Cardiology,10,6,68.3,0
2026-02-27,2,Pulse Oximeter,Neurology,10,8,85.9,0
2026-02-27,2,Pulse Oximeter,General,10,6,69.2,0
2026-02-27,2,Pulse Oximeter,Oncology,10,7,77.4,0
2026-02-27,2,Pulse Oximeter,ICU,10,6,61.9,0
2026-02-28,2,Ventilator,Orthopedics,3,2,70.4,0
2026-02-28,2,Ventilator,Emergency,3,2,80.8,0
2026-02-28,2,Ventilator,Cardiology,3,2,71.1,0
2026-02-28,2,Ventilator,Pediatrics,3,2,71.5,0
2026-02-28,2,ECG Monitor,General,5,2,53.9,0
2026-02-28,2,ECG Monitor,Maternity,5,3,62.9,0
2026-02-28,2,ECG Monitor,Surgery,5,3,65.4,0
2026-02-28,2,ECG Monitor,Oncology,5,2,59.3,0
2026-02-28,2,ECG Monitor,ICU,5,2,59.5,0
2026-02-28,2,ECG Monitor,Neurology,5,3,62.6,0
2026-02-28,2,Infusion Pump,Orthopedics,8,6,85.1,0
2026-02-28,2,Infusion Pump,Emergency,8,5,71.9,0
2026-02-28,2,Infusion Pump,Maternity,8,6,79.0,0
2026-02-28,2,Infusion Pump,Oncology,8,5,73.4,0
2026-02-28,2,Defibrillator,Maternity,2,0,40.9,0
2026-02-28,2,Defibrillator,ICU,2,0,46.6,0
2026-02-28,2,Defibrillator,Orthopedics,2,1,52.6,0
2026-02-28,2,Defibrillator,Surgery,2,0,36.3,0
2026-02-28,2,Defibrillator,Oncology,2,0,34.7,0
2026-02-28,2,Ultrasound,Orthopedics,1,0,61.4,0
2026-02-28,2,Ultrasound,General,1,0,61.6,0
2026-02-28,2,Ultrasound,Pediatrics,1,0,56.4,0
2026-02-28,2,Pulse Oximeter,Pediatrics,10,6,66.8,1
2026-02-28,2,Pulse Oximeter,General,10,7,78.8,0
2026-02-28,2,Pulse Oximeter,ICU,10,7,76.9,0
2026-02-28,2,Pulse Oximeter,Surgery,10,6,66.6,0
2026-02-28,2,Pulse Oximeter,Emergency,10,7,77.3,0
2026-02-28,2,Pulse Oximeter,Orthopedics,10,7,72.0,0
2026-03-01,3,Ventilator,ICU,3,1,61.4,0
2026-03-01,3,Ventilator,Surgery,3,2,67.3,0
2026-03-01,3,Ventilator,Cardiology,3,2,68.6,1
2026-03-01,3,Ventilator,Orthopedics,3,2,69.0,0
2026-03-01,3,ECG Monitor,Orthopedics,5,3,62.9,0
2026-03-01,3,ECG Monitor,Neurology,5,2,59.9,0
2026-03-01,3,ECG Monitor,Pediatrics,5,3,66.6,0
2026-03-01,3,ECG Monitor,Oncology,5,3,68.9,0
2026-03-01,3,ECG Monitor,ICU,5,2,53.8,0
2026-03-01,3,ECG Monitor,Surgery,5,3,69.1,0
2026-03-01,3,Infusion Pump,Orthopedics,8,6,82.2,0
2026-03-01,3,Infusion Pump,Emergency,8,6,77.9,0
2026-03-01,3,Infusion Pump,Maternity,8,6,82.7,0
2026-03-01,3,Infusion Pump,ICU,8,6,81.8,0
2026-03-01,3,Infusion Pump,Cardiology,8,6,75.8,0
2026-03-01,3,Infusion Pump,General,8,6,78.9,0
2026-03-01,3,Defibrillator,General,2,0,44.9,0
2026-03-01,3,Defibrillator,ICU,2,0,42.0,0
2026-03-01,3,Defibrillator,Orthopedics,2,0,42.1,0
2026-03-01,3,Ultrasound,Oncology,1,0,64.7,0
2026-03-01,3,Ultrasound,Surgery,1,0,52.2,0
2026-03-01,3,Ultrasound,Pediatrics,1,0,54.0,0
2026-03-01,3,Ultrasound,Cardiology,1,0,64.6,0
2026-03-01,3,Ultrasound,Emergency,1,0,62.1,0
2026-03-01,3,Pulse Oximeter,Neurology,10,8,86.3,0
2026-03-01,3,Pulse Oximeter,Maternity,10,8,82.3,0
2026-03-01,3,Pulse Oximeter,General,10,7,77.3,0
2026-03-01,3,Pulse Oximeter,Cardiology,10,8,81.4,0
2026-03-01,3,Pulse Oximeter,Pediatrics,10,6,68.9,0
2026-03-02,3,Ventilator,Maternity,3,1,60.2,0
2026-03-02,3,Ventilator,Emergency,3,2,73.6,0
2026-03-02,3,Ventilator,General,3,1,58.4,0
2026-03-02,3,ECG Monitor,Cardiology,5,3,74.1,0
2026-03-02,3,ECG Monitor,Neurology,5,3,71.7,0
2026-03-02,3,ECG Monitor,Surgery,5,2,59.6,0
2026-03-02,3,Infusion Pump,Emergency,8,5,74.4,0
2026-03-02,3,Infusion Pump,Pediatrics,8,5,73.3,0
2026-03-02,3,Infusion Pump,Neurology,8,7,87.6,0
2026-03-02,3,Defibrillator,Cardiology,2,0,39.1,0
2026-03-02,3,Defibrillator,Neurology,2,0,37.9,0
2026-03-02,3,Defibrillator,ICU,2,0,39.6,0
2026-03-02,3,Ultrasound,Oncology,1,0,60.4,0
2026-03-02,3,Ultrasound,Surgery,1,0,58.0,0
2026-03-02,3,Ultrasound,ICU,1,0,61.5,0
2026-03-02,3,Ultrasound,Emergency,1,0,58.7,0
2026-03-02,3,Pulse Oximeter,Oncology,10,7,73.0,0
2026-03-02,3,Pulse Oximeter,ICU,10,8,80.7,0
2026-03-02,3,Pulse Oximeter,Emergency,10,8,84.2,0
2026-03-02,3,Pulse Oximeter,Maternity,10,7,73.0,0
2026-03-02,3,Pulse Oximeter,Surgery,10,7,74.6,0
2026-03-02,3,Pulse Oximeter,Cardiology,10,7,77.3,0
2026-03-03,3,Ventilator,Maternity,3,2,68.5,0
2026-03-03,3,Ventilator,Oncology,3,2,74.4,0
2026-03-03,3,Ventilator,Neurology,3,2,78.8,0
2026-03-03,3,Ventilator,Cardiology,3,2,76.4,0
2026-03-03,3,ECG Monitor,Pediatrics,5,2,59.0,0
2026-03-03,3,ECG Monitor,General,5,2,58.4,0
2026-03-03,3,ECG Monitor,ICU,5,2,53.6,0
2026-03-03,3,ECG Monitor,Maternity,5,4,80.2,0
2026-03-03,3,Infusion Pump,Emergency,8,5,73.8,0
2026-03-03,3,Infusion Pump,Maternity,8,7,99.0,0
2026-03-03,3,Infusion Pump,Oncology,8,6,77.1,0
2026-03-03,3,Infusion Pump,Orthopedics,8,6,77.1,0
2026-03-03,3,Defibrillator,General,2,0,37.1,0
2026-03-03,3,Defibrillator,Orthopedics,2,0,35.1,0
2026-03-03,3,Defibrillator,Pediatrics,2,0,36.7,0
2026-03-03,3,Defibrillator,Oncology,2,0,28.7,0
2026-03-03,3,Ultrasound,Orthopedics,1,0,49.6,0
2026-03-03,3,Ultrasound,ICU,1,0,63.8,0
2026-03-03,3,Ultrasound,Surgery,1,0,52.6,0
2026-03-03,3,Ultrasound,Emergency,1,0,68.2,1
2026-03-03,3,Ultrasound,Cardiology,1,0,68.0,0
2026-03-03,3,Pulse Oximeter,Cardiology,10,8,86.8,0
2026-03-03,3,Pulse Oximeter,Surgery,10,7,75.1,0
2026-03-03,3,Pulse Oximeter,Pediatrics,10,7,72.1,0
2026-03-03,3,Pulse Oximeter,General,10,6,68.0,0
2026-03-04,3,Ventilator,Orthopedics,3,2,81.4,0
2026-03-04,3,Ventilator,Surgery,3,2,66.9,0
2026-03-04,3,Ventilator,Pediatrics,3,2,68.0,0
2026-03-04,3,Ventilator,Maternity,3,2,70.9,0
2026-03-04,3,ECG Monitor,Emergency,5,3,65.9,0
2026-03-04,3,ECG Monitor,Pediatrics,5,3,62.0,0
2026-03-04,3,ECG Monitor,ICU,5,4,83.1,0
2026-03-04,3,Infusion Pump,Oncology,8,6,86.7,0
2026-03-04,3,Infusion Pump,Orthopedics,8,5,69.9,0
2026-03-04,3,Infusion Pump,Pediatrics,8,6,79.4,0
2026-03-04,3,Defibrillator,Cardiology,2,0,39.1,0
2026-03-04,3,Defibrillator,Neurology,2,1,54.9,0
2026-03-04,3,Defibrillator,Emergency,2,0,39.7,0
2026-03-04,3,Ultrasound,General,1,0,56.7,0
2026-03-04,3,Ultrasound,Oncology,1,0,67.1,0
2026-03-04,3,Ultrasound,Pediatrics,1,0,61.4,0
2026-03-04,3,Ultrasound,Emergency,1,0,66.8,0
2026-03-04,3,Ultrasound,Orthopedics,1,0,65.4,0
2026-03-04,3,Ultrasound,Surgery,1,0,56.2,0
2026-03-04,3,Pulse Oximeter,Orthopedics,10,5,59.7,0
2026-03-04,3,Pulse Oximeter,Maternity,10,7,74.8,0
2026-03-04,3,Pulse Oximeter,Oncology,10,8,80.4,0
2026-03-05,3,Ventilator,Emergency,3,1,66.1,0
2026-03-05,3,Ventilator,Neurology,3,2,68.6,0
2026-03-05,3,Ventilator,Orthopedics,3,2,76.5,0
2026-03-05,3,ECG Monitor,Oncology,5,3,61.8,0
2026-03-05,3,ECG Monitor,Emergency,5,3,77.1,0
2026-03-05,3,ECG Monitor,Maternity,5,2,56.6,0
2026-03-05,3,ECG Monitor,ICU,5,3,68.7,0
2026-03-05,3,ECG Monitor,Orthopedics,5,3,73.0,0
2026-03-05,3,Infusion Pump,Cardiology,8,7,87.5,0
2026-03-05,3,Infusion Pump,Pediatrics,8,5,69.8,0
2026-03-05,3,Infusion Pump,Maternity,8,6,87.4,0
2026-03-05,3,Infusion Pump,Neurology,8,6,86.1,0
2026-03-05,3,Defibrillator,Emergency,2,0,45.4,0
2026-03-05,3,Defibrillator,ICU,2,0,43.5,0
2026-03-05,3,Defibrillator,Neurology,2,0,41.5,0
2026-03-05,3,Ultrasound,Pediatrics,1,0,65.2,0
2026-03-05,3,Ultrasound,Maternity,1,0,60.8,0
2026-03-05,3,Ultrasound,Emergency,1,0,70.8,0
2026-03-05,3,Ultrasound,Oncology,1,0,50.1,0
2026-03-05,3,Pulse Oximeter,Surgery,10,7,78.0,0
2026-03-05,3,Pulse Oximeter,Cardiology,10,7,78.5,0
2026-03-05,3,Pulse Oximeter,Neurology,10,7,78.3,0
2026-03-05,3,Pulse Oximeter,Orthopedics,10,7,75.6,0
2026-03-05,3,Pulse Oximeter,Emergency,10,7,73.6,0
2026-03-05,3,Pulse Oximeter,Pediatrics,10,6,64.1,0
2026-03-06,3,Ventilator,Oncology,3,2,71.9,0
2026-03-06,3,Ventilator,Emergency,3,2,70.8,0
2026-03-06,3,Ventilator,Neurology,3,2,75.7,0
2026-03-06,3,Ventilator,ICU,3,2,74.8,0
2026-03-06,3,ECG Monitor,Orthopedics,5,3,64.9,0
2026-03-06,3,ECG Monitor,Emergency,5,3,66.5,0
2026-03-06,3,ECG Monitor,Cardiology,5,3,64.0,0
2026-03-06,3,ECG Monitor,ICU,5,3,60.9,0
2026-03-06,3,ECG Monitor,Surgery,5,3,61.9,0
2026-03-06,3,Infusion Pump,Neurology,8,7,92.2,0
2026-03-06,3,Infusion Pump,Surgery,8,6,78.5,0
2026-03-06,3,Infusion Pump,Orthopedics,8,6,85.8,0
2026-03-06,3,Infusion Pump,Maternity,8,6,80.4,0
2026-03-06,3,Defibrillator,Emergency,2,0,40.5,0
2026-03-06,3,Defibrillator,ICU,2,0,39.6,0
2026-03-06,3,Defibrillator,Cardiology,2,0,29.3,0
2026-03-06,3,Defibrillator,Surgery,2,1,55.8,0
2026-03-06,3,Ultrasound,Pediatrics,1,0,58.2,0
2026-03-06,3,Ultrasound,Orthopedics,1,0,52.9,1
2026-03-06,3,Ultrasound,ICU,1,0,58.6,0
2026-03-06,3,Ultrasound,Oncology,1,0,66.5,0
2026-03-06,3,Pulse Oximeter,Surgery,10,6,64.9,0
2026-03-06,3,Pulse Oximeter,Oncology,10,5,57.8,0
2026-03-06,3,Pulse Oximeter,Cardiology,10,7,73.7,0
2026-03-06,3,Pulse Oximeter,ICU,10,6,68.7,0
2026-03-07,3,Ventilator,Cardiology,3,2,69.0,0
2026-03-07,3,Ventilator,Pediatrics,3,2,72.5,0
2026-03-07,3,Ventilator,Surgery,3,2,68.6,0
2026-03-07,3,Ventilator,Emergency,3,2,79.2,0
2026-03-07,3,Ventilator,ICU,3,1,55.8,0
2026-03-07,3,Ventilator,Neurology,3,2,79.3,0
2026-03-07,3,ECG Monitor,ICU,5,3,62.1,0
2026-03-07,3,ECG Monitor,Oncology,5,2,50.9,1
2026-03-07,3,ECG Monitor,Orthopedics,5,3,73.8,0
2026-03-07,3,Infusion Pump,Maternity,8,5,71.0,0
2026-03-07,3,Infusion Pump,Surgery,8,7,89.9,0
2026-03-07,3,Infusion Pump,Emergency,8,5,69.1,0
2026-03-07,3,Infusion Pump,ICU,8,7,90.6,0
2026-03-07,3,Infusion Pump,Cardiology,8,6,76.3,0
2026-03-07,3,Defibrillator,General,2,0,30.0,0
2026-03-07,3,Defibrillator,Orthopedics,2,0,36.3,0
2026-03-07,3,Defibrillator,ICU,2,0,37.8,0
2026-03-07,3,Defibrillator,Pediatrics,2,0,41.5,0
2026-03-07,3,Ultrasound,Emergency,1,0,56.0,0
2026-03-07,3,Ultrasound,Neurology,1,0,67.8,0
2026-03-07,3,Ultrasound,Orthopedics,1,0,58.0,0
2026-03-07,3,Ultrasound,Cardiology,1,0,60.1,0
2026-03-07,3,Ultrasound,Surgery,1,0,56.0,0
2026-03-07,3,Ultrasound,Oncology,1,0,58.0,1
2026-03-07,3,Pulse Oximeter,Neurology,10,7,71.2,1
2026-03-07,3,Pulse Oximeter,General,10,7,71.7,0
2026-03-07,3,Pulse Oximeter,Orthopedics,10,8,84.9,0
2026-03-07,3,Pulse Oximeter,Maternity,10,8,84.8,0
2026-03-07,3,Pulse Oximeter,Cardiology,10,7,75.6,0
2026-03-07,3,Pulse Oximeter,Emergency,10,7,70.6,0
2026-03-08,3,Ventilator,General,3,1,63.3,0
2026-03-08,3,Ventilator,Maternity,3,2,70.9,0
2026-03-08,3,Ventilator,Emergency,3,2,69.9,0
2026-03-08,3,Ventilator,Cardiology,3,2,84.1,0
2026-03-08,3,Ventilator,Orthopedics,3,2,75.7,0
2026-03-08,3,ECG Monitor,Surgery,5,3,73.5,0
2026-03-08,3,ECG Monitor,Maternity,5,3,66.8,0
2026-03-08,3,ECG Monitor,Cardiology,5,4,81.2,0
2026-03-08,3,Infusion Pump,Cardiology,8,6,83.7,0
2026-03-08,3,Infusion Pump,Orthopedics,8,4,62.1,0
2026-03-08,3,Infusion Pump,ICU,8,6,80.7,0
2026-03-08,3,Defibrillator,Maternity,2,0,44.0,0
2026-03-08,3,Defibrillator,Neurology,2,0,34.6,0
2026-03-08,3,Defibrillator,Pediatrics,2,0,39.7,0
2026-03-08,3,Defibrillator,Surgery,2,0,44.2,0
2026-03-08,3,Defibrillator,ICU,2,0,45.7,0
2026-03-08,3,Defibrillator,Emergency,2,0,40.1,0
2026-03-08,3,Ultrasound,ICU,1,0,62.7,0
2026-03-08,3,Ultrasound,Orthopedics,1,0,56.8,0
2026-03-08,3,Ultrasound,Pediatrics,1,0,65.4,0
2026-03-08,3,Ultrasound,Cardiology,1,0,51.0,0
2026-03-08,3,Ultrasound,Maternity,1,0,73.2,0
2026-03-08,3,Pulse Oximeter,General,10,7,71.4,0
2026-03-08,3,Pulse Oximeter,Emergency,10,7,76.6,0
2026-03-08,3,Pulse Oximeter,Pediatrics,10,7,77.3,0
2026-03-08,3,Pulse Oximeter,Orthopedics,10,7,75.2,0
2026-03-08,3,Pulse Oximeter,Cardiology,10,8,83.1,0
2026-03-09,3,Ventilator,Neurology,3,1,63.1,0
2026-03-09,3,Ventilator,Surgery,3,1,65.8,0
2026-03-09,3,Ventilator,ICU,3,2,83.9,0
2026-03-09,3,Ventilator,Oncology,3,2,70.6,0
2026-03-09,3,Ventilator,Orthopedics,3,2,67.6,0
2026-03-09,3,Ventilator,Pediatrics,3,2,77.7,0
2026-03-09,3,ECG Monitor,Neurology,5,2,48.0,0
2026-03-09,3,ECG Monitor,Maternity,5,3,62.2,0
2026-03-09,3,ECG Monitor,ICU,5,3,74.7,0
2026-03-09,3,ECG Monitor,Oncology,5,3,64.6,0
2026-03-09,3,Infusion Pump,Pediatrics,8,5,63.0,0
2026-03-09,3,Infusion Pump,General,8,5,75.0,0
2026-03-09,3,Infusion Pump,Emergency,8,7,92.2,0
2026-03-09,3,Defibrillator,Surgery,2,0,26.9,0
2026-03-09,3,Defibrillator,Emergency,2,0,39.9,0
2026-03-09,3,Defibrillator,Neurology,2,0,35.1,0
2026-03-09,3,Defibrillator,ICU,2,0,47.4,0
2026-03-09,3,Defibrillator,Pediatrics,2,0,34.9,0
2026-03-09,3,Defibrillator,Maternity,2,0,41.1,0
2026-03-09,3,Ultrasound,ICU,1,0,52.8,0
2026-03-09,3,Ultrasound,Orthopedics,1,0,72.8,0
2026-03-09,3,Ultrasound,Neurology,1,0,56.7,0
2026-03-09,3,Ultrasound,Surgery,1,0,71.0,1
2026-03-09,3,Ultrasound,Oncology,1,0,62.7,0
2026-03-09,3,Ultrasound,Emergency,1,0,53.9,1
2026-03-09,3,Pulse Oximeter,Orthopedics,10,8,81.1,0
2026-03-09,3,Pulse Oximeter,Pediatrics,10,7,73.1,0
2026-03-09,3,Pulse Oximeter,General,10,7,76.5,0
2026-03-09,3,Pulse Oximeter,Emergency,10,7,70.3,0
2026-03-09,3,Pulse Oximeter,Oncology,10,6,63.6,0
2026-03-10,3,Ventilator,ICU,3,2,74.0,0
2026-03-10,3,Ventilator,Surgery,3,2,78.3,0
2026-03-10,3,Ventilator,Cardiology,3,2,70.4,0
2026-03-10,3,Ventilator,Pediatrics,3,2,76.5,0
2026-03-10,3,Ventilator,Maternity,3,2,70.4,0
2026-03-10,3,Ventilator,Orthopedics,3,1,64.0,0
2026-03-10,3,ECG Monitor,Cardiology,5,3,65.5,0
2026-03-10,3,ECG Monitor,General,5,2,59.6,0
2026-03-10,3,ECG Monitor,Oncology,5,2,56.1,0
2026-03-10,3,ECG Monitor,Pediatrics,5,2,59.8,0
2026-03-10,3,Infusion Pump,General,8,5,74.1,0
2026-03-10,3,Infusion Pump,Maternity,8,6,84.4,0
2026-03-10,3,Infusion Pump,Oncology,8,6,78.7,0
2026-03-10,3,Infusion Pump,Surgery,8,5,71.0,0
2026-03-10,3,Infusion Pump,Cardiology,8,6,76.2,0
2026-03-10,3,Infusion Pump,Emergency,8,6,84.2,0
2026-03-10,3,Defibrillator,Orthopedics,2,0,27.3,0
2026-03-10,3,Defibrillator,ICU,2,0,34.5,1
2026-03-10,3,Defibrillator,Emergency,2,0,36.5,1
2026-03-10,3,Defibrillator,Surgery,2,0,42.5,0
2026-03-10,3,Defibrillator,General,2,0,36.7,0
2026-03-10,3,Ultrasound,General,1,0,58.7,0
2026-03-10,3,Ultrasound,Surgery,1,0,41.4,0
2026-03-10,3,Ultrasound,ICU,1,0,59.0,0
2026-03-10,3,Ultrasound,Pediatrics,1,0,53.6,0
2026-03-10,3,Pulse Oximeter,ICU,10,7,70.2,0
2026-03-10,3,Pulse Oximeter,Maternity,10,5,59.4,0
2026-03-10,3,Pulse Oximeter,Oncology,10,7,74.4,0
2026-03-11,3,Ventilator,ICU,3,1,63.1,0
2026-03-11,3,Ventilator,Emergency,3,1,66.1,0
2026-03-11,3,Ventilator,Cardiology,3,2,70.1,0
2026-03-11,3,Ventilator,Neurology,3,2,71.6,0
2026-03-11,3,Ventilator,Surgery,3,2,74.9,0
2026-03-11,3,ECG Monitor,Maternity,5,3,73.4,1
2026-03-11,3,ECG Monitor,Cardiology,5,3,62.4,0
2026-03-11,3,ECG Monitor,ICU,5,3,73.7,0
2026-03-11,3,Infusion Pump,General,8,6,75.4,0
2026-03-11,3,Infusion Pump,Emergency,8,6,82.8,0
2026-03-11,3,Infusion Pump,Oncology,8,6,80.1,0
2026-03-11,3,Defibrillator,Pediatrics,2,0,47.0,0
2026-03-11,3,Defibrillator,Emergency,2,0,34.7,0
2026-03-11,3,Defibrillator,General,2,0,39.4,0
2026-03-11,3,Ultrasound,Maternity,1,0,69.5,0
2026-03-11,3,Ultrasound,Oncology,1,0,54.7,0
2026-03-11,3,Ultrasound,ICU,1,0,58.5,0
2026-03-11,3,Ultrasound,Orthopedics,1,0,62.0,0
2026-03-11,3,Pulse Oximeter,General,10,6,63.7,0
2026-03-11,3,Pulse Oximeter,Emergency,10,6,65.0,1
2026-03-11,3,Pulse Oximeter,Maternity,10,8,87.4,0
2026-03-11,3,Pulse Oximeter,Surgery,10,7,72.2,0
2026-03-11,3,Pulse Oximeter,ICU,10,8,83.3,1
2026-03-12,3,Ventilator,ICU,3,2,69.2,0
2026-03-12,3,Ventilator,Pediatrics,3,2,77.7,0
2026-03-12,3,Ventilator,Orthopedics,3,2,76.5,0
2026-03-12,3,Ventilator,General,3,2,71.5,0
2026-03-12,3,Ventilator,Surgery,3,2,70.5,0
2026-03-12,3,ECG Monitor,ICU,5,3,62.5,0
2026-03-12,3,ECG Monitor,Surgery,5,3,68.9,0
2026-03-12,3,ECG Monitor,General,5,2,57.2,0
2026-03-12,3,ECG Monitor,Maternity,5,2,55.5,0
2026-03-12,3,Infusion Pump,Orthopedics,8,6,76.9,0
2026-03-12,3,Infusion Pump,Maternity,8,5,73.9,0
2026-03-12,3,Infusion Pump,General,8,5,67.6,0
2026-03-12,3,Defibrillator,Maternity,2,0,39.3,0
2026-03-12,3,Defibrillator,Surgery,2,0,35.8,0
2026-03-12,3,Defibrillator,Orthopedics,2,0,37.4,0
2026-03-12,3,Defibrillator,Oncology,2,0,45.1,0
2026-03-12,3,Ultrasound,Pediatrics,1,0,54.8,0
2026-03-12,3,Ultrasound,ICU,1,0,51.4,0
2026-03-12,3,Ultrasound,Cardiology,1,0,46.9,0
2026-03-12,3,Ultrasound,Oncology,1,0,59.0,0
2026-03-12,3,Ultrasound,Maternity,1,0,50.3,0
2026-03-12,3,Ultrasound,General,1,0,50.6,0
2026-03-12,3,Pulse Oximeter,Neurology,10,7,70.4,1
2026-03-12,3,Pulse Oximeter,Maternity,10,6,69.1,0
2026-03-12,3,Pulse Oximeter,Oncology,10,6,68.0,0
2026-03-12,3,Pulse Oximeter,ICU,10,7,77.1,0
2026-03-12,3,Pulse Oximeter,Surgery,10,7,74.7,0
2026-03-12,3,Pulse Oximeter,General,10,7,71.3,0
2026-03-13,3,Ventilator,Maternity,3,2,69.3,0
2026-03-13,3,Ventilator,Cardiology,3,2,75.0,0
2026-03-13,3,Ventilator,Oncology,3,2,67.4,0
2026-03-13,3,Ventilator,Surgery,3,2,86.2,0
2026-03-13,3,ECG Monitor,Oncology,5,3,61.2,0
2026-03-13,3,ECG Monitor,Pediatrics,5,2,59.7,0
2026-03-13,3,ECG Monitor,Maternity,5,2,54.8,0
2026-03-13,3,ECG Monitor,Emergency,5,2,58.2,0
2026-03-13,3,ECG Monitor,Orthopedics,5,3,70.7,0
2026-03-13,3,Infusion Pump,General,8,6,76.0,0
2026-03-13,3,Infusion Pump,Pediatrics,8,6,83.3,0
2026-03-13,3,Infusion Pump,Emergency,8,6,85.6,0
2026-03-13,3,Defibrillator,Orthopedics,2,0,33.7,0
2026-03-13,3,Defibrillator,General,2,0,33.4,0
2026-03-13,3,Defibrillator,Oncology,2,0,48.7,0
2026-03-13,3,Defibrillator,Surgery,2,0,47.7,0
2026-03-13,3,Defibrillator,Emergency,2,0,33.9,0
2026-03-13,3,Defibrillator,Pediatrics,2,0,30.0,0
2026-03-13,3,Ultrasound,Surgery,1,0,60.3,0
2026-03-13,3,Ultrasound,Cardiology,1,0,60.2,0
2026-03-13,3,Ultrasound,Orthopedics,1,0,76.7,0
2026-03-13,3,Ultrasound,ICU,1,0,68.5,0
2026-03-13,3,Ultrasound,General,1,0,55.6,0
2026-03-13,3,Ultrasound,Pediatrics,1,0,57.8,0
2026-03-13,3,Pulse Oximeter,Emergency,10,8,80.5,0
2026-03-13,3,Pulse Oximeter,General,10,8,85.7,0
2026-03-13,3,Pulse Oximeter,Neurology,10,5,57.5,0
2026-03-14,3,Ventilator,General,3,2,76.8,0
2026-03-14,3,Ventilator,ICU,3,1,59.2,0
2026-03-14,3,Ventilator,Surgery,3,1,64.7,0
2026-03-14,3,Ventilator,Emergency,3,1,60.0,0
2026-03-14,3,Ventilator,Cardiology,3,2,66.7,0
2026-03-14,3,Ventilator,Oncology,3,1,65.1,0
2026-03-14,3,ECG Monitor,ICU,5,2,57.8,0
2026-03-14,3,ECG Monitor,Orthopedics,5,2,56.8,0
2026-03-14,3,ECG Monitor,Emergency,5,3,66.0,1
2026-03-14,3,Infusion Pump,ICU,8,6,83.1,0
2026-03-14,3,Infusion Pump,Emergency,8,6,82.9,0
2026-03-14,3,Infusion Pump,Orthopedics,8,6,82.6,0
2026-03-14,3,Infusion Pump,Pediatrics,8,6,81.9,0
2026-03-14,3,Defibrillator,Maternity,2,0,45.5,0
2026-03-14,3,Defibrillator,Cardiology,2,0,37.4,0
2026-03-14,3,Defibrillator,Emergency,2,0,38.6,0
2026-03-14,3,Defibrillator,Oncology,2,0,33.8,0
2026-03-14,3,Defibrillator,ICU,2,0,34.0,0
2026-03-14,3,Defibrillator,Neurology,2,0,23.2,0
2026-03-14,3,Ultrasound,Pediatrics,1,0,69.9,0
2026-03-14,3,Ultrasound,Neurology,1,0,60.8,0
2026-03-14,3,Ultrasound,Oncology,1,0,54.9,0
2026-03-14,3,Pulse Oximeter,General,10,7,74.4,0
2026-03-14,3,Pulse Oximeter,ICU,10,7,73.4,0
2026-03-14,3,Pulse Oximeter,Orthopedics,10,5,51.5,0
2026-03-15,3,Ventilator,Emergency,3,2,68.2,0
2026-03-15,3,Ventilator,ICU,3,2,67.5,0
2026-03-15,3,Ventilator,Surgery,3,1,63.6,0
2026-03-15,3,ECG Monitor,Cardiology,5,2,56.2,0
2026-03-15,3,ECG Monitor,Orthopedics,5,3,79.0,0
2026-03-15,3,ECG Monitor,Neurology,5,2,57.5,0
2026-03-15,3,Infusion Pump,General,8,6,76.8,0
2026-03-15,3,Infusion Pump,Maternity,8,6,75.4,0
2026-03-15,3,Infusion Pump,Oncology,8,6,82.1,0
2026-03-15,3,Infusion Pump,Orthopedics,8,6,78.7,0
2026-03-15,3,Infusion Pump,Neurology,8,7,90.6,0
2026-03-15,3,Defibrillator,Cardiology,2,0,37.1,0
2026-03-15,3,Defibrillator,Oncology,2,0,33.5,0
2026-03-15,3,Defibrillator,ICU,2,0,33.3,0
2026-03-15,3,Defibrillator,Neurology,2,1,51.1,0
2026-03-15,3,Ultrasound,Emergency,1,0,52.6,0
2026-03-15,3,Ultrasound,Cardiology,1,0,71.3,0
2026-03-15,3,Ultrasound,Pediatrics,1,0,47.4,1
2026-03-15,3,Ultrasound,General,1,0,51.3,0
2026-03-15,3,Ultrasound,Neurology,1,0,64.9,0
2026-03-15,3,Ultrasound,Oncology,1,0,52.5,0
2026-03-15,3,Pulse Oximeter,Maternity,10,8,80.6,0
2026-03-15,3,Pulse Oximeter,Cardiology,10,7,75.0,0
2026-03-15,3,Pulse Oximeter,General,10,8,81.0,0
2026-03-15,3,Pulse Oximeter,Oncology,10,8,80.2,0
2026-03-15,3,Pulse Oximeter,Neurology,10,7,71.9,0
2026-03-15,3,Pulse Oximeter,ICU,10,6,67.4,0
2026-03-16,3,Ventilator,Pediatrics,3,2,71.1,0
2026-03-16,3,Ventilator,Maternity,3,2,74.5,0
2026-03-16,3,Ventilator,Neurology,3,2,82.6,0
2026-03-16,3,Ventilator,Orthopedics,3,2,68.4,0
2026-03-16,3,Ventilator,Emergency,3,2,72.9,0
2026-03-16,3,Ventilator,Surgery,3,2,76.4,0
2026-03-16,3,ECG Monitor,Neurology,5,2,52.8,0
2026-03-16,3,ECG Monitor,Pediatrics,5,3,73.3,0
2026-03-16,3,ECG Monitor,Cardiology,5,2,57.9,0
2026-03-16,3,ECG Monitor,Maternity,5,2,54.3,0
2026-03-16,3,ECG Monitor,Oncology,5,2,59.5,0
2026-03-16,3,ECG Monitor,Emergency,5,3,78.4,0
2026-03-16,3,Infusion Pump,Oncology,8,6,85.0,0
2026-03-16,3,Infusion Pump,Pediatrics,8,5,74.3,1
2026-03-16,3,Infusion Pump,Neurology,8,6,75.6,0
2026-03-16,3,Defibrillator,Surgery,2,0,48.7,0
2026-03-16,3,Defibrillator,Pediatrics,2,0,49.6,0
2026-03-16,3,Defibrillator,Neurology,2,0,40.1,0
2026-03-16,3,Defibrillator,Orthopedics,2,0,44.2,0
2026-03-16,3,Ultrasound,General,1,0,61.0,1
2026-03-16,3,Ultrasound,Emergency,1,0,55.7,0
2026-03-16,3,Ultrasound,Surgery,1,0,55.8,0
2026-03-16,3,Ultrasound,Pediatrics,1,0,54.4,1
2026-03-16,3,Ultrasound,Cardiology,1,0,72.5,0
2026-03-16,3,Pulse Oximeter,Oncology,10,6,69.0,0
2026-03-16,3,Pulse Oximeter,Surgery,10,7,78.3,0
2026-03-16,3,Pulse Oximeter,Cardiology,10,6,66.5,0
2026-03-16,3,Pulse Oximeter,ICU,10,7,74.4,0
2026-03-17,3,Ventilator,Orthopedics,3,2,81.3,0
2026-03-17,3,Ventilator,Cardiology,3,2,74.6,0
2026-03-17,3,Ventilator,Neurology,3,2,73.2,0
2026-03-17,3,Ventilator,ICU,3,2,78.6,0
2026-03-17,3,ECG Monitor,Cardiology,5,3,67.1,0
2026-03-17,3,ECG Monitor,Orthopedics,5,3,67.2,0
2026-03-17,3,ECG Monitor,Oncology,5,3,61.6,0
2026-03-17,3,ECG Monitor,Neurology,5,2,56.7,0
2026-03-17,3,ECG Monitor,Pediatrics,5,3,65.4,0
2026-03-17,3,ECG Monitor,Emergency,5,3,67.7,0
2026-03-17,3,Infusion Pump,Maternity,8,6,85.7,0
2026-03-17,3,Infusion Pump,Cardiology,8,6,85.8,0
2026-03-17,3,Infusion Pump,General,8,6,82.3,0
2026-03-17,3,Infusion Pump,Surgery,8,7,90.2,0
2026-03-17,3,Infusion Pump,Neurology,8,6,76.2,0
2026-03-17,3,Defibrillator,Neurology,2,0,33.7,0
2026-03-17,3,Defibrillator,General,2,0,17.5,0
2026-03-17,3,Defibrillator,Emergency,2,0,34.0,0
2026-03-17,3,Defibrillator,Orthopedics,2,0,35.4,0
2026-03-17,3,Defibrillator,Surgery,2,0,46.8,0
2026-03-17,3,Defibrillator,ICU,2,0,35.3,0
2026-03-17,3,Ultrasound,ICU,1,0,61.4,0
2026-03-17,3,Ultrasound,General,1,0,56.6,0
2026-03-17,3,Ultrasound,Pediatrics,1,0,50.8,0
2026-03-17,3,Ultrasound,Oncology,1,0,64.8,0
2026-03-17,3,Ultrasound,Maternity,1,0,55.5,0
2026-03-17,3,Ultrasound,Neurology,1,0,53.5,0
2026-03-17,3,Pulse Oximeter,Orthopedics,10,7,70.7,0
2026-03-17,3,Pulse Oximeter,Emergency,10,7,77.9,0
2026-03-17,3,Pulse Oximeter,Neurology,10,6,61.4,0
2026-03-17,3,Pulse Oximeter,Pediatrics,10,6,67.3,0
2026-03-17,3,Pulse Oximeter,ICU,10,7,74.6,0
2026-03-17,3,Pulse Oximeter,Oncology,10,6,60.5,0
2026-03-18,3,Ventilator,Surgery,3,2,68.9,0
2026-03-18,3,Ventilator,Pediatrics,3,2,72.4,0
2026-03-18,3,Ventilator,General,3,1,65.7,0
2026-03-18,3,Ventilator,Cardiology,3,1,66.2,0
2026-03-18,3,Ventilator,Emergency,3,1,65.2,0
2026-03-18,3,Ventilator,Oncology,3,1,66.6,0
2026-03-18,3,ECG Monitor,Orthopedics,5,2,59.7,0
2026-03-18,3,ECG Monitor,General,5,3,61.0,0
2026-03-18,3,ECG Monitor,Neurology,5,2,57.2,0
2026-03-18,3,Infusion Pump,Surgery,8,6,86.9,1
2026-03-18,3,Infusion Pump,Orthopedics,8,6,85.3,0
2026-03-18,3,Infusion Pump,Oncology,8,4,62.1,0
2026-03-18,3,Infusion Pump,Maternity,8,5,69.4,0
2026-03-18,3,Infusion Pump,Neurology,8,5,72.4,0
2026-03-18,3,Defibrillator,Orthopedics,2,0,47.3,0
2026-03-18,3,Defibrillator,Pediatrics,2,0,47.3,1
2026-03-18,3,Defibrillator,ICU,2,0,34.7,0
2026-03-18,3,Defibrillator,Emergency,2,0,38.9,0
2026-03-18,3,Defibrillator,Maternity,2,0,31.1,0
2026-03-18,3,Ultrasound,Emergency,1,0,60.6,0
2026-03-18,3,Ultrasound,General,1,0,69.6,0
2026-03-18,3,Ultrasound,Orthopedics,1,0,71.4,0
2026-03-18,3,Ultrasound,ICU,1,0,58.9,0
2026-03-18,3,Ultrasound,Maternity,1,0,58.3,0
2026-03-18,3,Ultrasound,Neurology,1,0,61.2,1
2026-03-18,3,Pulse Oximeter,General,10,7,72.1,0
2026-03-18,3,Pulse Oximeter,Emergency,10,7,74.2,0
2026-03-18,3,Pulse Oximeter,Maternity,10,8,82.6,0
2026-03-18,3,Pulse Oximeter,Surgery,10,7,78.6,0
2026-03-18,3,Pulse Oximeter,ICU,10,8,83.8,0
2026-03-18,3,Pulse Oximeter,Cardiology,10,6,66.8,0
2026-03-19,3,Ventilator,Oncology,3,1,49.6,0
2026-03-19,3,Ventilator,Cardiology,3,1,57.7,0
2026-03-19,3,Ventilator,Emergency,3,1,65.4,0
2026-03-19,3,Ventilator,Pediatrics,3,2,72.6,0
2026-03-19,3,Ventilator,Neurology,3,1,66.2,0
2026-03-19,3,ECG Monitor,Cardiology,5,2,57.0,0
2026-03-19,3,ECG Monitor,Orthopedics,5,3,61.7,0
2026-03-19,3,ECG Monitor,Neurology,5,3,64.8,0
2026-03-19,3,ECG Monitor,Pediatrics,5,2,59.0,0
2026-03-19,3,ECG Monitor,Maternity,5,3,64.7,0
2026-03-19,3,ECG Monitor,General,5,3,60.9,0
2026-03-19,3,Infusion Pump,General,8,6,80.9,1
2026-03-19,3,Infusion Pump,Neurology,8,6,82.0,0
2026-03-19,3,Infusion Pump,Maternity,8,6,75.4,1
2026-03-19,3,Infusion Pump,Pediatrics,8,6,80.6,0
2026-03-19,3,Infusion Pump,Cardiology,8,5,74.8,0
2026-03-19,3,Infusion Pump,Oncology,8,6,81.3,0
2026-03-19,3,Defibrillator,Neurology,2,0,43.5,0
2026-03-19,3,Defibrillator,Cardiology,2,0,34.0,0
2026-03-19,3,Defibrillator,Orthopedics,2,0,38.5,0
2026-03-19,3,Defibrillator,Surgery,2,0,37.3,0
2026-03-19,3,Ultrasound,Surgery,1,0,49.1,0
2026-03-19,3,Ultrasound,Oncology,1,0,56.4,0
2026-03-19,3,Ultrasound,Neurology,1,0,56.5,0
2026-03-19,3,Ultrasound,General,1,0,61.1,0
2026-03-19,3,Ultrasound,ICU,1,0,59.5,0
2026-03-19,3,Ultrasound,Emergency,1,0,56.7,0
2026-03-19,3,Pulse Oximeter,General,10,8,82.0,0
2026-03-19,3,Pulse Oximeter,Emergency,10,7,77.8,0
2026-03-19,3,Pulse Oximeter,Cardiology,10,7,74.1,0
2026-03-20,3,Ventilator,Surgery,3,2,80.9,0
2026-03-20,3,Ventilator,General,3,2,74.9,0
2026-03-20,3,Ventilator,ICU,3,2,78.8,0
2026-03-20,3,Ventilator,Pediatrics,3,2,74.0,0
2026-03-20,3,ECG Monitor,Oncology,5,2,56.1,0
2026-03-20,3,ECG Monitor,Orthopedics,5,3,64.6,0
2026-03-20,3,ECG Monitor,General,5,3,60.2,0
2026-03-20,3,Infusion Pump,Surgery,8,6,83.5,0
2026-03-20,3,Infusion Pump,Pediatrics,8,5,72.2,0
2026-03-20,3,Infusion Pump,ICU,8,6,78.1,0
2026-03-20,3,Infusion Pump,Neurology,8,6,79.8,0
2026-03-20,3,Infusion Pump,Maternity,8,6,75.6,0
2026-03-20,3,Infusion Pump,Cardiology,8,5,72.9,0
2026-03-20,3,Defibrillator,Neurology,2,0,43.6,0
2026-03-20,3,Defibrillator,General,2,0,38.8,1
2026-03-20,3,Defibrillator,Surgery,2,0,41.2,0
2026-03-20,3,Ultrasound,Oncology,1,0,53.1,0
2026-03-20,3,Ultrasound,Pediatrics,1,0,51.4,0
2026-03-20,3,Ultrasound,Cardiology,1,0,56.4,0
2026-03-20,3,Pulse Oximeter,General,10,7,76.8,0
2026-03-20,3,Pulse Oximeter,ICU,10,7,79.9,0
2026-03-20,3,Pulse Oximeter,Pediatrics,10,7,72.2,0
2026-03-20,3,Pulse Oximeter,Surgery,10,7,71.7,0
2026-03-20,3,Pulse Oximeter,Cardiology,10,8,85.4,0
2026-03-20,3,Pulse Oximeter,Neurology,10,7,79.9,0
2026-03-21,3,Ventilator,Oncology,3,2,73.1,0
2026-03-21,3,Ventilator,Orthopedics,3,1,65.2,0
2026-03-21,3,Ventilator,General,3,1,64.5,0
2026-03-21,3,Ventilator,ICU,3,2,71.9,1
2026-03-21,3,ECG Monitor,Pediatrics,5,3,62.1,0
2026-03-21,3,ECG Monitor,Maternity,5,3,65.9,0
2026-03-21,3,ECG Monitor,Neurology,5,2,58.7,0
2026-03-21,3,ECG Monitor,Orthopedics,5,3,67.5,0
2026-03-21,3,ECG Monitor,Emergency,5,3,67.9,0
2026-03-21,3,ECG Monitor,Cardiology,5,3,63.8,0
2026-03-21,3,Infusion Pump,General,8,6,82.6,0
2026-03-21,3,Infusion Pump,Neurology,8,6,81.0,0
2026-03-21,3,Infusion Pump,Oncology,8,6,82.6,0
2026-03-21,3,Infusion Pump,Orthopedics,8,5,71.2,1
2026-03-21,3,Infusion Pump,Maternity,8,5,73.6,0
2026-03-21,3,Infusion Pump,Cardiology,8,6,83.6,0
2026-03-21,3,Defibrillator,Cardiology,2,0,45.3,0
2026-03-21,3,Defibrillator,General,2,0,44.5,0
2026-03-21,3,Defibrillator,Emergency,2,0,33.3,1
2026-03-21,3,Ultrasound,Surgery,1,0,68.9,0
2026-03-21,3,Ultrasound,Orthopedics,1,0,68.9,0
2026-03-21,3,Ultrasound,General,1,0,58.7,0
2026-03-21,3,Ultrasound,Cardiology,1,0,63.8,0
2026-03-21,3,Pulse Oximeter,Cardiology,10,7,79.6,1
2026-03-21,3,Pulse Oximeter,Emergency,10,7,77.9,0
2026-03-21,3,Pulse Oximeter,Neurology,10,7,76.8,0
2026-03-21,3,Pulse Oximeter,Surgery,10,7,79.0,0
2026-03-21,3,Pulse Oximeter,ICU,10,6,66.3,0
2026-03-21,3,Pulse Oximeter,Orthopedics,10,8,88.4,0
2026-03-22,3,Ventilator,Maternity,3,1,60.3,0
2026-03-22,3,Ventilator,Neurology,3,2,67.5,0
2026-03-22,3,Ventilator,ICU,3,1,63.6,0
2026-03-22,3,ECG Monitor,Maternity,5,2,60.0,0
2026-03-22,3,ECG Monitor,Neurology,5,3,61.8,0
2026-03-22,3,ECG Monitor,Emergency,5,3,64.7,0
2026-03-22,3,ECG Monitor,Orthopedics,5,4,82.1,0
2026-03-22,3,ECG Monitor,Surgery,5,2,54.0,1
2026-03-22,3,Infusion Pump,Oncology,8,6,84.3,0
2026-03-22,3,Infusion Pump,Cardiology,8,6,78.2,0
2026-03-22,3,Infusion Pump,General,8,5,72.3,0
2026-03-22,3,Infusion Pump,Maternity,8,6,80.8,0
2026-03-22,3,Infusion Pump,Pediatrics,8,6,83.4,0
2026-03-22,3,Defibrillator,Oncology,2,0,40.5,0
2026-03-22,3,Defibrillator,Maternity,2,0,40.0,0
2026-03-22,3,Defibrillator,Pediatrics,2,0,45.4,0
2026-03-22,3,Ultrasound,Emergency,1,0,57.5,0
2026-03-22,3,Ultrasound,Maternity,1,0,55.8,0
2026-03-22,3,Ultrasound,Pediatrics,1,0,59.1,0
2026-03-22,3,Ultrasound,Surgery,1,0,53.7,0
2026-03-22,3,Pulse Oximeter,Maternity,10,7,70.5,0
2026-03-22,3,Pulse Oximeter,Emergency,10,7,78.3,0
2026-03-22,3,Pulse Oximeter,Surgery,10,8,80.5,0
2026-03-22,3,Pulse Oximeter,Orthopedics,10,7,70.9,0
2026-03-23,3,Ventilator,Oncology,3,2,71.0,1
2026-03-23,3,Ventilator,Surgery,3,2,86.1,0
2026-03-23,3,Ventilator,Orthopedics,3,2,74.0,0
2026-03-23,3,Ventilator,Pediatrics,3,2,71.6,0
2026-03-23,3,Ventilator,Maternity,3,2,77.5,0
2026-03-23,3,ECG Monitor,Cardiology,5,2,57.2,0
2026-03-23,3,ECG Monitor,Oncology,5,2,48.3,0
2026-03-23,3,ECG Monitor,General,5,3,69.7,0
2026-03-23,3,ECG Monitor,Surgery,5,3,67.2,0
2026-03-23,3,ECG Monitor,Neurology,5,3,69.6,0
2026-03-23,3,Infusion Pump,Surgery,8,5,72.5,0
2026-03-23,3,Infusion Pump,General,8,5,70.6,0
2026-03-23,3,Infusion Pump,Pediatrics,8,6,79.3,0
2026-03-23,3,Infusion Pump,ICU,8,6,77.3,0
2026-03-23,3,Infusion Pump,Neurology,8,7,89.8,0
2026-03-23,3,Infusion Pump,Maternity,8,7,95.7,0
2026-03-23,3,Defibrillator,Emergency,2,0,41.6,1
2026-03-23,3,Defibrillator,Pediatrics,2,0,43.1,0
2026-03-23,3,Defibrillator,ICU,2,0,39.7,0
2026-03-23,3,Defibrillator,Neurology,2,1,61.7,0
2026-03-23,3,Ultrasound,Cardiology,1,0,63.6,0
2026-03-23,3,Ultrasound,ICU,1,0,54.9,0
2026-03-23,3,Ultrasound,Maternity,1,0,59.4,0
2026-03-23,3,Ultrasound,Pediatrics,1,0,71.1,0
2026-03-23,3,Pulse Oximeter,Emergency,10,6,66.7,0
2026-03-23,3,Pulse Oximeter,Neurology,10,7,71.3,0
2026-03-23,3,Pulse Oximeter,Orthopedics,10,8,81.0,0
2026-03-24,3,Ventilator,Emergency,3,1,66.0,0
2026-03-24,3,Ventilator,Neurology,3,2,71.0,0
2026-03-24,3,Ventilator,General,3,1,64.1,0
2026-03-24,3,ECG Monitor,Cardiology,5,3,72.5,0
2026-03-24,3,ECG Monitor,Pediatrics,5,3,74.2,0
2026-03-24,3,ECG Monitor,Neurology,5,3,60.5,0
2026-03-24,3,Infusion Pump,Maternity,8,6,81.3,0
2026-03-24,3,Infusion Pump,Orthopedics,8,5,64.5,0
2026-03-24,3,Infusion Pump,ICU,8,6,85.1,0
2026-03-24,3,Infusion Pump,Neurology,8,6,80.5,0
2026-03-24,3,Infusion Pump,Cardiology,8,6,82.2,0
2026-03-24,3,Infusion Pump,Emergency,8,6,87.5,0
2026-03-24,3,Defibrillator,Emergency,2,0,42.7,0
2026-03-24,3,Defibrillator,Oncology,2,0,30.3,0
2026-03-24,3,Defibrillator,General,2,0,40.7,0
2026-03-24,3,Ultrasound,Neurology,1,0,55.9,0
2026-03-24,3,Ultrasound,General,1,0,49.1,0
2026-03-24,3,Ultrasound,ICU,1,0,63.2,0
2026-03-24,3,Pulse Oximeter,Neurology,10,7,77.8,0
2026-03-24,3,Pulse Oximeter,Surgery,10,7,77.4,0
2026-03-24,3,Pulse Oximeter,Oncology,10,7,76.9,0
2026-03-24,3,Pulse Oximeter,Pediatrics,10,7,74.7,0
